VFX Catalog,资产类型,效果名称,标准资产名称,VFX ID,Legacy VFX ID,GameplayTag,Element,Form,Context,Lifecycle,Priority,Effect Type,正式效果,Catalog 状态,历史来源路径,标准目标路径,资产迁移状态
00_Core,NiagaraEmitter,NE_VFX_Fragments,NE_VFX_Fragments,,,,,,,,,,否,SharedAsset,/ModularGameVFX/Niagara/CH06_MagicImpact/Emitters/NE_VFX_CH06_Fragments,/ModularGameVFX/ModularGameVFXLibrary/00_Core/Debris/MagicImpact/NE_VFX_Fragments,已迁移（migration_complete.json）；旧路径已移除
00_Core,NiagaraEffectType,ET_VFX_EnergyOrb,ET_VFX_EnergyOrb,,,,,,,,,,否,SharedAsset,/ModularGameVFX/Niagara/CH03_EnergyOrb/EffectTypes/NET_VFX_CH03_EnergyOrb,/ModularGameVFX/ModularGameVFXLibrary/00_Core/EffectTypes/EnergyOrb/ET_VFX_EnergyOrb,已迁移（migration_complete.json）；旧路径已移除
00_Core,NiagaraEffectType,ET_Fire_Combat,ET_Fire_Combat,,,,,,,,,,否,SharedAsset,/ModularGameVFX/Effects/Fire/Niagara/Scalability/ET_Fire_Combat,/ModularGameVFX/ModularGameVFXLibrary/00_Core/EffectTypes/Fire/ET_Fire_Combat,已迁移（migration_complete.json）；旧路径已移除
00_Core,NiagaraEffectType,ET_VFX_Fire,ET_VFX_Fire,,,,,,,,,,否,SharedAsset,/ModularGameVFX/Niagara/CH14_Fire/EffectTypes/NET_VFX_CH14_Fire,/ModularGameVFX/ModularGameVFXLibrary/00_Core/EffectTypes/Fire/ET_VFX_Fire,已迁移（migration_complete.json）；旧路径已移除
00_Core,NiagaraEffectType,ET_Frost_HeroSpells,ET_Frost_HeroSpells,,,,,,,,,,否,SharedAsset,/ModularGameVFX/Effects/Frost/Niagara/Scalability/ET_Frost_HeroSpells,/ModularGameVFX/ModularGameVFXLibrary/00_Core/EffectTypes/Frost/ET_Frost_HeroSpells,已迁移（migration_complete.json）；旧路径已移除
00_Core,NiagaraEffectType,ET_VFX_GroundAOE,ET_VFX_GroundAOE,,,,,,,,,,否,SharedAsset,/ModularGameVFX/Niagara/CH07_GroundAOE/EffectTypes/NET_VFX_CH07_GroundAOE,/ModularGameVFX/ModularGameVFXLibrary/00_Core/EffectTypes/GroundAOE/ET_VFX_GroundAOE,已迁移（migration_complete.json）；旧路径已移除
00_Core,NiagaraEffectType,ET_VFX_Lightning,ET_VFX_Lightning,,,,,,,,,,否,SharedAsset,/ModularGameVFX/Niagara/CH13_Lightning/EffectTypes/NET_VFX_CH13_Lightning,/ModularGameVFX/ModularGameVFXLibrary/00_Core/EffectTypes/Lightning/ET_VFX_Lightning,已迁移（migration_complete.json）；旧路径已移除
00_Core,NiagaraEffectType,ET_VFX_MagicBeam,ET_VFX_MagicBeam,,,,,,,,,,否,SharedAsset,/ModularGameVFX/Niagara/CH12_MagicBeam/EffectTypes/NET_VFX_CH12_MagicBeam,/ModularGameVFX/ModularGameVFXLibrary/00_Core/EffectTypes/MagicBeam/ET_VFX_MagicBeam,已迁移（migration_complete.json）；旧路径已移除
00_Core,NiagaraEffectType,ET_VFX_MagicCircle,ET_VFX_MagicCircle,,,,,,,,,,否,SharedAsset,/ModularGameVFX/Niagara/CH08_MagicCircle/EffectTypes/NET_VFX_CH08_MagicCircle,/ModularGameVFX/ModularGameVFXLibrary/00_Core/EffectTypes/MagicCircle/ET_VFX_MagicCircle,已迁移（migration_complete.json）；旧路径已移除
00_Core,NiagaraEffectType,ET_VFX_MagicImpact,ET_VFX_MagicImpact,,,,,,,,,,否,SharedAsset,/ModularGameVFX/Niagara/CH06_MagicImpact/EffectTypes/NET_VFX_CH06_MagicImpact,/ModularGameVFX/ModularGameVFXLibrary/00_Core/EffectTypes/MagicImpact/ET_VFX_MagicImpact,已迁移（migration_complete.json）；旧路径已移除
00_Core,NiagaraEffectType,ET_VFX_MagicProjectile,ET_VFX_MagicProjectile,,,,,,,,,,否,SharedAsset,/ModularGameVFX/Niagara/CH04_MagicProjectile/EffectTypes/NET_VFX_CH04_MagicProjectile,/ModularGameVFX/ModularGameVFXLibrary/00_Core/EffectTypes/MagicProjectile/ET_VFX_MagicProjectile,已迁移（migration_complete.json）；旧路径已移除
00_Core,NiagaraEffectType,ET_VFX_MagicShield,ET_VFX_MagicShield,,,,,,,,,,否,SharedAsset,/ModularGameVFX/Niagara/CH11_MagicShield/EffectTypes/NET_VFX_CH11_MagicShield,/ModularGameVFX/ModularGameVFXLibrary/00_Core/EffectTypes/MagicShield/ET_VFX_MagicShield,已迁移（migration_complete.json）；旧路径已移除
00_Core,NiagaraEffectType,ET_VFX_MagicSpark,ET_VFX_MagicSpark,,,,,,,,,,否,SharedAsset,/ModularGameVFX/Niagara/CH01_MagicSpark/EffectTypes/NET_VFX_CH01_MagicSpark,/ModularGameVFX/ModularGameVFXLibrary/00_Core/EffectTypes/MagicSpark/ET_VFX_MagicSpark,已迁移（migration_complete.json）；旧路径已移除
00_Core,NiagaraEffectType,ET_PetalBloom_PetalBloom,ET_PetalBloom_PetalBloom,,,,,,,,,,否,SharedAsset,/ModularGameVFX/Effects/Nature/Niagara/Scalability/ET_PetalBloom_PetalBloom,/ModularGameVFX/ModularGameVFXLibrary/00_Core/EffectTypes/Nature/ET_PetalBloom_PetalBloom,已迁移（migration_complete.json）；旧路径已移除
00_Core,NiagaraEffectType,ET_VFX_Portal,ET_VFX_Portal,,,,,,,,,,否,SharedAsset,/ModularGameVFX/Niagara/CH10_PortalTeleport/EffectTypes/NET_VFX_CH10_Portal,/ModularGameVFX/ModularGameVFXLibrary/00_Core/EffectTypes/PortalTeleport/ET_VFX_Portal,已迁移（migration_complete.json）；旧路径已移除
00_Core,NiagaraEffectType,ET_VFX_Teleport,ET_VFX_Teleport,,,,,,,,,,否,SharedAsset,/ModularGameVFX/Niagara/CH10_PortalTeleport/EffectTypes/NET_VFX_CH10_Teleport,/ModularGameVFX/ModularGameVFXLibrary/00_Core/EffectTypes/PortalTeleport/ET_VFX_Teleport,已迁移（migration_complete.json）；旧路径已移除
00_Core,NiagaraEffectType,ET_VFX_ProjectileTrail,ET_VFX_ProjectileTrail,,,,,,,,,,否,SharedAsset,/ModularGameVFX/Niagara/CH05_ProjectileTrail/EffectTypes/NET_VFX_CH05_ProjectileTrail,/ModularGameVFX/ModularGameVFXLibrary/00_Core/EffectTypes/ProjectileTrail/ET_VFX_ProjectileTrail,已迁移（migration_complete.json）；旧路径已移除
00_Core,NiagaraEffectType,ET_VFX_Summoning,ET_VFX_Summoning,,,,,,,,,,否,SharedAsset,/ModularGameVFX/Niagara/CH09_Summoning/EffectTypes/NET_VFX_CH09_Summoning,/ModularGameVFX/ModularGameVFXLibrary/00_Core/EffectTypes/Summoning/ET_VFX_Summoning,已迁移（migration_complete.json）；旧路径已移除
00_Core,NiagaraEmitter,NE_VFX_Flash,NE_VFX_Flash,,,,,,,,,,否,SharedAsset,/ModularGameVFX/Niagara/CH06_MagicImpact/Emitters/NE_VFX_CH06_Flash,/ModularGameVFX/ModularGameVFXLibrary/00_Core/Glow/MagicImpact/NE_VFX_Flash,已迁移（migration_complete.json）；旧路径已移除
00_Core,NiagaraEmitter,NE_VFX_StarFlash,NE_VFX_StarFlash,,,,,,,,,,否,SharedAsset,/ModularGameVFX/Niagara/CH06_MagicImpact/Emitters/NE_VFX_CH06_StarFlash,/ModularGameVFX/ModularGameVFXLibrary/00_Core/Glow/MagicImpact/NE_VFX_StarFlash,已迁移（migration_complete.json）；旧路径已移除
00_Core,MaterialInstanceConstant,MI_Arcane_Core,MI_Arcane_Core,,,,,,,,,,否,SharedAsset,/ModularGameVFX/Effects/Arcane/Materials/Instances/MI_Arcane_Core,/ModularGameVFX/ModularGameVFXLibrary/00_Core/Materials/Arcane/MI_Arcane_Core,已迁移（migration_complete.json）；旧路径已移除
00_Core,MaterialInstanceConstant,MI_Arcane_ImpactPlasma,MI_Arcane_ImpactPlasma,,,,,,,,,,否,SharedAsset,/ModularGameVFX/Effects/Arcane/Materials/Instances/MI_Arcane_ImpactPlasma,/ModularGameVFX/ModularGameVFXLibrary/00_Core/Materials/Arcane/MI_Arcane_ImpactPlasma,已迁移（migration_complete.json）；旧路径已移除
00_Core,MaterialInstanceConstant,MI_Arcane_Plasma,MI_Arcane_Plasma,,,,,,,,,,否,SharedAsset,/ModularGameVFX/Effects/Arcane/Materials/Instances/MI_Arcane_Plasma,/ModularGameVFX/ModularGameVFXLibrary/00_Core/Materials/Arcane/MI_Arcane_Plasma,已迁移（migration_complete.json）；旧路径已移除
00_Core,MaterialInstanceConstant,MI_Arcane_Ribbon,MI_Arcane_Ribbon,,,,,,,,,,否,SharedAsset,/ModularGameVFX/Effects/Arcane/Materials/Instances/MI_Arcane_Ribbon,/ModularGameVFX/ModularGameVFXLibrary/00_Core/Materials/Arcane/MI_Arcane_Ribbon,已迁移（migration_complete.json）；旧路径已移除
00_Core,MaterialInstanceConstant,MI_Arcane_Seal,MI_Arcane_Seal,,,,,,,,,,否,SharedAsset,/ModularGameVFX/Effects/Arcane/Materials/Instances/MI_Arcane_Seal,/ModularGameVFX/ModularGameVFXLibrary/00_Core/Materials/Arcane/MI_Arcane_Seal,已迁移（migration_complete.json）；旧路径已移除
00_Core,MaterialInstanceConstant,MI_Arcane_Star,MI_Arcane_Star,,,,,,,,,,否,SharedAsset,/ModularGameVFX/Effects/Arcane/Materials/Instances/MI_Arcane_Star,/ModularGameVFX/ModularGameVFXLibrary/00_Core/Materials/Arcane/MI_Arcane_Star,已迁移（migration_complete.json）；旧路径已移除
00_Core,Material,M_Arcane_Energy,M_Arcane_Energy,,,,,,,,,,否,SharedAsset,/ModularGameVFX/Effects/Arcane/Materials/Parents/M_Arcane_Energy,/ModularGameVFX/ModularGameVFXLibrary/00_Core/Materials/Arcane/M_Arcane_Energy,已迁移（migration_complete.json）；旧路径已移除
00_Core,Material,M_Arcane_FlowingWake,M_Arcane_FlowingWake,,,,,,,,,,否,SharedAsset,/ModularGameVFX/Effects/Arcane/Materials/Parents/M_Arcane_FlowingWake,/ModularGameVFX/ModularGameVFXLibrary/00_Core/Materials/Arcane/M_Arcane_FlowingWake,已迁移（migration_complete.json）；旧路径已移除
00_Core,Material,M_Arcane_Plasma,M_Arcane_Plasma,,,,,,,,,,否,SharedAsset,/ModularGameVFX/Effects/Arcane/Materials/Parents/M_Arcane_Plasma,/ModularGameVFX/ModularGameVFXLibrary/00_Core/Materials/Arcane/M_Arcane_Plasma,已迁移（migration_complete.json）；旧路径已移除
00_Core,Material,M_Arcane_Spindle,M_Arcane_Spindle,,,,,,,,,,否,SharedAsset,/ModularGameVFX/Effects/Arcane/Materials/Parents/M_Arcane_Spindle,/ModularGameVFX/ModularGameVFXLibrary/00_Core/Materials/Arcane/M_Arcane_Spindle,已迁移（migration_complete.json）；旧路径已移除
00_Core,MaterialInstanceConstant,MI_VFX_Marker_BossTarget,MI_VFX_Marker_BossTarget,,,,,,,,,,否,SharedAsset,/ModularGameVFX/Materials/CH24_CombatReadability/Instances/MI_VFX_Marker_BossTarget,/ModularGameVFX/ModularGameVFXLibrary/00_Core/Materials/CombatReadability/MI_VFX_Marker_BossTarget,已迁移（migration_complete.json）；旧路径已移除
00_Core,MaterialInstanceConstant,MI_VFX_Marker_Critical,MI_VFX_Marker_Critical,,,,,,,,,,否,SharedAsset,/ModularGameVFX/Materials/CH24_CombatReadability/Instances/MI_VFX_Marker_Critical,/ModularGameVFX/ModularGameVFXLibrary/00_Core/Materials/CombatReadability/MI_VFX_Marker_Critical,已迁移（migration_complete.json）；旧路径已移除
00_Core,MaterialInstanceConstant,MI_VFX_Marker_Target,MI_VFX_Marker_Target,,,,,,,,,,否,SharedAsset,/ModularGameVFX/Materials/CH24_CombatReadability/Instances/MI_VFX_Marker_Target,/ModularGameVFX/ModularGameVFXLibrary/00_Core/Materials/CombatReadability/MI_VFX_Marker_Target,已迁移（migration_complete.json）；旧路径已移除
00_Core,MaterialInstanceConstant,MI_VFX_Telegraph_Circle,MI_VFX_Telegraph_Circle,,,,,,,,,,否,SharedAsset,/ModularGameVFX/Materials/CH24_CombatReadability/Instances/MI_VFX_Telegraph_Circle,/ModularGameVFX/ModularGameVFXLibrary/00_Core/Materials/CombatReadability/MI_VFX_Telegraph_Circle,已迁移（migration_complete.json）；旧路径已移除
00_Core,MaterialInstanceConstant,MI_VFX_Telegraph_Cone,MI_VFX_Telegraph_Cone,,,,,,,,,,否,SharedAsset,/ModularGameVFX/Materials/CH24_CombatReadability/Instances/MI_VFX_Telegraph_Cone,/ModularGameVFX/ModularGameVFXLibrary/00_Core/Materials/CombatReadability/MI_VFX_Telegraph_Cone,已迁移（migration_complete.json）；旧路径已移除
00_Core,MaterialInstanceConstant,MI_VFX_Telegraph_CountdownRadial,MI_VFX_Telegraph_CountdownRadial,,,,,,,,,,否,SharedAsset,/ModularGameVFX/Materials/CH24_CombatReadability/Instances/MI_VFX_Telegraph_CountdownRadial,/ModularGameVFX/ModularGameVFXLibrary/00_Core/Materials/CombatReadability/MI_VFX_Telegraph_CountdownRadial,已迁移（migration_complete.json）；旧路径已移除
00_Core,MaterialInstanceConstant,MI_VFX_Telegraph_Cross,MI_VFX_Telegraph_Cross,,,,,,,,,,否,SharedAsset,/ModularGameVFX/Materials/CH24_CombatReadability/Instances/MI_VFX_Telegraph_Cross,/ModularGameVFX/ModularGameVFXLibrary/00_Core/Materials/CombatReadability/MI_VFX_Telegraph_Cross,已迁移（migration_complete.json）；旧路径已移除
00_Core,MaterialInstanceConstant,MI_VFX_Telegraph_Donut,MI_VFX_Telegraph_Donut,,,,,,,,,,否,SharedAsset,/ModularGameVFX/Materials/CH24_CombatReadability/Instances/MI_VFX_Telegraph_Donut,/ModularGameVFX/ModularGameVFXLibrary/00_Core/Materials/CombatReadability/MI_VFX_Telegraph_Donut,已迁移（migration_complete.json）；旧路径已移除
00_Core,MaterialInstanceConstant,MI_VFX_Telegraph_Forward,MI_VFX_Telegraph_Forward,,,,,,,,,,否,SharedAsset,/ModularGameVFX/Materials/CH24_CombatReadability/Instances/MI_VFX_Telegraph_Forward,/ModularGameVFX/ModularGameVFXLibrary/00_Core/Materials/CombatReadability/MI_VFX_Telegraph_Forward,已迁移（migration_complete.json）；旧路径已移除
00_Core,MaterialInstanceConstant,MI_VFX_Telegraph_Friendly,MI_VFX_Telegraph_Friendly,,,,,,,,,,否,SharedAsset,/ModularGameVFX/Materials/CH24_CombatReadability/Instances/MI_VFX_Telegraph_Friendly,/ModularGameVFX/ModularGameVFXLibrary/00_Core/Materials/CombatReadability/MI_VFX_Telegraph_Friendly,已迁移（migration_complete.json）；旧路径已移除
00_Core,MaterialInstanceConstant,MI_VFX_Telegraph_Healing,MI_VFX_Telegraph_Healing,,,,,,,,,,否,SharedAsset,/ModularGameVFX/Materials/CH24_CombatReadability/Instances/MI_VFX_Telegraph_Healing,/ModularGameVFX/ModularGameVFXLibrary/00_Core/Materials/CombatReadability/MI_VFX_Telegraph_Healing,已迁移（migration_complete.json）；旧路径已移除
00_Core,MaterialInstanceConstant,MI_VFX_Telegraph_Line,MI_VFX_Telegraph_Line,,,,,,,,,,否,SharedAsset,/ModularGameVFX/Materials/CH24_CombatReadability/Instances/MI_VFX_Telegraph_Line,/ModularGameVFX/ModularGameVFXLibrary/00_Core/Materials/CombatReadability/MI_VFX_Telegraph_Line,已迁移（migration_complete.json）；旧路径已移除
00_Core,MaterialInstanceConstant,MI_VFX_Telegraph_Rotate,MI_VFX_Telegraph_Rotate,,,,,,,,,,否,SharedAsset,/ModularGameVFX/Materials/CH24_CombatReadability/Instances/MI_VFX_Telegraph_Rotate,/ModularGameVFX/ModularGameVFXLibrary/00_Core/Materials/CombatReadability/MI_VFX_Telegraph_Rotate,已迁移（migration_complete.json）；旧路径已移除
00_Core,MaterialInstanceConstant,MI_VFX_Telegraph_Sector,MI_VFX_Telegraph_Sector,,,,,,,,,,否,SharedAsset,/ModularGameVFX/Materials/CH24_CombatReadability/Instances/MI_VFX_Telegraph_Sector,/ModularGameVFX/ModularGameVFXLibrary/00_Core/Materials/CombatReadability/MI_VFX_Telegraph_Sector,已迁移（migration_complete.json）；旧路径已移除
00_Core,MaterialInstanceConstant,MI_VFX_Telegraph_Spread,MI_VFX_Telegraph_Spread,,,,,,,,,,否,SharedAsset,/ModularGameVFX/Materials/CH24_CombatReadability/Instances/MI_VFX_Telegraph_Spread,/ModularGameVFX/ModularGameVFXLibrary/00_Core/Materials/CombatReadability/MI_VFX_Telegraph_Spread,已迁移（migration_complete.json）；旧路径已移除
00_Core,MaterialInstanceConstant,MI_VFX_Telegraph_Stack,MI_VFX_Telegraph_Stack,,,,,,,,,,否,SharedAsset,/ModularGameVFX/Materials/CH24_CombatReadability/Instances/MI_VFX_Telegraph_Stack,/ModularGameVFX/ModularGameVFXLibrary/00_Core/Materials/CombatReadability/MI_VFX_Telegraph_Stack,已迁移（migration_complete.json）；旧路径已移除
00_Core,Material,M_VFX_TargetMarker_Master,M_VFX_TargetMarker_Master,,,,,,,,,,否,SharedAsset,/ModularGameVFX/Materials/CH24_CombatReadability/Parents/M_VFX_TargetMarker_Master,/ModularGameVFX/ModularGameVFXLibrary/00_Core/Materials/CombatReadability/M_VFX_TargetMarker_Master,已迁移（migration_complete.json）；旧路径已移除
00_Core,Material,M_VFX_Telegraph_Decal,M_VFX_Telegraph_Decal,,,,,,,,,,否,SharedAsset,/ModularGameVFX/Materials/CH24_CombatReadability/Parents/M_VFX_Telegraph_Decal,/ModularGameVFX/ModularGameVFXLibrary/00_Core/Materials/CombatReadability/M_VFX_Telegraph_Decal,已迁移（migration_complete.json）；旧路径已移除
00_Core,Material,M_VFX_Telegraph_Master,M_VFX_Telegraph_Master,,,,,,,,,,否,SharedAsset,/ModularGameVFX/Materials/CH24_CombatReadability/Parents/M_VFX_Telegraph_Master,/ModularGameVFX/ModularGameVFXLibrary/00_Core/Materials/CombatReadability/M_VFX_Telegraph_Master,已迁移（migration_complete.json）；旧路径已移除
00_Core,Material,M_VFX_Decal_Master,M_VFX_Decal_Master,,,,,,,,,,否,SharedAsset,/ModularGameVFX/Materials/Common/Masters/M_VFX_Decal_Master,/ModularGameVFX/ModularGameVFXLibrary/00_Core/Materials/Common/M_VFX_Decal_Master,已迁移（migration_complete.json）；旧路径已移除
00_Core,Material,M_VFX_Distortion_Master,M_VFX_Distortion_Master,,,,,,,,,,否,SharedAsset,/ModularGameVFX/Materials/Common/Masters/M_VFX_Distortion_Master,/ModularGameVFX/ModularGameVFXLibrary/00_Core/Materials/Common/M_VFX_Distortion_Master,已迁移（migration_complete.json）；旧路径已移除
00_Core,Material,M_VFX_EnergyMesh_Master,M_VFX_EnergyMesh_Master,,,,,,,,,,否,SharedAsset,/ModularGameVFX/Materials/Common/Masters/M_VFX_EnergyMesh_Master,/ModularGameVFX/ModularGameVFXLibrary/00_Core/Materials/Common/M_VFX_EnergyMesh_Master,已迁移（migration_complete.json）；旧路径已移除
00_Core,Material,M_VFX_Flipbook_Additive_Master,M_VFX_Flipbook_Additive_Master,,,,,,,,,,否,SharedAsset,/ModularGameVFX/Materials/Common/Masters/M_VFX_Flipbook_Additive_Master,/ModularGameVFX/ModularGameVFXLibrary/00_Core/Materials/Common/M_VFX_Flipbook_Additive_Master,已迁移（migration_complete.json）；旧路径已移除
00_Core,Material,M_VFX_Flipbook_Translucent_Master,M_VFX_Flipbook_Translucent_Master,,,,,,,,,,否,SharedAsset,/ModularGameVFX/Materials/Common/Masters/M_VFX_Flipbook_Translucent_Master,/ModularGameVFX/ModularGameVFXLibrary/00_Core/Materials/Common/M_VFX_Flipbook_Translucent_Master,已迁移（migration_complete.json）；旧路径已移除
00_Core,Material,M_VFX_Ground_Master,M_VFX_Ground_Master,,,,,,,,,,否,SharedAsset,/ModularGameVFX/Materials/Common/Masters/M_VFX_Ground_Master,/ModularGameVFX/ModularGameVFXLibrary/00_Core/Materials/Common/M_VFX_Ground_Master,已迁移（migration_complete.json）；旧路径已移除
00_Core,Material,M_VFX_Ribbon_Additive_Master,M_VFX_Ribbon_Additive_Master,,,,,,,,,,否,SharedAsset,/ModularGameVFX/Materials/Common/Masters/M_VFX_Ribbon_Additive_Master,/ModularGameVFX/ModularGameVFXLibrary/00_Core/Materials/Common/M_VFX_Ribbon_Additive_Master,已迁移（migration_complete.json）；旧路径已移除
00_Core,Material,M_VFX_Ribbon_Translucent_Master,M_VFX_Ribbon_Translucent_Master,,,,,,,,,,否,SharedAsset,/ModularGameVFX/Materials/Common/Masters/M_VFX_Ribbon_Translucent_Master,/ModularGameVFX/ModularGameVFXLibrary/00_Core/Materials/Common/M_VFX_Ribbon_Translucent_Master,已迁移（migration_complete.json）；旧路径已移除
00_Core,Material,M_VFX_Sprite_Additive_Master,M_VFX_Sprite_Additive_Master,,,,,,,,,,否,SharedAsset,/ModularGameVFX/Materials/Common/Masters/M_VFX_Sprite_Additive_Master,/ModularGameVFX/ModularGameVFXLibrary/00_Core/Materials/Common/M_VFX_Sprite_Additive_Master,已迁移（migration_complete.json）；旧路径已移除
00_Core,Material,M_VFX_Sprite_Translucent_Master,M_VFX_Sprite_Translucent_Master,,,,,,,,,,否,SharedAsset,/ModularGameVFX/Materials/Common/Masters/M_VFX_Sprite_Translucent_Master,/ModularGameVFX/ModularGameVFXLibrary/00_Core/Materials/Common/M_VFX_Sprite_Translucent_Master,已迁移（migration_complete.json）；旧路径已移除
00_Core,Material,M_VFX_Surface_Opaque_Master,M_VFX_Surface_Opaque_Master,,,,,,,,,,否,SharedAsset,/ModularGameVFX/Materials/Common/Masters/M_VFX_Surface_Opaque_Master,/ModularGameVFX/ModularGameVFXLibrary/00_Core/Materials/Common/M_VFX_Surface_Opaque_Master,已迁移（migration_complete.json）；旧路径已移除
00_Core,Material,M_VFX_Surface_Translucent_Master,M_VFX_Surface_Translucent_Master,,,,,,,,,,否,SharedAsset,/ModularGameVFX/Materials/Common/Masters/M_VFX_Surface_Translucent_Master,/ModularGameVFX/ModularGameVFXLibrary/00_Core/Materials/Common/M_VFX_Surface_Translucent_Master,已迁移（migration_complete.json）；旧路径已移除
00_Core,MaterialInstanceConstant,MI_VFX_EnergyOrb_Arc,MI_VFX_EnergyOrb_Arc,,,,,,,,,,否,SharedAsset,/ModularGameVFX/Materials/CH03_EnergyOrb/Instances/MI_VFX_EnergyOrb_Arc,/ModularGameVFX/ModularGameVFXLibrary/00_Core/Materials/EnergyOrb/MI_VFX_EnergyOrb_Arc,已迁移（migration_complete.json）；旧路径已移除
00_Core,MaterialInstanceConstant,MI_VFX_EnergyOrb_Core,MI_VFX_EnergyOrb_Core,,,,,,,,,,否,SharedAsset,/ModularGameVFX/Materials/CH03_EnergyOrb/Instances/MI_VFX_EnergyOrb_Core,/ModularGameVFX/ModularGameVFXLibrary/00_Core/Materials/EnergyOrb/MI_VFX_EnergyOrb_Core,已迁移（migration_complete.json）；旧路径已移除
00_Core,MaterialInstanceConstant,MI_VFX_EnergyOrb_EnergyArc,MI_VFX_EnergyOrb_EnergyArc,,,,,,,,,,否,SharedAsset,/ModularGameVFX/Materials/CH03_EnergyOrb/Instances/MI_VFX_EnergyOrb_EnergyArc,/ModularGameVFX/ModularGameVFXLibrary/00_Core/Materials/EnergyOrb/MI_VFX_EnergyOrb_EnergyArc,已迁移（migration_complete.json）；旧路径已移除
00_Core,MaterialInstanceConstant,MI_VFX_EnergyOrb_GradientSharp,MI_VFX_EnergyOrb_GradientSharp,,,,,,,,,,否,SharedAsset,/ModularGameVFX/Materials/CH03_EnergyOrb/Instances/MI_VFX_EnergyOrb_GradientSharp,/ModularGameVFX/ModularGameVFXLibrary/00_Core/Materials/EnergyOrb/MI_VFX_EnergyOrb_GradientSharp,已迁移（migration_complete.json）；旧路径已移除
00_Core,MaterialInstanceConstant,MI_VFX_EnergyOrb_GradientSoft,MI_VFX_EnergyOrb_GradientSoft,,,,,,,,,,否,SharedAsset,/ModularGameVFX/Materials/CH03_EnergyOrb/Instances/MI_VFX_EnergyOrb_GradientSoft,/ModularGameVFX/ModularGameVFXLibrary/00_Core/Materials/EnergyOrb/MI_VFX_EnergyOrb_GradientSoft,已迁移（migration_complete.json）；旧路径已移除
00_Core,MaterialInstanceConstant,MI_VFX_EnergyOrb_InnerFlow,MI_VFX_EnergyOrb_InnerFlow,,,,,,,,,,否,SharedAsset,/ModularGameVFX/Materials/CH03_EnergyOrb/Instances/MI_VFX_EnergyOrb_InnerFlow,/ModularGameVFX/ModularGameVFXLibrary/00_Core/Materials/EnergyOrb/MI_VFX_EnergyOrb_InnerFlow,已迁移（migration_complete.json）；旧路径已移除
00_Core,MaterialInstanceConstant,MI_VFX_EnergyOrb_Orbit,MI_VFX_EnergyOrb_Orbit,,,,,,,,,,否,SharedAsset,/ModularGameVFX/Materials/CH03_EnergyOrb/Instances/MI_VFX_EnergyOrb_Orbit,/ModularGameVFX/ModularGameVFXLibrary/00_Core/Materials/EnergyOrb/MI_VFX_EnergyOrb_Orbit,已迁移（migration_complete.json）；旧路径已移除
00_Core,MaterialInstanceConstant,MI_VFX_EnergyOrb_OrbitRing,MI_VFX_EnergyOrb_OrbitRing,,,,,,,,,,否,SharedAsset,/ModularGameVFX/Materials/CH03_EnergyOrb/Instances/MI_VFX_EnergyOrb_OrbitRing,/ModularGameVFX/ModularGameVFXLibrary/00_Core/Materials/EnergyOrb/MI_VFX_EnergyOrb_OrbitRing,已迁移（migration_complete.json）；旧路径已移除
00_Core,MaterialInstanceConstant,MI_VFX_EnergyOrb_Shell,MI_VFX_EnergyOrb_Shell,,,,,,,,,,否,SharedAsset,/ModularGameVFX/Materials/CH03_EnergyOrb/Instances/MI_VFX_EnergyOrb_Shell,/ModularGameVFX/ModularGameVFXLibrary/00_Core/Materials/EnergyOrb/MI_VFX_EnergyOrb_Shell,已迁移（migration_complete.json）；旧路径已移除
00_Core,MaterialInstanceConstant,MI_VFX_EnergyOrb_ShellBreakup,MI_VFX_EnergyOrb_ShellBreakup,,,,,,,,,,否,SharedAsset,/ModularGameVFX/Materials/CH03_EnergyOrb/Instances/MI_VFX_EnergyOrb_ShellBreakup,/ModularGameVFX/ModularGameVFXLibrary/00_Core/Materials/EnergyOrb/MI_VFX_EnergyOrb_ShellBreakup,已迁移（migration_complete.json）；旧路径已移除
00_Core,Material,M_VFX_EnergyOrb_Core,M_VFX_EnergyOrb_Core,,,,,,,,,,否,SharedAsset,/ModularGameVFX/Materials/CH03_EnergyOrb/Parents/M_VFX_EnergyOrb_Core,/ModularGameVFX/ModularGameVFXLibrary/00_Core/Materials/EnergyOrb/M_VFX_EnergyOrb_Core,已迁移（migration_complete.json）；旧路径已移除
00_Core,Material,M_VFX_EnergyOrb_InnerFlow,M_VFX_EnergyOrb_InnerFlow,,,,,,,,,,否,SharedAsset,/ModularGameVFX/Materials/CH03_EnergyOrb/Parents/M_VFX_EnergyOrb_InnerFlow,/ModularGameVFX/ModularGameVFXLibrary/00_Core/Materials/EnergyOrb/M_VFX_EnergyOrb_InnerFlow,已迁移（migration_complete.json）；旧路径已移除
00_Core,Material,M_VFX_EnergyOrb_Ring,M_VFX_EnergyOrb_Ring,,,,,,,,,,否,SharedAsset,/ModularGameVFX/Materials/CH03_EnergyOrb/Parents/M_VFX_EnergyOrb_Ring,/ModularGameVFX/ModularGameVFXLibrary/00_Core/Materials/EnergyOrb/M_VFX_EnergyOrb_Ring,已迁移（migration_complete.json）；旧路径已移除
00_Core,Material,M_VFX_EnergyOrb_Shell,M_VFX_EnergyOrb_Shell,,,,,,,,,,否,SharedAsset,/ModularGameVFX/Materials/CH03_EnergyOrb/Parents/M_VFX_EnergyOrb_Shell,/ModularGameVFX/ModularGameVFXLibrary/00_Core/Materials/EnergyOrb/M_VFX_EnergyOrb_Shell,已迁移（migration_complete.json）；旧路径已移除
00_Core,Material,M_VFX_EnergyOrb_Sprite,M_VFX_EnergyOrb_Sprite,,,,,,,,,,否,SharedAsset,/ModularGameVFX/Materials/CH03_EnergyOrb/Parents/M_VFX_EnergyOrb_Sprite,/ModularGameVFX/ModularGameVFXLibrary/00_Core/Materials/EnergyOrb/M_VFX_EnergyOrb_Sprite,已迁移（migration_complete.json）；旧路径已移除
00_Core,MaterialInstanceConstant,MI_VFX_BlizzardMist,MI_VFX_BlizzardMist,,,,,,,,,,否,SharedAsset,/ModularGameVFX/Materials/CH23_Environment/Instances/MI_VFX_BlizzardMist,/ModularGameVFX/ModularGameVFXLibrary/00_Core/Materials/Environment/MI_VFX_BlizzardMist,已迁移（migration_complete.json）；旧路径已移除
00_Core,MaterialInstanceConstant,MI_VFX_DarkSky,MI_VFX_DarkSky,,,,,,,,,,否,SharedAsset,/ModularGameVFX/Materials/CH23_Environment/Instances/MI_VFX_DarkSky,/ModularGameVFX/ModularGameVFXLibrary/00_Core/Materials/Environment/MI_VFX_DarkSky,已迁移（migration_complete.json）；旧路径已移除
00_Core,MaterialInstanceConstant,MI_VFX_MagicStorm,MI_VFX_MagicStorm,,,,,,,,,,否,SharedAsset,/ModularGameVFX/Materials/CH23_Environment/Instances/MI_VFX_MagicStorm,/ModularGameVFX/ModularGameVFXLibrary/00_Core/Materials/Environment/MI_VFX_MagicStorm,已迁移（migration_complete.json）；旧路径已移除
00_Core,MaterialInstanceConstant,MI_VFX_MeteorSurface,MI_VFX_MeteorSurface,,,,,,,,,,否,SharedAsset,/ModularGameVFX/Materials/CH23_Environment/Instances/MI_VFX_MeteorSurface,/ModularGameVFX/ModularGameVFXLibrary/00_Core/Materials/Environment/MI_VFX_MeteorSurface,已迁移（migration_complete.json）；旧路径已移除
00_Core,MaterialInstanceConstant,MI_VFX_MeteorTrail,MI_VFX_MeteorTrail,,,,,,,,,,否,SharedAsset,/ModularGameVFX/Materials/CH23_Environment/Instances/MI_VFX_MeteorTrail,/ModularGameVFX/ModularGameVFXLibrary/00_Core/Materials/Environment/MI_VFX_MeteorTrail,已迁移（migration_complete.json）；旧路径已移除
00_Core,MaterialInstanceConstant,MI_VFX_RainDrop,MI_VFX_RainDrop,,,,,,,,,,否,SharedAsset,/ModularGameVFX/Materials/CH23_Environment/Instances/MI_VFX_RainDrop,/ModularGameVFX/ModularGameVFXLibrary/00_Core/Materials/Environment/MI_VFX_RainDrop,已迁移（migration_complete.json）；旧路径已移除
00_Core,MaterialInstanceConstant,MI_VFX_Starfall,MI_VFX_Starfall,,,,,,,,,,否,SharedAsset,/ModularGameVFX/Materials/CH23_Environment/Instances/MI_VFX_Starfall,/ModularGameVFX/ModularGameVFXLibrary/00_Core/Materials/Environment/MI_VFX_Starfall,已迁移（migration_complete.json）；旧路径已移除
00_Core,MaterialInstanceConstant,MI_VFX_StormCloud,MI_VFX_StormCloud,,,,,,,,,,否,SharedAsset,/ModularGameVFX/Materials/CH23_Environment/Instances/MI_VFX_StormCloud,/ModularGameVFX/ModularGameVFXLibrary/00_Core/Materials/Environment/MI_VFX_StormCloud,已迁移（migration_complete.json）；旧路径已移除
00_Core,Material,M_VFX_DarkSky,M_VFX_DarkSky,,,,,,,,,,否,SharedAsset,/ModularGameVFX/Materials/CH23_Environment/Parents/M_VFX_DarkSky,/ModularGameVFX/ModularGameVFXLibrary/00_Core/Materials/Environment/M_VFX_DarkSky,已迁移（migration_complete.json）；旧路径已移除
00_Core,Material,M_VFX_Environment_Mist,M_VFX_Environment_Mist,,,,,,,,,,否,SharedAsset,/ModularGameVFX/Materials/CH23_Environment/Parents/M_VFX_Environment_Mist,/ModularGameVFX/ModularGameVFXLibrary/00_Core/Materials/Environment/M_VFX_Environment_Mist,已迁移（migration_complete.json）；旧路径已移除
00_Core,Material,M_VFX_MagicStorm,M_VFX_MagicStorm,,,,,,,,,,否,SharedAsset,/ModularGameVFX/Materials/CH23_Environment/Parents/M_VFX_MagicStorm,/ModularGameVFX/ModularGameVFXLibrary/00_Core/Materials/Environment/M_VFX_MagicStorm,已迁移（migration_complete.json）；旧路径已移除
00_Core,Material,M_VFX_Meteor_Surface,M_VFX_Meteor_Surface,,,,,,,,,,否,SharedAsset,/ModularGameVFX/Materials/CH23_Environment/Parents/M_VFX_Meteor_Surface,/ModularGameVFX/ModularGameVFXLibrary/00_Core/Materials/Environment/M_VFX_Meteor_Surface,已迁移（migration_complete.json）；旧路径已移除
00_Core,Material,M_VFX_Meteor_Trail,M_VFX_Meteor_Trail,,,,,,,,,,否,SharedAsset,/ModularGameVFX/Materials/CH23_Environment/Parents/M_VFX_Meteor_Trail,/ModularGameVFX/ModularGameVFXLibrary/00_Core/Materials/Environment/M_VFX_Meteor_Trail,已迁移（migration_complete.json）；旧路径已移除
00_Core,Material,M_VFX_Starfall,M_VFX_Starfall,,,,,,,,,,否,SharedAsset,/ModularGameVFX/Materials/CH23_Environment/Parents/M_VFX_Starfall,/ModularGameVFX/ModularGameVFXLibrary/00_Core/Materials/Environment/M_VFX_Starfall,已迁移（migration_complete.json）；旧路径已移除
00_Core,Material,M_VFX_Storm_Cloud,M_VFX_Storm_Cloud,,,,,,,,,,否,SharedAsset,/ModularGameVFX/Materials/CH23_Environment/Parents/M_VFX_Storm_Cloud,/ModularGameVFX/ModularGameVFXLibrary/00_Core/Materials/Environment/M_VFX_Storm_Cloud,已迁移（migration_complete.json）；旧路径已移除
00_Core,Material,M_VFX_Weather_Sprite,M_VFX_Weather_Sprite,,,,,,,,,,否,SharedAsset,/ModularGameVFX/Materials/CH23_Environment/Parents/M_VFX_Weather_Sprite,/ModularGameVFX/ModularGameVFXLibrary/00_Core/Materials/Environment/M_VFX_Weather_Sprite,已迁移（migration_complete.json）；旧路径已移除
00_Core,MaterialInstanceConstant,MI_VFX_Fel_Burst,MI_VFX_Fel_Burst,,,,,,,,,,否,SharedAsset,/ModularGameVFX/Materials/CH17_FelDemon/Instances/MI_VFX_Fel_Burst,/ModularGameVFX/ModularGameVFXLibrary/00_Core/Materials/FelDemon/MI_VFX_Fel_Burst,已迁移（migration_complete.json）；旧路径已移除
00_Core,MaterialInstanceConstant,MI_VFX_Fel_Corruption,MI_VFX_Fel_Corruption,,,,,,,,,,否,SharedAsset,/ModularGameVFX/Materials/CH17_FelDemon/Instances/MI_VFX_Fel_Corruption,/ModularGameVFX/ModularGameVFXLibrary/00_Core/Materials/FelDemon/MI_VFX_Fel_Corruption,已迁移（migration_complete.json）；旧路径已移除
00_Core,MaterialInstanceConstant,MI_VFX_Fel_Flame01,MI_VFX_Fel_Flame01,,,,,,,,,,否,SharedAsset,/ModularGameVFX/Materials/CH17_FelDemon/Instances/MI_VFX_Fel_Flame01,/ModularGameVFX/ModularGameVFXLibrary/00_Core/Materials/FelDemon/MI_VFX_Fel_Flame01,已迁移（migration_complete.json）；旧路径已移除
00_Core,MaterialInstanceConstant,MI_VFX_Fel_PortalEdge,MI_VFX_Fel_PortalEdge,,,,,,,,,,否,SharedAsset,/ModularGameVFX/Materials/CH17_FelDemon/Instances/MI_VFX_Fel_PortalEdge,/ModularGameVFX/ModularGameVFXLibrary/00_Core/Materials/FelDemon/MI_VFX_Fel_PortalEdge,已迁移（migration_complete.json）；旧路径已移除
00_Core,MaterialInstanceConstant,MI_VFX_Fel_Runes01,MI_VFX_Fel_Runes01,,,,,,,,,,否,SharedAsset,/ModularGameVFX/Materials/CH17_FelDemon/Instances/MI_VFX_Fel_Runes01,/ModularGameVFX/ModularGameVFXLibrary/00_Core/Materials/FelDemon/MI_VFX_Fel_Runes01,已迁移（migration_complete.json）；旧路径已移除
00_Core,MaterialInstanceConstant,MI_VFX_Fel_Smoke,MI_VFX_Fel_Smoke,,,,,,,,,,否,SharedAsset,/ModularGameVFX/Materials/CH17_FelDemon/Instances/MI_VFX_Fel_Smoke,/ModularGameVFX/ModularGameVFXLibrary/00_Core/Materials/FelDemon/MI_VFX_Fel_Smoke,已迁移（migration_complete.json）；旧路径已移除
00_Core,Material,M_VFX_Fel_Corruption,M_VFX_Fel_Corruption,,,,,,,,,,否,SharedAsset,/ModularGameVFX/Materials/CH17_FelDemon/Parents/M_VFX_Fel_Corruption,/ModularGameVFX/ModularGameVFXLibrary/00_Core/Materials/FelDemon/M_VFX_Fel_Corruption,已迁移（migration_complete.json）；旧路径已移除
00_Core,Material,M_VFX_Fel_Flame,M_VFX_Fel_Flame,,,,,,,,,,否,SharedAsset,/ModularGameVFX/Materials/CH17_FelDemon/Parents/M_VFX_Fel_Flame,/ModularGameVFX/ModularGameVFXLibrary/00_Core/Materials/FelDemon/M_VFX_Fel_Flame,已迁移（migration_complete.json）；旧路径已移除
00_Core,Material,M_VFX_Fel_PortalEdge,M_VFX_Fel_PortalEdge,,,,,,,,,,否,SharedAsset,/ModularGameVFX/Materials/CH17_FelDemon/Parents/M_VFX_Fel_PortalEdge,/ModularGameVFX/ModularGameVFXLibrary/00_Core/Materials/FelDemon/M_VFX_Fel_PortalEdge,已迁移（migration_complete.json）；旧路径已移除
00_Core,Material,M_VFX_Fel_Rune,M_VFX_Fel_Rune,,,,,,,,,,否,SharedAsset,/ModularGameVFX/Materials/CH17_FelDemon/Parents/M_VFX_Fel_Rune,/ModularGameVFX/ModularGameVFXLibrary/00_Core/Materials/FelDemon/M_VFX_Fel_Rune,已迁移（migration_complete.json）；旧路径已移除
00_Core,Material,M_VFX_Fel_Smoke,M_VFX_Fel_Smoke,,,,,,,,,,否,SharedAsset,/ModularGameVFX/Materials/CH17_FelDemon/Parents/M_VFX_Fel_Smoke,/ModularGameVFX/ModularGameVFXLibrary/00_Core/Materials/FelDemon/M_VFX_Fel_Smoke,已迁移（migration_complete.json）；旧路径已移除
00_Core,MaterialInstanceConstant,MI_Fire_CrownDetail,MI_Fire_CrownDetail,,,,,,,,,,否,SharedAsset,/ModularGameVFX/Effects/Fire/Materials/Instances/MI_Fire_CrownDetail,/ModularGameVFX/ModularGameVFXLibrary/00_Core/Materials/Fire/MI_Fire_CrownDetail,已迁移（migration_complete.json）；旧路径已移除
00_Core,MaterialInstanceConstant,MI_Fire_Ember,MI_Fire_Ember,,,,,,,,,,否,SharedAsset,/ModularGameVFX/Effects/Fire/Materials/Instances/MI_Fire_Ember,/ModularGameVFX/ModularGameVFXLibrary/00_Core/Materials/Fire/MI_Fire_Ember,已迁移（migration_complete.json）；旧路径已移除
00_Core,MaterialInstanceConstant,MI_Fire_Emberbed,MI_Fire_Emberbed,,,,,,,,,,否,SharedAsset,/ModularGameVFX/Effects/Fire/Materials/Instances/MI_Fire_Emberbed,/ModularGameVFX/ModularGameVFXLibrary/00_Core/Materials/Fire/MI_Fire_Emberbed,已迁移（migration_complete.json）；旧路径已移除
00_Core,MaterialInstanceConstant,MI_Fire_FlipbookCore,MI_Fire_FlipbookCore,,,,,,,,,,否,SharedAsset,/ModularGameVFX/Effects/Fire/Materials/Instances/MI_Fire_FlipbookCore,/ModularGameVFX/ModularGameVFXLibrary/00_Core/Materials/Fire/MI_Fire_FlipbookCore,已迁移（migration_complete.json）；旧路径已移除
00_Core,MaterialInstanceConstant,MI_Fire_FlipbookPlume,MI_Fire_FlipbookPlume,,,,,,,,,,否,SharedAsset,/ModularGameVFX/Effects/Fire/Materials/Instances/MI_Fire_FlipbookPlume,/ModularGameVFX/ModularGameVFXLibrary/00_Core/Materials/Fire/MI_Fire_FlipbookPlume,已迁移（migration_complete.json）；旧路径已移除
00_Core,MaterialInstanceConstant,MI_Fire_Ring,MI_Fire_Ring,,,,,,,,,,否,SharedAsset,/ModularGameVFX/Effects/Fire/Materials/Instances/MI_Fire_Ring,/ModularGameVFX/ModularGameVFXLibrary/00_Core/Materials/Fire/MI_Fire_Ring,已迁移（migration_complete.json）；旧路径已移除
00_Core,MaterialInstanceConstant,MI_Fire_ShellDetail,MI_Fire_ShellDetail,,,,,,,,,,否,SharedAsset,/ModularGameVFX/Effects/Fire/Materials/Instances/MI_Fire_ShellDetail,/ModularGameVFX/ModularGameVFXLibrary/00_Core/Materials/Fire/MI_Fire_ShellDetail,已迁移（migration_complete.json）；旧路径已移除
00_Core,MaterialInstanceConstant,MI_Fire_Smoke,MI_Fire_Smoke,,,,,,,,,,否,SharedAsset,/ModularGameVFX/Effects/Fire/Materials/Instances/MI_Fire_Smoke,/ModularGameVFX/ModularGameVFXLibrary/00_Core/Materials/Fire/MI_Fire_Smoke,已迁移（migration_complete.json）；旧路径已移除
00_Core,MaterialInstanceConstant,MI_VFX_Fire_BurnDecal,MI_VFX_Fire_BurnDecal,,,,,,,,,,否,SharedAsset,/ModularGameVFX/Materials/CH14_Fire/Instances/MI_VFX_Fire_BurnDecal,/ModularGameVFX/ModularGameVFXLibrary/00_Core/Materials/Fire/MI_VFX_Fire_BurnDecal,已迁移（migration_complete.json）；旧路径已移除
00_Core,MaterialInstanceConstant,MI_VFX_Fire_Burst,MI_VFX_Fire_Burst,,,,,,,,,,否,SharedAsset,/ModularGameVFX/Materials/CH14_Fire/Instances/MI_VFX_Fire_Burst,/ModularGameVFX/ModularGameVFXLibrary/00_Core/Materials/Fire/MI_VFX_Fire_Burst,已迁移（migration_complete.json）；旧路径已移除
00_Core,MaterialInstanceConstant,MI_VFX_Fire_Ember,MI_VFX_Fire_Ember,,,,,,,,,,否,SharedAsset,/ModularGameVFX/Materials/CH14_Fire/Instances/MI_VFX_Fire_Ember,/ModularGameVFX/ModularGameVFXLibrary/00_Core/Materials/Fire/MI_VFX_Fire_Ember,已迁移（migration_complete.json）；旧路径已移除
00_Core,MaterialInstanceConstant,MI_VFX_Fire_Explosion,MI_VFX_Fire_Explosion,,,,,,,,,,否,SharedAsset,/ModularGameVFX/Materials/CH14_Fire/Instances/MI_VFX_Fire_Explosion,/ModularGameVFX/ModularGameVFXLibrary/00_Core/Materials/Fire/MI_VFX_Fire_Explosion,已迁移（migration_complete.json）；旧路径已移除
00_Core,MaterialInstanceConstant,MI_VFX_Fire_Flame4x4,MI_VFX_Fire_Flame4x4,,,,,,,,,,否,SharedAsset,/ModularGameVFX/Materials/CH14_Fire/Instances/MI_VFX_Fire_Flame4x4,/ModularGameVFX/ModularGameVFXLibrary/00_Core/Materials/Fire/MI_VFX_Fire_Flame4x4,已迁移（migration_complete.json）；旧路径已移除
00_Core,MaterialInstanceConstant,MI_VFX_Fire_Flame8x8_01,MI_VFX_Fire_Flame8x8_01,,,,,,,,,,否,SharedAsset,/ModularGameVFX/Materials/CH14_Fire/Instances/MI_VFX_Fire_Flame8x8_01,/ModularGameVFX/ModularGameVFXLibrary/00_Core/Materials/Fire/MI_VFX_Fire_Flame8x8_01,已迁移（migration_complete.json）；旧路径已移除
00_Core,MaterialInstanceConstant,MI_VFX_Fire_Heat01,MI_VFX_Fire_Heat01,,,,,,,,,,否,SharedAsset,/ModularGameVFX/Materials/CH14_Fire/Instances/MI_VFX_Fire_Heat01,/ModularGameVFX/ModularGameVFXLibrary/00_Core/Materials/Fire/MI_VFX_Fire_Heat01,已迁移（migration_complete.json）；旧路径已移除
00_Core,MaterialInstanceConstant,MI_VFX_Fire_Lava,MI_VFX_Fire_Lava,,,,,,,,,,否,SharedAsset,/ModularGameVFX/Materials/CH14_Fire/Instances/MI_VFX_Fire_Lava,/ModularGameVFX/ModularGameVFXLibrary/00_Core/Materials/Fire/MI_VFX_Fire_Lava,已迁移（migration_complete.json）；旧路径已移除
00_Core,MaterialInstanceConstant,MI_VFX_Fire_LavaCrackDecal,MI_VFX_Fire_LavaCrackDecal,,,,,,,,,,否,SharedAsset,/ModularGameVFX/Materials/CH14_Fire/Instances/MI_VFX_Fire_LavaCrackDecal,/ModularGameVFX/ModularGameVFXLibrary/00_Core/Materials/Fire/MI_VFX_Fire_LavaCrackDecal,已迁移（migration_complete.json）；旧路径已移除
00_Core,MaterialInstanceConstant,MI_VFX_Fire_Smoke01,MI_VFX_Fire_Smoke01,,,,,,,,,,否,SharedAsset,/ModularGameVFX/Materials/CH14_Fire/Instances/MI_VFX_Fire_Smoke01,/ModularGameVFX/ModularGameVFXLibrary/00_Core/Materials/Fire/MI_VFX_Fire_Smoke01,已迁移（migration_complete.json）；旧路径已移除
00_Core,MaterialInstanceConstant,MI_VFX_Fire_Smoke8x8_01,MI_VFX_Fire_Smoke8x8_01,,,,,,,,,,否,SharedAsset,/ModularGameVFX/Materials/CH14_Fire/Instances/MI_VFX_Fire_Smoke8x8_01,/ModularGameVFX/ModularGameVFXLibrary/00_Core/Materials/Fire/MI_VFX_Fire_Smoke8x8_01,已迁移（migration_complete.json）；旧路径已移除
00_Core,Material,M_Fire_Additive,M_Fire_Additive,,,,,,,,,,否,SharedAsset,/ModularGameVFX/Effects/Fire/Materials/Parents/M_Fire_Additive,/ModularGameVFX/ModularGameVFXLibrary/00_Core/Materials/Fire/M_Fire_Additive,已迁移（migration_complete.json）；旧路径已移除
00_Core,Material,M_Fire_Flame,M_Fire_Flame,,,,,,,,,,否,SharedAsset,/ModularGameVFX/Effects/Fire/Materials/Parents/M_Fire_Flame,/ModularGameVFX/ModularGameVFXLibrary/00_Core/Materials/Fire/M_Fire_Flame,已迁移（migration_complete.json）；旧路径已移除
00_Core,Material,M_Fire_FlameFlipbook_SubUV,M_Fire_FlameFlipbook_SubUV,,,,,,,,,,否,SharedAsset,/ModularGameVFX/Effects/Fire/Materials/Parents/M_Fire_FlameFlipbook_SubUV,/ModularGameVFX/ModularGameVFXLibrary/00_Core/Materials/Fire/M_Fire_FlameFlipbook_SubUV,已迁移（migration_complete.json）；旧路径已移除
00_Core,Material,M_Fire_Ribbon,M_Fire_Ribbon,,,,,,,,,,否,SharedAsset,/ModularGameVFX/Effects/Fire/Materials/Parents/M_Fire_Ribbon,/ModularGameVFX/ModularGameVFXLibrary/00_Core/Materials/Fire/M_Fire_Ribbon,已迁移（migration_complete.json）；旧路径已移除
00_Core,Material,M_Fire_Smoke,M_Fire_Smoke,,,,,,,,,,否,SharedAsset,/ModularGameVFX/Effects/Fire/Materials/Parents/M_Fire_Smoke,/ModularGameVFX/ModularGameVFXLibrary/00_Core/Materials/Fire/M_Fire_Smoke,已迁移（migration_complete.json）；旧路径已移除
00_Core,Material,M_VFX_Fire_Ember,M_VFX_Fire_Ember,,,,,,,,,,否,SharedAsset,/ModularGameVFX/Materials/CH14_Fire/Parents/M_VFX_Fire_Ember,/ModularGameVFX/ModularGameVFXLibrary/00_Core/Materials/Fire/M_VFX_Fire_Ember,已迁移（migration_complete.json）；旧路径已移除
00_Core,Material,M_VFX_Fire_Flipbook,M_VFX_Fire_Flipbook,,,,,,,,,,否,SharedAsset,/ModularGameVFX/Materials/CH14_Fire/Parents/M_VFX_Fire_Flipbook,/ModularGameVFX/ModularGameVFXLibrary/00_Core/Materials/Fire/M_VFX_Fire_Flipbook,已迁移（migration_complete.json）；旧路径已移除
00_Core,Material,M_VFX_Fire_Ground,M_VFX_Fire_Ground,,,,,,,,,,否,SharedAsset,/ModularGameVFX/Materials/CH14_Fire/Parents/M_VFX_Fire_Ground,/ModularGameVFX/ModularGameVFXLibrary/00_Core/Materials/Fire/M_VFX_Fire_Ground,已迁移（migration_complete.json）；旧路径已移除
00_Core,Material,M_VFX_Fire_HeatDistortion,M_VFX_Fire_HeatDistortion,,,,,,,,,,否,SharedAsset,/ModularGameVFX/Materials/CH14_Fire/Parents/M_VFX_Fire_HeatDistortion,/ModularGameVFX/ModularGameVFXLibrary/00_Core/Materials/Fire/M_VFX_Fire_HeatDistortion,已迁移（migration_complete.json）；旧路径已移除
00_Core,Material,M_VFX_Fire_Smoke,M_VFX_Fire_Smoke,,,,,,,,,,否,SharedAsset,/ModularGameVFX/Materials/CH14_Fire/Parents/M_VFX_Fire_Smoke,/ModularGameVFX/ModularGameVFXLibrary/00_Core/Materials/Fire/M_VFX_Fire_Smoke,已迁移（migration_complete.json）；旧路径已移除
00_Core,Material,M_VFX_Fire_SmokeFlipbook,M_VFX_Fire_SmokeFlipbook,,,,,,,,,,否,SharedAsset,/ModularGameVFX/Materials/CH14_Fire/Parents/M_VFX_Fire_SmokeFlipbook,/ModularGameVFX/ModularGameVFXLibrary/00_Core/Materials/Fire/M_VFX_Fire_SmokeFlipbook,已迁移（migration_complete.json）；旧路径已移除
00_Core,Material,M_VFX_Lava_Master,M_VFX_Lava_Master,,,,,,,,,,否,SharedAsset,/ModularGameVFX/Materials/CH14_Fire/Parents/M_VFX_Lava_Master,/ModularGameVFX/ModularGameVFXLibrary/00_Core/Materials/Fire/M_VFX_Lava_Master,已迁移（migration_complete.json）；旧路径已移除
00_Core,MaterialInstanceConstant,MI_Frost_ArcaneSeal,MI_Frost_ArcaneSeal,,,,,,,,,,否,SharedAsset,/ModularGameVFX/Effects/Frost/Materials/Instances/MI_Frost_ArcaneSeal,/ModularGameVFX/ModularGameVFXLibrary/00_Core/Materials/Frost/MI_Frost_ArcaneSeal,已迁移（migration_complete.json）；旧路径已移除
00_Core,MaterialInstanceConstant,MI_Frost_Core,MI_Frost_Core,,,,,,,,,,否,SharedAsset,/ModularGameVFX/Effects/Frost/Materials/Instances/MI_Frost_Core,/ModularGameVFX/ModularGameVFXLibrary/00_Core/Materials/Frost/MI_Frost_Core,已迁移（migration_complete.json）；旧路径已移除
00_Core,MaterialInstanceConstant,MI_Frost_Dendrite,MI_Frost_Dendrite,,,,,,,,,,否,SharedAsset,/ModularGameVFX/Effects/Frost/Materials/Instances/MI_Frost_Dendrite,/ModularGameVFX/ModularGameVFXLibrary/00_Core/Materials/Frost/MI_Frost_Dendrite,已迁移（migration_complete.json）；旧路径已移除
00_Core,MaterialInstanceConstant,MI_Frost_FrostWisp,MI_Frost_FrostWisp,,,,,,,,,,否,SharedAsset,/ModularGameVFX/Effects/Frost/Materials/Instances/MI_Frost_FrostWisp,/ModularGameVFX/ModularGameVFXLibrary/00_Core/Materials/Frost/MI_Frost_FrostWisp,已迁移（migration_complete.json）；旧路径已移除
00_Core,MaterialInstanceConstant,MI_Frost_GlacialCrown,MI_Frost_GlacialCrown,,,,,,,,,,否,SharedAsset,/ModularGameVFX/Effects/Frost/Materials/Instances/MI_Frost_GlacialCrown,/ModularGameVFX/ModularGameVFXLibrary/00_Core/Materials/Frost/MI_Frost_GlacialCrown,已迁移（migration_complete.json）；旧路径已移除
00_Core,MaterialInstanceConstant,MI_Frost_Glint,MI_Frost_Glint,,,,,,,,,,否,SharedAsset,/ModularGameVFX/Effects/Frost/Materials/Instances/MI_Frost_Glint,/ModularGameVFX/ModularGameVFXLibrary/00_Core/Materials/Frost/MI_Frost_Glint,已迁移（migration_complete.json）；旧路径已移除
00_Core,MaterialInstanceConstant,MI_Frost_GroundFracture,MI_Frost_GroundFracture,,,,,,,,,,否,SharedAsset,/ModularGameVFX/Effects/Frost/Materials/Instances/MI_Frost_GroundFracture,/ModularGameVFX/ModularGameVFXLibrary/00_Core/Materials/Frost/MI_Frost_GroundFracture,已迁移（migration_complete.json）；旧路径已移除
00_Core,MaterialInstanceConstant,MI_Frost_HeroPlume,MI_Frost_HeroPlume,,,,,,,,,,否,SharedAsset,/ModularGameVFX/Effects/Frost/Materials/Instances/MI_Frost_HeroPlume,/ModularGameVFX/ModularGameVFXLibrary/00_Core/Materials/Frost/MI_Frost_HeroPlume,已迁移（migration_complete.json）；旧路径已移除
00_Core,MaterialInstanceConstant,MI_Frost_LanceIce,MI_Frost_LanceIce,,,,,,,,,,否,SharedAsset,/ModularGameVFX/Effects/Frost/Materials/Instances/MI_Frost_LanceIce,/ModularGameVFX/ModularGameVFXLibrary/00_Core/Materials/Frost/MI_Frost_LanceIce,已迁移（migration_complete.json）；旧路径已移除
00_Core,MaterialInstanceConstant,MI_Frost_Mist,MI_Frost_Mist,,,,,,,,,,否,SharedAsset,/ModularGameVFX/Effects/Frost/Materials/Instances/MI_Frost_Mist,/ModularGameVFX/ModularGameVFXLibrary/00_Core/Materials/Frost/MI_Frost_Mist,已迁移（migration_complete.json）；旧路径已移除
00_Core,MaterialInstanceConstant,MI_Frost_NovaIce,MI_Frost_NovaIce,,,,,,,,,,否,SharedAsset,/ModularGameVFX/Effects/Frost/Materials/Instances/MI_Frost_NovaIce,/ModularGameVFX/ModularGameVFXLibrary/00_Core/Materials/Frost/MI_Frost_NovaIce,已迁移（migration_complete.json）；旧路径已移除
00_Core,MaterialInstanceConstant,MI_Frost_Ribbon,MI_Frost_Ribbon,,,,,,,,,,否,SharedAsset,/ModularGameVFX/Effects/Frost/Materials/Instances/MI_Frost_Ribbon,/ModularGameVFX/ModularGameVFXLibrary/00_Core/Materials/Frost/MI_Frost_Ribbon,已迁移（migration_complete.json）；旧路径已移除
00_Core,MaterialInstanceConstant,MI_Frost_RibbonWhite,MI_Frost_RibbonWhite,,,,,,,,,,否,SharedAsset,/ModularGameVFX/Effects/Frost/Materials/Instances/MI_Frost_RibbonWhite,/ModularGameVFX/ModularGameVFXLibrary/00_Core/Materials/Frost/MI_Frost_RibbonWhite,已迁移（migration_complete.json）；旧路径已移除
00_Core,MaterialInstanceConstant,MI_Frost_ShardSprite,MI_Frost_ShardSprite,,,,,,,,,,否,SharedAsset,/ModularGameVFX/Effects/Frost/Materials/Instances/MI_Frost_ShardSprite,/ModularGameVFX/ModularGameVFXLibrary/00_Core/Materials/Frost/MI_Frost_ShardSprite,已迁移（migration_complete.json）；旧路径已移除
00_Core,MaterialInstanceConstant,MI_Frost_ShockRing,MI_Frost_ShockRing,,,,,,,,,,否,SharedAsset,/ModularGameVFX/Effects/Frost/Materials/Instances/MI_Frost_ShockRing,/ModularGameVFX/ModularGameVFXLibrary/00_Core/Materials/Frost/MI_Frost_ShockRing,已迁移（migration_complete.json）；旧路径已移除
00_Core,MaterialInstanceConstant,MI_Frost_Stream,MI_Frost_Stream,,,,,,,,,,否,SharedAsset,/ModularGameVFX/Effects/Frost/Materials/Instances/MI_Frost_Stream,/ModularGameVFX/ModularGameVFXLibrary/00_Core/Materials/Frost/MI_Frost_Stream,已迁移（migration_complete.json）；旧路径已移除
00_Core,Material,M_Frost_ColdVapor,M_Frost_ColdVapor,,,,,,,,,,否,SharedAsset,/ModularGameVFX/Effects/Frost/Materials/Parents/M_Frost_ColdVapor,/ModularGameVFX/ModularGameVFXLibrary/00_Core/Materials/Frost/M_Frost_ColdVapor,已迁移（migration_complete.json）；旧路径已移除
00_Core,Material,M_Frost_CrystallineIce,M_Frost_CrystallineIce,,,,,,,,,,否,SharedAsset,/ModularGameVFX/Effects/Frost/Materials/Parents/M_Frost_CrystallineIce,/ModularGameVFX/ModularGameVFXLibrary/00_Core/Materials/Frost/M_Frost_CrystallineIce,已迁移（migration_complete.json）；旧路径已移除
00_Core,Material,M_Frost_FacetedIce,M_Frost_FacetedIce,,,,,,,,,,否,SharedAsset,/ModularGameVFX/Effects/Frost/Materials/Parents/M_Frost_FacetedIce,/ModularGameVFX/ModularGameVFXLibrary/00_Core/Materials/Frost/M_Frost_FacetedIce,已迁移（migration_complete.json）；旧路径已移除
00_Core,Material,M_Frost_FrozenStone,M_Frost_FrozenStone,,,,,,,,,,否,SharedAsset,/ModularGameVFX/Effects/Frost/Materials/Parents/M_Frost_FrozenStone,/ModularGameVFX/ModularGameVFXLibrary/00_Core/Materials/Frost/M_Frost_FrozenStone,已迁移（migration_complete.json）；旧路径已移除
00_Core,Material,M_Frost_GroundFrost,M_Frost_GroundFrost,,,,,,,,,,否,SharedAsset,/ModularGameVFX/Effects/Frost/Materials/Parents/M_Frost_GroundFrost,/ModularGameVFX/ModularGameVFXLibrary/00_Core/Materials/Frost/M_Frost_GroundFrost,已迁移（migration_complete.json）；旧路径已移除
00_Core,Material,M_Frost_HeroPlume,M_Frost_HeroPlume,,,,,,,,,,否,SharedAsset,/ModularGameVFX/Effects/Frost/Materials/Parents/M_Frost_HeroPlume,/ModularGameVFX/ModularGameVFXLibrary/00_Core/Materials/Frost/M_Frost_HeroPlume,已迁移（migration_complete.json）；旧路径已移除
00_Core,Material,M_Frost_LuminousParticle,M_Frost_LuminousParticle,,,,,,,,,,否,SharedAsset,/ModularGameVFX/Effects/Frost/Materials/Parents/M_Frost_LuminousParticle,/ModularGameVFX/ModularGameVFXLibrary/00_Core/Materials/Frost/M_Frost_LuminousParticle,已迁移（migration_complete.json）；旧路径已移除
00_Core,Material,M_Frost_Ribbon,M_Frost_Ribbon,,,,,,,,,,否,SharedAsset,/ModularGameVFX/Effects/Frost/Materials/Parents/M_Frost_Ribbon,/ModularGameVFX/ModularGameVFXLibrary/00_Core/Materials/Frost/M_Frost_Ribbon,已迁移（migration_complete.json）；旧路径已移除
00_Core,MaterialInstanceConstant,MI_VFX_Frost_Crack_Mesh,MI_VFX_Frost_Crack_Mesh,,,,,,,,,,否,SharedAsset,/ModularGameVFX/Materials/CH15_FrostIce/Instances/MI_VFX_Frost_Crack_Mesh,/ModularGameVFX/ModularGameVFXLibrary/00_Core/Materials/FrostIce/MI_VFX_Frost_Crack_Mesh,已迁移（migration_complete.json）；旧路径已移除
00_Core,MaterialInstanceConstant,MI_VFX_Frost_Crack_Runtime,MI_VFX_Frost_Crack_Runtime,,,,,,,,,,否,SharedAsset,/ModularGameVFX/Materials/CH15_FrostIce/Instances/MI_VFX_Frost_Crack_Runtime,/ModularGameVFX/ModularGameVFXLibrary/00_Core/Materials/FrostIce/MI_VFX_Frost_Crack_Runtime,已迁移（migration_complete.json）；旧路径已移除
00_Core,MaterialInstanceConstant,MI_VFX_Frost_Crack_Sprite,MI_VFX_Frost_Crack_Sprite,,,,,,,,,,否,SharedAsset,/ModularGameVFX/Materials/CH15_FrostIce/Instances/MI_VFX_Frost_Crack_Sprite,/ModularGameVFX/ModularGameVFXLibrary/00_Core/Materials/FrostIce/MI_VFX_Frost_Crack_Sprite,已迁移（migration_complete.json）；旧路径已移除
00_Core,MaterialInstanceConstant,MI_VFX_Frost_Glint,MI_VFX_Frost_Glint,,,,,,,,,,否,SharedAsset,/ModularGameVFX/Materials/CH15_FrostIce/Instances/MI_VFX_Frost_Glint,/ModularGameVFX/ModularGameVFXLibrary/00_Core/Materials/FrostIce/MI_VFX_Frost_Glint,已迁移（migration_complete.json）；旧路径已移除
00_Core,MaterialInstanceConstant,MI_VFX_Frost_Ground,MI_VFX_Frost_Ground,,,,,,,,,,否,SharedAsset,/ModularGameVFX/Materials/CH15_FrostIce/Instances/MI_VFX_Frost_Ground,/ModularGameVFX/ModularGameVFXLibrary/00_Core/Materials/FrostIce/MI_VFX_Frost_Ground,已迁移（migration_complete.json）；旧路径已移除
00_Core,MaterialInstanceConstant,MI_VFX_Frost_Ground_Runtime,MI_VFX_Frost_Ground_Runtime,,,,,,,,,,否,SharedAsset,/ModularGameVFX/Materials/CH15_FrostIce/Instances/MI_VFX_Frost_Ground_Runtime,/ModularGameVFX/ModularGameVFXLibrary/00_Core/Materials/FrostIce/MI_VFX_Frost_Ground_Runtime,已迁移（migration_complete.json）；旧路径已移除
00_Core,MaterialInstanceConstant,MI_VFX_Frost_Mist01,MI_VFX_Frost_Mist01,,,,,,,,,,否,SharedAsset,/ModularGameVFX/Materials/CH15_FrostIce/Instances/MI_VFX_Frost_Mist01,/ModularGameVFX/ModularGameVFXLibrary/00_Core/Materials/FrostIce/MI_VFX_Frost_Mist01,已迁移（migration_complete.json）；旧路径已移除
00_Core,MaterialInstanceConstant,MI_VFX_Frost_Mist_Runtime,MI_VFX_Frost_Mist_Runtime,,,,,,,,,,否,SharedAsset,/ModularGameVFX/Materials/CH15_FrostIce/Instances/MI_VFX_Frost_Mist_Runtime,/ModularGameVFX/ModularGameVFXLibrary/00_Core/Materials/FrostIce/MI_VFX_Frost_Mist_Runtime,已迁移（migration_complete.json）；旧路径已移除
00_Core,MaterialInstanceConstant,MI_VFX_Frost_Ring,MI_VFX_Frost_Ring,,,,,,,,,,否,SharedAsset,/ModularGameVFX/Materials/CH15_FrostIce/Instances/MI_VFX_Frost_Ring,/ModularGameVFX/ModularGameVFXLibrary/00_Core/Materials/FrostIce/MI_VFX_Frost_Ring,已迁移（migration_complete.json）；旧路径已移除
00_Core,MaterialInstanceConstant,MI_VFX_Frost_Ring_Mesh,MI_VFX_Frost_Ring_Mesh,,,,,,,,,,否,SharedAsset,/ModularGameVFX/Materials/CH15_FrostIce/Instances/MI_VFX_Frost_Ring_Mesh,/ModularGameVFX/ModularGameVFXLibrary/00_Core/Materials/FrostIce/MI_VFX_Frost_Ring_Mesh,已迁移（migration_complete.json）；旧路径已移除
00_Core,MaterialInstanceConstant,MI_VFX_Frost_Ring_Runtime,MI_VFX_Frost_Ring_Runtime,,,,,,,,,,否,SharedAsset,/ModularGameVFX/Materials/CH15_FrostIce/Instances/MI_VFX_Frost_Ring_Runtime,/ModularGameVFX/ModularGameVFXLibrary/00_Core/Materials/FrostIce/MI_VFX_Frost_Ring_Runtime,已迁移（migration_complete.json）；旧路径已移除
00_Core,MaterialInstanceConstant,MI_VFX_Frost_Snow01,MI_VFX_Frost_Snow01,,,,,,,,,,否,SharedAsset,/ModularGameVFX/Materials/CH15_FrostIce/Instances/MI_VFX_Frost_Snow01,/ModularGameVFX/ModularGameVFXLibrary/00_Core/Materials/FrostIce/MI_VFX_Frost_Snow01,已迁移（migration_complete.json）；旧路径已移除
00_Core,MaterialInstanceConstant,MI_VFX_Frost_Spark,MI_VFX_Frost_Spark,,,,,,,,,,否,SharedAsset,/ModularGameVFX/Materials/CH15_FrostIce/Instances/MI_VFX_Frost_Spark,/ModularGameVFX/ModularGameVFXLibrary/00_Core/Materials/FrostIce/MI_VFX_Frost_Spark,已迁移（migration_complete.json）；旧路径已移除
00_Core,MaterialInstanceConstant,MI_VFX_Frostbolt_Trail,MI_VFX_Frostbolt_Trail,,,,,,,,,,否,SharedAsset,/ModularGameVFX/Materials/CH15_FrostIce/Instances/MI_VFX_Frostbolt_Trail,/ModularGameVFX/ModularGameVFXLibrary/00_Core/Materials/FrostIce/MI_VFX_Frostbolt_Trail,已迁移（migration_complete.json）；旧路径已移除
00_Core,MaterialInstanceConstant,MI_VFX_Ice_Base,MI_VFX_Ice_Base,,,,,,,,,,否,SharedAsset,/ModularGameVFX/Materials/CH15_FrostIce/Instances/MI_VFX_Ice_Base,/ModularGameVFX/ModularGameVFXLibrary/00_Core/Materials/FrostIce/MI_VFX_Ice_Base,已迁移（migration_complete.json）；旧路径已移除
00_Core,MaterialInstanceConstant,MI_VFX_Ice_Cracked,MI_VFX_Ice_Cracked,,,,,,,,,,否,SharedAsset,/ModularGameVFX/Materials/CH15_FrostIce/Instances/MI_VFX_Ice_Cracked,/ModularGameVFX/ModularGameVFXLibrary/00_Core/Materials/FrostIce/MI_VFX_Ice_Cracked,已迁移（migration_complete.json）；旧路径已移除
00_Core,MaterialInstanceConstant,MI_VFX_Ice_FrostboltCore,MI_VFX_Ice_FrostboltCore,,,,,,,,,,否,SharedAsset,/ModularGameVFX/Materials/CH15_FrostIce/Instances/MI_VFX_Ice_FrostboltCore,/ModularGameVFX/ModularGameVFXLibrary/00_Core/Materials/FrostIce/MI_VFX_Ice_FrostboltCore,已迁移（migration_complete.json）；旧路径已移除
00_Core,MaterialInstanceConstant,MI_VFX_Ice_Frosted,MI_VFX_Ice_Frosted,,,,,,,,,,否,SharedAsset,/ModularGameVFX/Materials/CH15_FrostIce/Instances/MI_VFX_Ice_Frosted,/ModularGameVFX/ModularGameVFXLibrary/00_Core/Materials/FrostIce/MI_VFX_Ice_Frosted,已迁移（migration_complete.json）；旧路径已移除
00_Core,MaterialInstanceConstant,MI_VFX_Ice_NovaSpike,MI_VFX_Ice_NovaSpike,,,,,,,,,,否,SharedAsset,/ModularGameVFX/Materials/CH15_FrostIce/Instances/MI_VFX_Ice_NovaSpike,/ModularGameVFX/ModularGameVFXLibrary/00_Core/Materials/FrostIce/MI_VFX_Ice_NovaSpike,已迁移（migration_complete.json）；旧路径已移除
00_Core,MaterialInstanceConstant,MI_VFX_Ice_Shard,MI_VFX_Ice_Shard,,,,,,,,,,否,SharedAsset,/ModularGameVFX/Materials/CH15_FrostIce/Instances/MI_VFX_Ice_Shard,/ModularGameVFX/ModularGameVFXLibrary/00_Core/Materials/FrostIce/MI_VFX_Ice_Shard,已迁移（migration_complete.json）；旧路径已移除
00_Core,Material,M_VFX_Frost_DiscMesh,M_VFX_Frost_DiscMesh,,,,,,,,,,否,SharedAsset,/ModularGameVFX/Materials/CH15_FrostIce/Parents/M_VFX_Frost_DiscMesh,/ModularGameVFX/ModularGameVFXLibrary/00_Core/Materials/FrostIce/M_VFX_Frost_DiscMesh,已迁移（migration_complete.json）；旧路径已移除
00_Core,Material,M_VFX_Frost_Glint,M_VFX_Frost_Glint,,,,,,,,,,否,SharedAsset,/ModularGameVFX/Materials/CH15_FrostIce/Parents/M_VFX_Frost_Glint,/ModularGameVFX/ModularGameVFXLibrary/00_Core/Materials/FrostIce/M_VFX_Frost_Glint,已迁移（migration_complete.json）；旧路径已移除
00_Core,Material,M_VFX_Frost_Ground,M_VFX_Frost_Ground,,,,,,,,,,否,SharedAsset,/ModularGameVFX/Materials/CH15_FrostIce/Parents/M_VFX_Frost_Ground,/ModularGameVFX/ModularGameVFXLibrary/00_Core/Materials/FrostIce/M_VFX_Frost_Ground,已迁移（migration_complete.json）；旧路径已移除
00_Core,Material,M_VFX_Frost_Ground_Runtime,M_VFX_Frost_Ground_Runtime,,,,,,,,,,否,SharedAsset,/ModularGameVFX/Materials/CH15_FrostIce/Parents/M_VFX_Frost_Ground_Runtime,/ModularGameVFX/ModularGameVFXLibrary/00_Core/Materials/FrostIce/M_VFX_Frost_Ground_Runtime,已迁移（migration_complete.json）；旧路径已移除
00_Core,Material,M_VFX_Frost_Mist,M_VFX_Frost_Mist,,,,,,,,,,否,SharedAsset,/ModularGameVFX/Materials/CH15_FrostIce/Parents/M_VFX_Frost_Mist,/ModularGameVFX/ModularGameVFXLibrary/00_Core/Materials/FrostIce/M_VFX_Frost_Mist,已迁移（migration_complete.json）；旧路径已移除
00_Core,Material,M_VFX_Frost_Mist_Runtime,M_VFX_Frost_Mist_Runtime,,,,,,,,,,否,SharedAsset,/ModularGameVFX/Materials/CH15_FrostIce/Parents/M_VFX_Frost_Mist_Runtime,/ModularGameVFX/ModularGameVFXLibrary/00_Core/Materials/FrostIce/M_VFX_Frost_Mist_Runtime,已迁移（migration_complete.json）；旧路径已移除
00_Core,Material,M_VFX_Frost_Ring_Runtime,M_VFX_Frost_Ring_Runtime,,,,,,,,,,否,SharedAsset,/ModularGameVFX/Materials/CH15_FrostIce/Parents/M_VFX_Frost_Ring_Runtime,/ModularGameVFX/ModularGameVFXLibrary/00_Core/Materials/FrostIce/M_VFX_Frost_Ring_Runtime,已迁移（migration_complete.json）；旧路径已移除
00_Core,Material,M_VFX_Frost_Snow,M_VFX_Frost_Snow,,,,,,,,,,否,SharedAsset,/ModularGameVFX/Materials/CH15_FrostIce/Parents/M_VFX_Frost_Snow,/ModularGameVFX/ModularGameVFXLibrary/00_Core/Materials/FrostIce/M_VFX_Frost_Snow,已迁移（migration_complete.json）；旧路径已移除
00_Core,Material,M_VFX_Frost_Spark,M_VFX_Frost_Spark,,,,,,,,,,否,SharedAsset,/ModularGameVFX/Materials/CH15_FrostIce/Parents/M_VFX_Frost_Spark,/ModularGameVFX/ModularGameVFXLibrary/00_Core/Materials/FrostIce/M_VFX_Frost_Spark,已迁移（migration_complete.json）；旧路径已移除
00_Core,Material,M_VFX_Frostbolt_Trail,M_VFX_Frostbolt_Trail,,,,,,,,,,否,SharedAsset,/ModularGameVFX/Materials/CH15_FrostIce/Parents/M_VFX_Frostbolt_Trail,/ModularGameVFX/ModularGameVFXLibrary/00_Core/Materials/FrostIce/M_VFX_Frostbolt_Trail,已迁移（migration_complete.json）；旧路径已移除
00_Core,Material,M_VFX_Ice_Master,M_VFX_Ice_Master,,,,,,,,,,否,SharedAsset,/ModularGameVFX/Materials/CH15_FrostIce/Parents/M_VFX_Ice_Master,/ModularGameVFX/ModularGameVFXLibrary/00_Core/Materials/FrostIce/M_VFX_Ice_Master,已迁移（migration_complete.json）；旧路径已移除
00_Core,MaterialInstanceConstant,MI_VFX_AOE_Circle,MI_VFX_AOE_Circle,,,,,,,,,,否,SharedAsset,/ModularGameVFX/Materials/CH07_GroundAOE/Instances/MI_VFX_AOE_Circle,/ModularGameVFX/ModularGameVFXLibrary/00_Core/Materials/GroundAOE/MI_VFX_AOE_Circle,已迁移（migration_complete.json）；旧路径已移除
00_Core,MaterialInstanceConstant,MI_VFX_AOE_CircleSoft,MI_VFX_AOE_CircleSoft,,,,,,,,,,否,SharedAsset,/ModularGameVFX/Materials/CH07_GroundAOE/Instances/MI_VFX_AOE_CircleSoft,/ModularGameVFX/ModularGameVFXLibrary/00_Core/Materials/GroundAOE/MI_VFX_AOE_CircleSoft,已迁移（migration_complete.json）；旧路径已移除
00_Core,MaterialInstanceConstant,MI_VFX_AOE_Countdown,MI_VFX_AOE_Countdown,,,,,,,,,,否,SharedAsset,/ModularGameVFX/Materials/CH07_GroundAOE/Instances/MI_VFX_AOE_Countdown,/ModularGameVFX/ModularGameVFXLibrary/00_Core/Materials/GroundAOE/MI_VFX_AOE_Countdown,已迁移（migration_complete.json）；旧路径已移除
00_Core,MaterialInstanceConstant,MI_VFX_AOE_Cross,MI_VFX_AOE_Cross,,,,,,,,,,否,SharedAsset,/ModularGameVFX/Materials/CH07_GroundAOE/Instances/MI_VFX_AOE_Cross,/ModularGameVFX/ModularGameVFXLibrary/00_Core/Materials/GroundAOE/MI_VFX_AOE_Cross,已迁移（migration_complete.json）；旧路径已移除
00_Core,MaterialInstanceConstant,MI_VFX_AOE_Donut,MI_VFX_AOE_Donut,,,,,,,,,,否,SharedAsset,/ModularGameVFX/Materials/CH07_GroundAOE/Instances/MI_VFX_AOE_Donut,/ModularGameVFX/ModularGameVFXLibrary/00_Core/Materials/GroundAOE/MI_VFX_AOE_Donut,已迁移（migration_complete.json）；旧路径已移除
00_Core,MaterialInstanceConstant,MI_VFX_AOE_DoubleRing,MI_VFX_AOE_DoubleRing,,,,,,,,,,否,SharedAsset,/ModularGameVFX/Materials/CH07_GroundAOE/Instances/MI_VFX_AOE_DoubleRing,/ModularGameVFX/ModularGameVFXLibrary/00_Core/Materials/GroundAOE/MI_VFX_AOE_DoubleRing,已迁移（migration_complete.json）；旧路径已移除
00_Core,MaterialInstanceConstant,MI_VFX_AOE_Inward,MI_VFX_AOE_Inward,,,,,,,,,,否,SharedAsset,/ModularGameVFX/Materials/CH07_GroundAOE/Instances/MI_VFX_AOE_Inward,/ModularGameVFX/ModularGameVFXLibrary/00_Core/Materials/GroundAOE/MI_VFX_AOE_Inward,已迁移（migration_complete.json）；旧路径已移除
00_Core,MaterialInstanceConstant,MI_VFX_AOE_Line,MI_VFX_AOE_Line,,,,,,,,,,否,SharedAsset,/ModularGameVFX/Materials/CH07_GroundAOE/Instances/MI_VFX_AOE_Line,/ModularGameVFX/ModularGameVFXLibrary/00_Core/Materials/GroundAOE/MI_VFX_AOE_Line,已迁移（migration_complete.json）；旧路径已移除
00_Core,MaterialInstanceConstant,MI_VFX_AOE_Outward,MI_VFX_AOE_Outward,,,,,,,,,,否,SharedAsset,/ModularGameVFX/Materials/CH07_GroundAOE/Instances/MI_VFX_AOE_Outward,/ModularGameVFX/ModularGameVFXLibrary/00_Core/Materials/GroundAOE/MI_VFX_AOE_Outward,已迁移（migration_complete.json）；旧路径已移除
00_Core,MaterialInstanceConstant,MI_VFX_AOE_Ring,MI_VFX_AOE_Ring,,,,,,,,,,否,SharedAsset,/ModularGameVFX/Materials/CH07_GroundAOE/Instances/MI_VFX_AOE_Ring,/ModularGameVFX/ModularGameVFXLibrary/00_Core/Materials/GroundAOE/MI_VFX_AOE_Ring,已迁移（migration_complete.json）；旧路径已移除
00_Core,MaterialInstanceConstant,MI_VFX_AOE_Sector,MI_VFX_AOE_Sector,,,,,,,,,,否,SharedAsset,/ModularGameVFX/Materials/CH07_GroundAOE/Instances/MI_VFX_AOE_Sector,/ModularGameVFX/ModularGameVFXLibrary/00_Core/Materials/GroundAOE/MI_VFX_AOE_Sector,已迁移（migration_complete.json）；旧路径已移除
00_Core,MaterialInstanceConstant,MI_VFX_GroundAOE_ArrowInward_Decal,MI_VFX_GroundAOE_ArrowInward_Decal,,,,,,,,,,否,SharedAsset,/ModularGameVFX/Materials/CH07_GroundAOE/Instances/MI_VFX_GroundAOE_ArrowInward_Decal,/ModularGameVFX/ModularGameVFXLibrary/00_Core/Materials/GroundAOE/MI_VFX_GroundAOE_ArrowInward_Decal,已迁移（migration_complete.json）；旧路径已移除
00_Core,MaterialInstanceConstant,MI_VFX_GroundAOE_ArrowInward_Glow,MI_VFX_GroundAOE_ArrowInward_Glow,,,,,,,,,,否,SharedAsset,/ModularGameVFX/Materials/CH07_GroundAOE/Instances/MI_VFX_GroundAOE_ArrowInward_Glow,/ModularGameVFX/ModularGameVFXLibrary/00_Core/Materials/GroundAOE/MI_VFX_GroundAOE_ArrowInward_Glow,已迁移（migration_complete.json）；旧路径已移除
00_Core,MaterialInstanceConstant,MI_VFX_GroundAOE_ArrowOutward_Decal,MI_VFX_GroundAOE_ArrowOutward_Decal,,,,,,,,,,否,SharedAsset,/ModularGameVFX/Materials/CH07_GroundAOE/Instances/MI_VFX_GroundAOE_ArrowOutward_Decal,/ModularGameVFX/ModularGameVFXLibrary/00_Core/Materials/GroundAOE/MI_VFX_GroundAOE_ArrowOutward_Decal,已迁移（migration_complete.json）；旧路径已移除
00_Core,MaterialInstanceConstant,MI_VFX_GroundAOE_ArrowOutward_Glow,MI_VFX_GroundAOE_ArrowOutward_Glow,,,,,,,,,,否,SharedAsset,/ModularGameVFX/Materials/CH07_GroundAOE/Instances/MI_VFX_GroundAOE_ArrowOutward_Glow,/ModularGameVFX/ModularGameVFXLibrary/00_Core/Materials/GroundAOE/MI_VFX_GroundAOE_ArrowOutward_Glow,已迁移（migration_complete.json）；旧路径已移除
00_Core,MaterialInstanceConstant,MI_VFX_GroundAOE_CircleSoft_Decal,MI_VFX_GroundAOE_CircleSoft_Decal,,,,,,,,,,否,SharedAsset,/ModularGameVFX/Materials/CH07_GroundAOE/Instances/MI_VFX_GroundAOE_CircleSoft_Decal,/ModularGameVFX/ModularGameVFXLibrary/00_Core/Materials/GroundAOE/MI_VFX_GroundAOE_CircleSoft_Decal,已迁移（migration_complete.json）；旧路径已移除
00_Core,MaterialInstanceConstant,MI_VFX_GroundAOE_CircleSoft_Glow,MI_VFX_GroundAOE_CircleSoft_Glow,,,,,,,,,,否,SharedAsset,/ModularGameVFX/Materials/CH07_GroundAOE/Instances/MI_VFX_GroundAOE_CircleSoft_Glow,/ModularGameVFX/ModularGameVFXLibrary/00_Core/Materials/GroundAOE/MI_VFX_GroundAOE_CircleSoft_Glow,已迁移（migration_complete.json）；旧路径已移除
00_Core,MaterialInstanceConstant,MI_VFX_GroundAOE_Circle_Decal,MI_VFX_GroundAOE_Circle_Decal,,,,,,,,,,否,SharedAsset,/ModularGameVFX/Materials/CH07_GroundAOE/Instances/MI_VFX_GroundAOE_Circle_Decal,/ModularGameVFX/ModularGameVFXLibrary/00_Core/Materials/GroundAOE/MI_VFX_GroundAOE_Circle_Decal,已迁移（migration_complete.json）；旧路径已移除
00_Core,MaterialInstanceConstant,MI_VFX_GroundAOE_Circle_Glow,MI_VFX_GroundAOE_Circle_Glow,,,,,,,,,,否,SharedAsset,/ModularGameVFX/Materials/CH07_GroundAOE/Instances/MI_VFX_GroundAOE_Circle_Glow,/ModularGameVFX/ModularGameVFXLibrary/00_Core/Materials/GroundAOE/MI_VFX_GroundAOE_Circle_Glow,已迁移（migration_complete.json）；旧路径已移除
00_Core,MaterialInstanceConstant,MI_VFX_GroundAOE_Countdown_Decal,MI_VFX_GroundAOE_Countdown_Decal,,,,,,,,,,否,SharedAsset,/ModularGameVFX/Materials/CH07_GroundAOE/Instances/MI_VFX_GroundAOE_Countdown_Decal,/ModularGameVFX/ModularGameVFXLibrary/00_Core/Materials/GroundAOE/MI_VFX_GroundAOE_Countdown_Decal,已迁移（migration_complete.json）；旧路径已移除
00_Core,MaterialInstanceConstant,MI_VFX_GroundAOE_Countdown_Glow,MI_VFX_GroundAOE_Countdown_Glow,,,,,,,,,,否,SharedAsset,/ModularGameVFX/Materials/CH07_GroundAOE/Instances/MI_VFX_GroundAOE_Countdown_Glow,/ModularGameVFX/ModularGameVFXLibrary/00_Core/Materials/GroundAOE/MI_VFX_GroundAOE_Countdown_Glow,已迁移（migration_complete.json）；旧路径已移除
00_Core,MaterialInstanceConstant,MI_VFX_GroundAOE_Cross_Decal,MI_VFX_GroundAOE_Cross_Decal,,,,,,,,,,否,SharedAsset,/ModularGameVFX/Materials/CH07_GroundAOE/Instances/MI_VFX_GroundAOE_Cross_Decal,/ModularGameVFX/ModularGameVFXLibrary/00_Core/Materials/GroundAOE/MI_VFX_GroundAOE_Cross_Decal,已迁移（migration_complete.json）；旧路径已移除
00_Core,MaterialInstanceConstant,MI_VFX_GroundAOE_Cross_Glow,MI_VFX_GroundAOE_Cross_Glow,,,,,,,,,,否,SharedAsset,/ModularGameVFX/Materials/CH07_GroundAOE/Instances/MI_VFX_GroundAOE_Cross_Glow,/ModularGameVFX/ModularGameVFXLibrary/00_Core/Materials/GroundAOE/MI_VFX_GroundAOE_Cross_Glow,已迁移（migration_complete.json）；旧路径已移除
00_Core,MaterialInstanceConstant,MI_VFX_GroundAOE_Donut_Decal,MI_VFX_GroundAOE_Donut_Decal,,,,,,,,,,否,SharedAsset,/ModularGameVFX/Materials/CH07_GroundAOE/Instances/MI_VFX_GroundAOE_Donut_Decal,/ModularGameVFX/ModularGameVFXLibrary/00_Core/Materials/GroundAOE/MI_VFX_GroundAOE_Donut_Decal,已迁移（migration_complete.json）；旧路径已移除
00_Core,MaterialInstanceConstant,MI_VFX_GroundAOE_Donut_Glow,MI_VFX_GroundAOE_Donut_Glow,,,,,,,,,,否,SharedAsset,/ModularGameVFX/Materials/CH07_GroundAOE/Instances/MI_VFX_GroundAOE_Donut_Glow,/ModularGameVFX/ModularGameVFXLibrary/00_Core/Materials/GroundAOE/MI_VFX_GroundAOE_Donut_Glow,已迁移（migration_complete.json）；旧路径已移除
00_Core,MaterialInstanceConstant,MI_VFX_GroundAOE_DoubleRing_Decal,MI_VFX_GroundAOE_DoubleRing_Decal,,,,,,,,,,否,SharedAsset,/ModularGameVFX/Materials/CH07_GroundAOE/Instances/MI_VFX_GroundAOE_DoubleRing_Decal,/ModularGameVFX/ModularGameVFXLibrary/00_Core/Materials/GroundAOE/MI_VFX_GroundAOE_DoubleRing_Decal,已迁移（migration_complete.json）；旧路径已移除
00_Core,MaterialInstanceConstant,MI_VFX_GroundAOE_DoubleRing_Glow,MI_VFX_GroundAOE_DoubleRing_Glow,,,,,,,,,,否,SharedAsset,/ModularGameVFX/Materials/CH07_GroundAOE/Instances/MI_VFX_GroundAOE_DoubleRing_Glow,/ModularGameVFX/ModularGameVFXLibrary/00_Core/Materials/GroundAOE/MI_VFX_GroundAOE_DoubleRing_Glow,已迁移（migration_complete.json）；旧路径已移除
00_Core,MaterialInstanceConstant,MI_VFX_GroundAOE_Line_Decal,MI_VFX_GroundAOE_Line_Decal,,,,,,,,,,否,SharedAsset,/ModularGameVFX/Materials/CH07_GroundAOE/Instances/MI_VFX_GroundAOE_Line_Decal,/ModularGameVFX/ModularGameVFXLibrary/00_Core/Materials/GroundAOE/MI_VFX_GroundAOE_Line_Decal,已迁移（migration_complete.json）；旧路径已移除
00_Core,MaterialInstanceConstant,MI_VFX_GroundAOE_Line_Glow,MI_VFX_GroundAOE_Line_Glow,,,,,,,,,,否,SharedAsset,/ModularGameVFX/Materials/CH07_GroundAOE/Instances/MI_VFX_GroundAOE_Line_Glow,/ModularGameVFX/ModularGameVFXLibrary/00_Core/Materials/GroundAOE/MI_VFX_GroundAOE_Line_Glow,已迁移（migration_complete.json）；旧路径已移除
00_Core,MaterialInstanceConstant,MI_VFX_GroundAOE_NiagaraBoundary,MI_VFX_GroundAOE_NiagaraBoundary,,,,,,,,,,否,SharedAsset,/ModularGameVFX/Materials/CH07_GroundAOE/Instances/MI_VFX_GroundAOE_NiagaraBoundary,/ModularGameVFX/ModularGameVFXLibrary/00_Core/Materials/GroundAOE/MI_VFX_GroundAOE_NiagaraBoundary,已迁移（migration_complete.json）；旧路径已移除
00_Core,MaterialInstanceConstant,MI_VFX_GroundAOE_NiagaraCountdown,MI_VFX_GroundAOE_NiagaraCountdown,,,,,,,,,,否,SharedAsset,/ModularGameVFX/Materials/CH07_GroundAOE/Instances/MI_VFX_GroundAOE_NiagaraCountdown,/ModularGameVFX/ModularGameVFXLibrary/00_Core/Materials/GroundAOE/MI_VFX_GroundAOE_NiagaraCountdown,已迁移（migration_complete.json）；旧路径已移除
00_Core,MaterialInstanceConstant,MI_VFX_GroundAOE_NiagaraFill,MI_VFX_GroundAOE_NiagaraFill,,,,,,,,,,否,SharedAsset,/ModularGameVFX/Materials/CH07_GroundAOE/Instances/MI_VFX_GroundAOE_NiagaraFill,/ModularGameVFX/ModularGameVFXLibrary/00_Core/Materials/GroundAOE/MI_VFX_GroundAOE_NiagaraFill,已迁移（migration_complete.json）；旧路径已移除
00_Core,MaterialInstanceConstant,MI_VFX_GroundAOE_Ring_Decal,MI_VFX_GroundAOE_Ring_Decal,,,,,,,,,,否,SharedAsset,/ModularGameVFX/Materials/CH07_GroundAOE/Instances/MI_VFX_GroundAOE_Ring_Decal,/ModularGameVFX/ModularGameVFXLibrary/00_Core/Materials/GroundAOE/MI_VFX_GroundAOE_Ring_Decal,已迁移（migration_complete.json）；旧路径已移除
00_Core,MaterialInstanceConstant,MI_VFX_GroundAOE_Ring_Glow,MI_VFX_GroundAOE_Ring_Glow,,,,,,,,,,否,SharedAsset,/ModularGameVFX/Materials/CH07_GroundAOE/Instances/MI_VFX_GroundAOE_Ring_Glow,/ModularGameVFX/ModularGameVFXLibrary/00_Core/Materials/GroundAOE/MI_VFX_GroundAOE_Ring_Glow,已迁移（migration_complete.json）；旧路径已移除
00_Core,MaterialInstanceConstant,MI_VFX_GroundAOE_Sector_Decal,MI_VFX_GroundAOE_Sector_Decal,,,,,,,,,,否,SharedAsset,/ModularGameVFX/Materials/CH07_GroundAOE/Instances/MI_VFX_GroundAOE_Sector_Decal,/ModularGameVFX/ModularGameVFXLibrary/00_Core/Materials/GroundAOE/MI_VFX_GroundAOE_Sector_Decal,已迁移（migration_complete.json）；旧路径已移除
00_Core,MaterialInstanceConstant,MI_VFX_GroundAOE_Sector_Glow,MI_VFX_GroundAOE_Sector_Glow,,,,,,,,,,否,SharedAsset,/ModularGameVFX/Materials/CH07_GroundAOE/Instances/MI_VFX_GroundAOE_Sector_Glow,/ModularGameVFX/ModularGameVFXLibrary/00_Core/Materials/GroundAOE/MI_VFX_GroundAOE_Sector_Glow,已迁移（migration_complete.json）；旧路径已移除
00_Core,Material,M_VFX_GroundAOE_Additive,M_VFX_GroundAOE_Additive,,,,,,,,,,否,SharedAsset,/ModularGameVFX/Materials/CH07_GroundAOE/Parents/M_VFX_GroundAOE_Additive,/ModularGameVFX/ModularGameVFXLibrary/00_Core/Materials/GroundAOE/M_VFX_GroundAOE_Additive,已迁移（migration_complete.json）；旧路径已移除
00_Core,Material,M_VFX_GroundAOE_Decal,M_VFX_GroundAOE_Decal,,,,,,,,,,否,SharedAsset,/ModularGameVFX/Materials/CH07_GroundAOE/Parents/M_VFX_GroundAOE_Decal,/ModularGameVFX/ModularGameVFXLibrary/00_Core/Materials/GroundAOE/M_VFX_GroundAOE_Decal,已迁移（migration_complete.json）；旧路径已移除
00_Core,Material,M_VFX_GroundAOE_Master,M_VFX_GroundAOE_Master,,,,,,,,,,否,SharedAsset,/ModularGameVFX/Materials/CH07_GroundAOE/Parents/M_VFX_GroundAOE_Master,/ModularGameVFX/ModularGameVFXLibrary/00_Core/Materials/GroundAOE/M_VFX_GroundAOE_Master,已迁移（migration_complete.json）；旧路径已移除
00_Core,Material,M_VFX_GroundAOE_NiagaraAnalytic,M_VFX_GroundAOE_NiagaraAnalytic,,,,,,,,,,否,SharedAsset,/ModularGameVFX/Materials/CH07_GroundAOE/Parents/M_VFX_GroundAOE_NiagaraAnalytic,/ModularGameVFX/ModularGameVFXLibrary/00_Core/Materials/GroundAOE/M_VFX_GroundAOE_NiagaraAnalytic,已迁移（migration_complete.json）；旧路径已移除
00_Core,MaterialInstanceConstant,MI_VFX_Holy_GodRay,MI_VFX_Holy_GodRay,,,,,,,,,,否,SharedAsset,/ModularGameVFX/Materials/CH19_HolyHealing/Instances/MI_VFX_Holy_GodRay,/ModularGameVFX/ModularGameVFXLibrary/00_Core/Materials/HolyHealing/MI_VFX_Holy_GodRay,已迁移（migration_complete.json）；旧路径已移除
00_Core,MaterialInstanceConstant,MI_VFX_Holy_Halo01,MI_VFX_Holy_Halo01,,,,,,,,,,否,SharedAsset,/ModularGameVFX/Materials/CH19_HolyHealing/Instances/MI_VFX_Holy_Halo01,/ModularGameVFX/ModularGameVFXLibrary/00_Core/Materials/HolyHealing/MI_VFX_Holy_Halo01,已迁移（migration_complete.json）；旧路径已移除
00_Core,MaterialInstanceConstant,MI_VFX_Holy_Halo02,MI_VFX_Holy_Halo02,,,,,,,,,,否,SharedAsset,/ModularGameVFX/Materials/CH19_HolyHealing/Instances/MI_VFX_Holy_Halo02,/ModularGameVFX/ModularGameVFXLibrary/00_Core/Materials/HolyHealing/MI_VFX_Holy_Halo02,已迁移（migration_complete.json）；旧路径已移除
00_Core,MaterialInstanceConstant,MI_VFX_Holy_LightColumn,MI_VFX_Holy_LightColumn,,,,,,,,,,否,SharedAsset,/ModularGameVFX/Materials/CH19_HolyHealing/Instances/MI_VFX_Holy_LightColumn,/ModularGameVFX/ModularGameVFXLibrary/00_Core/Materials/HolyHealing/MI_VFX_Holy_LightColumn,已迁移（migration_complete.json）；旧路径已移除
00_Core,MaterialInstanceConstant,MI_VFX_Holy_Radial,MI_VFX_Holy_Radial,,,,,,,,,,否,SharedAsset,/ModularGameVFX/Materials/CH19_HolyHealing/Instances/MI_VFX_Holy_Radial,/ModularGameVFX/ModularGameVFXLibrary/00_Core/Materials/HolyHealing/MI_VFX_Holy_Radial,已迁移（migration_complete.json）；旧路径已移除
00_Core,MaterialInstanceConstant,MI_VFX_Holy_Ring,MI_VFX_Holy_Ring,,,,,,,,,,否,SharedAsset,/ModularGameVFX/Materials/CH19_HolyHealing/Instances/MI_VFX_Holy_Ring,/ModularGameVFX/ModularGameVFXLibrary/00_Core/Materials/HolyHealing/MI_VFX_Holy_Ring,已迁移（migration_complete.json）；旧路径已移除
00_Core,MaterialInstanceConstant,MI_VFX_Holy_Runes,MI_VFX_Holy_Runes,,,,,,,,,,否,SharedAsset,/ModularGameVFX/Materials/CH19_HolyHealing/Instances/MI_VFX_Holy_Runes,/ModularGameVFX/ModularGameVFXLibrary/00_Core/Materials/HolyHealing/MI_VFX_Holy_Runes,已迁移（migration_complete.json）；旧路径已移除
00_Core,MaterialInstanceConstant,MI_VFX_Holy_Star,MI_VFX_Holy_Star,,,,,,,,,,否,SharedAsset,/ModularGameVFX/Materials/CH19_HolyHealing/Instances/MI_VFX_Holy_Star,/ModularGameVFX/ModularGameVFXLibrary/00_Core/Materials/HolyHealing/MI_VFX_Holy_Star,已迁移（migration_complete.json）；旧路径已移除
00_Core,MaterialInstanceConstant,MI_VFX_Resurrection_Soul,MI_VFX_Resurrection_Soul,,,,,,,,,,否,SharedAsset,/ModularGameVFX/Materials/CH19_HolyHealing/Instances/MI_VFX_Resurrection_Soul,/ModularGameVFX/ModularGameVFXLibrary/00_Core/Materials/HolyHealing/MI_VFX_Resurrection_Soul,已迁移（migration_complete.json）；旧路径已移除
00_Core,Material,M_VFX_Holy_Halo,M_VFX_Holy_Halo,,,,,,,,,,否,SharedAsset,/ModularGameVFX/Materials/CH19_HolyHealing/Parents/M_VFX_Holy_Halo,/ModularGameVFX/ModularGameVFXLibrary/00_Core/Materials/HolyHealing/M_VFX_Holy_Halo,已迁移（migration_complete.json）；旧路径已移除
00_Core,Material,M_VFX_Holy_LightColumn,M_VFX_Holy_LightColumn,,,,,,,,,,否,SharedAsset,/ModularGameVFX/Materials/CH19_HolyHealing/Parents/M_VFX_Holy_LightColumn,/ModularGameVFX/ModularGameVFXLibrary/00_Core/Materials/HolyHealing/M_VFX_Holy_LightColumn,已迁移（migration_complete.json）；旧路径已移除
00_Core,Material,M_VFX_Holy_Master,M_VFX_Holy_Master,,,,,,,,,,否,SharedAsset,/ModularGameVFX/Materials/CH19_HolyHealing/Parents/M_VFX_Holy_Master,/ModularGameVFX/ModularGameVFXLibrary/00_Core/Materials/HolyHealing/M_VFX_Holy_Master,已迁移（migration_complete.json）；旧路径已移除
00_Core,Material,M_VFX_Holy_Rune,M_VFX_Holy_Rune,,,,,,,,,,否,SharedAsset,/ModularGameVFX/Materials/CH19_HolyHealing/Parents/M_VFX_Holy_Rune,/ModularGameVFX/ModularGameVFXLibrary/00_Core/Materials/HolyHealing/M_VFX_Holy_Rune,已迁移（migration_complete.json）；旧路径已移除
00_Core,Material,M_VFX_Resurrection_Dissolve,M_VFX_Resurrection_Dissolve,,,,,,,,,,否,SharedAsset,/ModularGameVFX/Materials/CH19_HolyHealing/Parents/M_VFX_Resurrection_Dissolve,/ModularGameVFX/ModularGameVFXLibrary/00_Core/Materials/HolyHealing/M_VFX_Resurrection_Dissolve,已迁移（migration_complete.json）；旧路径已移除
00_Core,MaterialInstanceConstant,MI_VFX_Lightning_AfterGlow,MI_VFX_Lightning_AfterGlow,,,,,,,,,,否,SharedAsset,/ModularGameVFX/Materials/CH13_Lightning/Instances/MI_VFX_Lightning_AfterGlow,/ModularGameVFX/ModularGameVFXLibrary/00_Core/Materials/Lightning/MI_VFX_Lightning_AfterGlow,已迁移（migration_complete.json）；旧路径已移除
00_Core,MaterialInstanceConstant,MI_VFX_Lightning_Arc,MI_VFX_Lightning_Arc,,,,,,,,,,否,SharedAsset,/ModularGameVFX/Materials/CH13_Lightning/Instances/MI_VFX_Lightning_Arc,/ModularGameVFX/ModularGameVFXLibrary/00_Core/Materials/Lightning/MI_VFX_Lightning_Arc,已迁移（migration_complete.json）；旧路径已移除
00_Core,MaterialInstanceConstant,MI_VFX_Lightning_Core,MI_VFX_Lightning_Core,,,,,,,,,,否,SharedAsset,/ModularGameVFX/Materials/CH13_Lightning/Instances/MI_VFX_Lightning_Core,/ModularGameVFX/ModularGameVFXLibrary/00_Core/Materials/Lightning/MI_VFX_Lightning_Core,已迁移（migration_complete.json）；旧路径已移除
00_Core,MaterialInstanceConstant,MI_VFX_Lightning_Flash,MI_VFX_Lightning_Flash,,,,,,,,,,否,SharedAsset,/ModularGameVFX/Materials/CH13_Lightning/Instances/MI_VFX_Lightning_Flash,/ModularGameVFX/ModularGameVFXLibrary/00_Core/Materials/Lightning/MI_VFX_Lightning_Flash,已迁移（migration_complete.json）；旧路径已移除
00_Core,MaterialInstanceConstant,MI_VFX_Lightning_GroundMark,MI_VFX_Lightning_GroundMark,,,,,,,,,,否,SharedAsset,/ModularGameVFX/Materials/CH13_Lightning/Instances/MI_VFX_Lightning_GroundMark,/ModularGameVFX/ModularGameVFXLibrary/00_Core/Materials/Lightning/MI_VFX_Lightning_GroundMark,已迁移（migration_complete.json）；旧路径已移除
00_Core,MaterialInstanceConstant,MI_VFX_Lightning_Impact,MI_VFX_Lightning_Impact,,,,,,,,,,否,SharedAsset,/ModularGameVFX/Materials/CH13_Lightning/Instances/MI_VFX_Lightning_Impact,/ModularGameVFX/ModularGameVFXLibrary/00_Core/Materials/Lightning/MI_VFX_Lightning_Impact,已迁移（migration_complete.json）；旧路径已移除
00_Core,MaterialInstanceConstant,MI_VFX_Lightning_Outer,MI_VFX_Lightning_Outer,,,,,,,,,,否,SharedAsset,/ModularGameVFX/Materials/CH13_Lightning/Instances/MI_VFX_Lightning_Outer,/ModularGameVFX/ModularGameVFXLibrary/00_Core/Materials/Lightning/MI_VFX_Lightning_Outer,已迁移（migration_complete.json）；旧路径已移除
00_Core,MaterialInstanceConstant,MI_VFX_Lightning_Spark,MI_VFX_Lightning_Spark,,,,,,,,,,否,SharedAsset,/ModularGameVFX/Materials/CH13_Lightning/Instances/MI_VFX_Lightning_Spark,/ModularGameVFX/ModularGameVFXLibrary/00_Core/Materials/Lightning/MI_VFX_Lightning_Spark,已迁移（migration_complete.json）；旧路径已移除
00_Core,Material,M_VFX_Lightning_Ground,M_VFX_Lightning_Ground,,,,,,,,,,否,SharedAsset,/ModularGameVFX/Materials/CH13_Lightning/Parents/M_VFX_Lightning_Ground,/ModularGameVFX/ModularGameVFXLibrary/00_Core/Materials/Lightning/M_VFX_Lightning_Ground,已迁移（migration_complete.json）；旧路径已移除
00_Core,Material,M_VFX_Lightning_Ribbon,M_VFX_Lightning_Ribbon,,,,,,,,,,否,SharedAsset,/ModularGameVFX/Materials/CH13_Lightning/Parents/M_VFX_Lightning_Ribbon,/ModularGameVFX/ModularGameVFXLibrary/00_Core/Materials/Lightning/M_VFX_Lightning_Ribbon,已迁移（migration_complete.json）；旧路径已移除
00_Core,Material,M_VFX_Lightning_Sprite,M_VFX_Lightning_Sprite,,,,,,,,,,否,SharedAsset,/ModularGameVFX/Materials/CH13_Lightning/Parents/M_VFX_Lightning_Sprite,/ModularGameVFX/ModularGameVFXLibrary/00_Core/Materials/Lightning/M_VFX_Lightning_Sprite,已迁移（migration_complete.json）；旧路径已移除
00_Core,MaterialInstanceConstant,MI_VFX_Beam_Broken,MI_VFX_Beam_Broken,,,,,,,,,,否,SharedAsset,/ModularGameVFX/Materials/CH12_MagicBeam/Instances/MI_VFX_Beam_Broken,/ModularGameVFX/ModularGameVFXLibrary/00_Core/Materials/MagicBeam/MI_VFX_Beam_Broken,已迁移（migration_complete.json）；旧路径已移除
00_Core,MaterialInstanceConstant,MI_VFX_Beam_Core,MI_VFX_Beam_Core,,,,,,,,,,否,SharedAsset,/ModularGameVFX/Materials/CH12_MagicBeam/Instances/MI_VFX_Beam_Core,/ModularGameVFX/ModularGameVFXLibrary/00_Core/Materials/MagicBeam/MI_VFX_Beam_Core,已迁移（migration_complete.json）；旧路径已移除
00_Core,MaterialInstanceConstant,MI_VFX_Beam_CoreSharp,MI_VFX_Beam_CoreSharp,,,,,,,,,,否,SharedAsset,/ModularGameVFX/Materials/CH12_MagicBeam/Instances/MI_VFX_Beam_CoreSharp,/ModularGameVFX/ModularGameVFXLibrary/00_Core/Materials/MagicBeam/MI_VFX_Beam_CoreSharp,已迁移（migration_complete.json）；旧路径已移除
00_Core,MaterialInstanceConstant,MI_VFX_Beam_Distortion,MI_VFX_Beam_Distortion,,,,,,,,,,否,SharedAsset,/ModularGameVFX/Materials/CH12_MagicBeam/Instances/MI_VFX_Beam_Distortion,/ModularGameVFX/ModularGameVFXLibrary/00_Core/Materials/MagicBeam/MI_VFX_Beam_Distortion,已迁移（migration_complete.json）；旧路径已移除
00_Core,MaterialInstanceConstant,MI_VFX_Beam_Endpoint,MI_VFX_Beam_Endpoint,,,,,,,,,,否,SharedAsset,/ModularGameVFX/Materials/CH12_MagicBeam/Instances/MI_VFX_Beam_Endpoint,/ModularGameVFX/ModularGameVFXLibrary/00_Core/Materials/MagicBeam/MI_VFX_Beam_Endpoint,已迁移（migration_complete.json）；旧路径已移除
00_Core,MaterialInstanceConstant,MI_VFX_Beam_Impact,MI_VFX_Beam_Impact,,,,,,,,,,否,SharedAsset,/ModularGameVFX/Materials/CH12_MagicBeam/Instances/MI_VFX_Beam_Impact,/ModularGameVFX/ModularGameVFXLibrary/00_Core/Materials/MagicBeam/MI_VFX_Beam_Impact,已迁移（migration_complete.json）；旧路径已移除
00_Core,MaterialInstanceConstant,MI_VFX_Beam_Outer,MI_VFX_Beam_Outer,,,,,,,,,,否,SharedAsset,/ModularGameVFX/Materials/CH12_MagicBeam/Instances/MI_VFX_Beam_Outer,/ModularGameVFX/ModularGameVFXLibrary/00_Core/Materials/MagicBeam/MI_VFX_Beam_Outer,已迁移（migration_complete.json）；旧路径已移除
00_Core,MaterialInstanceConstant,MI_VFX_Beam_Source,MI_VFX_Beam_Source,,,,,,,,,,否,SharedAsset,/ModularGameVFX/Materials/CH12_MagicBeam/Instances/MI_VFX_Beam_Source,/ModularGameVFX/ModularGameVFXLibrary/00_Core/Materials/MagicBeam/MI_VFX_Beam_Source,已迁移（migration_complete.json）；旧路径已移除
00_Core,Material,M_VFX_Beam_Distortion,M_VFX_Beam_Distortion,,,,,,,,,,否,SharedAsset,/ModularGameVFX/Materials/CH12_MagicBeam/Parents/M_VFX_Beam_Distortion,/ModularGameVFX/ModularGameVFXLibrary/00_Core/Materials/MagicBeam/M_VFX_Beam_Distortion,已迁移（migration_complete.json）；旧路径已移除
00_Core,Material,M_VFX_Beam_Master,M_VFX_Beam_Master,,,,,,,,,,否,SharedAsset,/ModularGameVFX/Materials/CH12_MagicBeam/Parents/M_VFX_Beam_Master,/ModularGameVFX/ModularGameVFXLibrary/00_Core/Materials/MagicBeam/M_VFX_Beam_Master,已迁移（migration_complete.json）；旧路径已移除
00_Core,MaterialInstanceConstant,MI_VFX_MagicCircle_Center,MI_VFX_MagicCircle_Center,,,,,,,,,,否,SharedAsset,/ModularGameVFX/Materials/CH08_MagicCircle/Instances/MI_VFX_MagicCircle_Center,/ModularGameVFX/ModularGameVFXLibrary/00_Core/Materials/MagicCircle/MI_VFX_MagicCircle_Center,已迁移（migration_complete.json）；旧路径已移除
00_Core,MaterialInstanceConstant,MI_VFX_MagicCircle_CenterSymbol_Gold,MI_VFX_MagicCircle_CenterSymbol_Gold,,,,,,,,,,否,SharedAsset,/ModularGameVFX/Materials/CH08_MagicCircle/Instances/MI_VFX_MagicCircle_CenterSymbol_Gold,/ModularGameVFX/ModularGameVFXLibrary/00_Core/Materials/MagicCircle/MI_VFX_MagicCircle_CenterSymbol_Gold,已迁移（migration_complete.json）；旧路径已移除
00_Core,MaterialInstanceConstant,MI_VFX_MagicCircle_Decal_Glyph,MI_VFX_MagicCircle_Decal_Glyph,,,,,,,,,,否,SharedAsset,/ModularGameVFX/Materials/CH08_MagicCircle/Instances/MI_VFX_MagicCircle_Decal_Glyph,/ModularGameVFX/ModularGameVFXLibrary/00_Core/Materials/MagicCircle/MI_VFX_MagicCircle_Decal_Glyph,已迁移（migration_complete.json）；旧路径已移除
00_Core,MaterialInstanceConstant,MI_VFX_MagicCircle_Decal_OuterRing,MI_VFX_MagicCircle_Decal_OuterRing,,,,,,,,,,否,SharedAsset,/ModularGameVFX/Materials/CH08_MagicCircle/Instances/MI_VFX_MagicCircle_Decal_OuterRing,/ModularGameVFX/ModularGameVFXLibrary/00_Core/Materials/MagicCircle/MI_VFX_MagicCircle_Decal_OuterRing,已迁移（migration_complete.json）；旧路径已移除
00_Core,MaterialInstanceConstant,MI_VFX_MagicCircle_Dissolve_Arcane,MI_VFX_MagicCircle_Dissolve_Arcane,,,,,,,,,,否,SharedAsset,/ModularGameVFX/Materials/CH08_MagicCircle/Instances/MI_VFX_MagicCircle_Dissolve_Arcane,/ModularGameVFX/ModularGameVFXLibrary/00_Core/Materials/MagicCircle/MI_VFX_MagicCircle_Dissolve_Arcane,已迁移（migration_complete.json）；旧路径已移除
00_Core,MaterialInstanceConstant,MI_VFX_MagicCircle_Geometry,MI_VFX_MagicCircle_Geometry,,,,,,,,,,否,SharedAsset,/ModularGameVFX/Materials/CH08_MagicCircle/Instances/MI_VFX_MagicCircle_Geometry,/ModularGameVFX/ModularGameVFXLibrary/00_Core/Materials/MagicCircle/MI_VFX_MagicCircle_Geometry,已迁移（migration_complete.json）；旧路径已移除
00_Core,MaterialInstanceConstant,MI_VFX_MagicCircle_Geometry_ArcaneBlue,MI_VFX_MagicCircle_Geometry_ArcaneBlue,,,,,,,,,,否,SharedAsset,/ModularGameVFX/Materials/CH08_MagicCircle/Instances/MI_VFX_MagicCircle_Geometry_ArcaneBlue,/ModularGameVFX/ModularGameVFXLibrary/00_Core/Materials/MagicCircle/MI_VFX_MagicCircle_Geometry_ArcaneBlue,已迁移（migration_complete.json）；旧路径已移除
00_Core,MaterialInstanceConstant,MI_VFX_MagicCircle_Glyph,MI_VFX_MagicCircle_Glyph,,,,,,,,,,否,SharedAsset,/ModularGameVFX/Materials/CH08_MagicCircle/Instances/MI_VFX_MagicCircle_Glyph,/ModularGameVFX/ModularGameVFXLibrary/00_Core/Materials/MagicCircle/MI_VFX_MagicCircle_Glyph,已迁移（migration_complete.json）；旧路径已移除
00_Core,MaterialInstanceConstant,MI_VFX_MagicCircle_Glyph_VioletGold,MI_VFX_MagicCircle_Glyph_VioletGold,,,,,,,,,,否,SharedAsset,/ModularGameVFX/Materials/CH08_MagicCircle/Instances/MI_VFX_MagicCircle_Glyph_VioletGold,/ModularGameVFX/ModularGameVFXLibrary/00_Core/Materials/MagicCircle/MI_VFX_MagicCircle_Glyph_VioletGold,已迁移（migration_complete.json）；旧路径已移除
00_Core,MaterialInstanceConstant,MI_VFX_MagicCircle_Hero_ArcaneGold,MI_VFX_MagicCircle_Hero_ArcaneGold,,,,,,,,,,否,SharedAsset,/ModularGameVFX/Materials/CH08_MagicCircle/Instances/MI_VFX_MagicCircle_Hero_ArcaneGold,/ModularGameVFX/ModularGameVFXLibrary/00_Core/Materials/MagicCircle/MI_VFX_MagicCircle_Hero_ArcaneGold,已迁移（migration_complete.json）；旧路径已移除
00_Core,MaterialInstanceConstant,MI_VFX_MagicCircle_InnerRing,MI_VFX_MagicCircle_InnerRing,,,,,,,,,,否,SharedAsset,/ModularGameVFX/Materials/CH08_MagicCircle/Instances/MI_VFX_MagicCircle_InnerRing,/ModularGameVFX/ModularGameVFXLibrary/00_Core/Materials/MagicCircle/MI_VFX_MagicCircle_InnerRing,已迁移（migration_complete.json）；旧路径已移除
00_Core,MaterialInstanceConstant,MI_VFX_MagicCircle_InnerRing_Violet,MI_VFX_MagicCircle_InnerRing_Violet,,,,,,,,,,否,SharedAsset,/ModularGameVFX/Materials/CH08_MagicCircle/Instances/MI_VFX_MagicCircle_InnerRing_Violet,/ModularGameVFX/ModularGameVFXLibrary/00_Core/Materials/MagicCircle/MI_VFX_MagicCircle_InnerRing_Violet,已迁移（migration_complete.json）；旧路径已移除
00_Core,MaterialInstanceConstant,MI_VFX_MagicCircle_Niagara_CenterGlyph,MI_VFX_MagicCircle_Niagara_CenterGlyph,,,,,,,,,,否,SharedAsset,/ModularGameVFX/Materials/CH08_MagicCircle/Instances/MI_VFX_MagicCircle_Niagara_CenterGlyph,/ModularGameVFX/ModularGameVFXLibrary/00_Core/Materials/MagicCircle/MI_VFX_MagicCircle_Niagara_CenterGlyph,已迁移（migration_complete.json）；旧路径已移除
00_Core,MaterialInstanceConstant,MI_VFX_MagicCircle_Niagara_Geometry,MI_VFX_MagicCircle_Niagara_Geometry,,,,,,,,,,否,SharedAsset,/ModularGameVFX/Materials/CH08_MagicCircle/Instances/MI_VFX_MagicCircle_Niagara_Geometry,/ModularGameVFX/ModularGameVFXLibrary/00_Core/Materials/MagicCircle/MI_VFX_MagicCircle_Niagara_Geometry,已迁移（migration_complete.json）；旧路径已移除
00_Core,MaterialInstanceConstant,MI_VFX_MagicCircle_Niagara_InnerRing,MI_VFX_MagicCircle_Niagara_InnerRing,,,,,,,,,,否,SharedAsset,/ModularGameVFX/Materials/CH08_MagicCircle/Instances/MI_VFX_MagicCircle_Niagara_InnerRing,/ModularGameVFX/ModularGameVFXLibrary/00_Core/Materials/MagicCircle/MI_VFX_MagicCircle_Niagara_InnerRing,已迁移（migration_complete.json）；旧路径已移除
00_Core,MaterialInstanceConstant,MI_VFX_MagicCircle_Niagara_OuterRing,MI_VFX_MagicCircle_Niagara_OuterRing,,,,,,,,,,否,SharedAsset,/ModularGameVFX/Materials/CH08_MagicCircle/Instances/MI_VFX_MagicCircle_Niagara_OuterRing,/ModularGameVFX/ModularGameVFXLibrary/00_Core/Materials/MagicCircle/MI_VFX_MagicCircle_Niagara_OuterRing,已迁移（migration_complete.json）；旧路径已移除
00_Core,MaterialInstanceConstant,MI_VFX_MagicCircle_Niagara_RuneAtlas,MI_VFX_MagicCircle_Niagara_RuneAtlas,,,,,,,,,,否,SharedAsset,/ModularGameVFX/Materials/CH08_MagicCircle/Instances/MI_VFX_MagicCircle_Niagara_RuneAtlas,/ModularGameVFX/ModularGameVFXLibrary/00_Core/Materials/MagicCircle/MI_VFX_MagicCircle_Niagara_RuneAtlas,已迁移（migration_complete.json）；旧路径已移除
00_Core,MaterialInstanceConstant,MI_VFX_MagicCircle_OuterRing,MI_VFX_MagicCircle_OuterRing,,,,,,,,,,否,SharedAsset,/ModularGameVFX/Materials/CH08_MagicCircle/Instances/MI_VFX_MagicCircle_OuterRing,/ModularGameVFX/ModularGameVFXLibrary/00_Core/Materials/MagicCircle/MI_VFX_MagicCircle_OuterRing,已迁移（migration_complete.json）；旧路径已移除
00_Core,MaterialInstanceConstant,MI_VFX_MagicCircle_OuterRing_Gold,MI_VFX_MagicCircle_OuterRing_Gold,,,,,,,,,,否,SharedAsset,/ModularGameVFX/Materials/CH08_MagicCircle/Instances/MI_VFX_MagicCircle_OuterRing_Gold,/ModularGameVFX/ModularGameVFXLibrary/00_Core/Materials/MagicCircle/MI_VFX_MagicCircle_OuterRing_Gold,已迁移（migration_complete.json）；旧路径已移除
00_Core,MaterialInstanceConstant,MI_VFX_MagicCircle_RadialLines,MI_VFX_MagicCircle_RadialLines,,,,,,,,,,否,SharedAsset,/ModularGameVFX/Materials/CH08_MagicCircle/Instances/MI_VFX_MagicCircle_RadialLines,/ModularGameVFX/ModularGameVFXLibrary/00_Core/Materials/MagicCircle/MI_VFX_MagicCircle_RadialLines,已迁移（migration_complete.json）；旧路径已移除
00_Core,MaterialInstanceConstant,MI_VFX_MagicCircle_RadialLines_Arcane,MI_VFX_MagicCircle_RadialLines_Arcane,,,,,,,,,,否,SharedAsset,/ModularGameVFX/Materials/CH08_MagicCircle/Instances/MI_VFX_MagicCircle_RadialLines_Arcane,/ModularGameVFX/ModularGameVFXLibrary/00_Core/Materials/MagicCircle/MI_VFX_MagicCircle_RadialLines_Arcane,已迁移（migration_complete.json）；旧路径已移除
00_Core,MaterialInstanceConstant,MI_VFX_MagicCircle_RuneAtlas01_Gold,MI_VFX_MagicCircle_RuneAtlas01_Gold,,,,,,,,,,否,SharedAsset,/ModularGameVFX/Materials/CH08_MagicCircle/Instances/MI_VFX_MagicCircle_RuneAtlas01_Gold,/ModularGameVFX/ModularGameVFXLibrary/00_Core/Materials/MagicCircle/MI_VFX_MagicCircle_RuneAtlas01_Gold,已迁移（migration_complete.json）；旧路径已移除
00_Core,MaterialInstanceConstant,MI_VFX_MagicCircle_RuneAtlas02_LunarViolet,MI_VFX_MagicCircle_RuneAtlas02_LunarViolet,,,,,,,,,,否,SharedAsset,/ModularGameVFX/Materials/CH08_MagicCircle/Instances/MI_VFX_MagicCircle_RuneAtlas02_LunarViolet,/ModularGameVFX/ModularGameVFXLibrary/00_Core/Materials/MagicCircle/MI_VFX_MagicCircle_RuneAtlas02_LunarViolet,已迁移（migration_complete.json）；旧路径已移除
00_Core,MaterialInstanceConstant,MI_VFX_MagicCircle_Runes01,MI_VFX_MagicCircle_Runes01,,,,,,,,,,否,SharedAsset,/ModularGameVFX/Materials/CH08_MagicCircle/Instances/MI_VFX_MagicCircle_Runes01,/ModularGameVFX/ModularGameVFXLibrary/00_Core/Materials/MagicCircle/MI_VFX_MagicCircle_Runes01,已迁移（migration_complete.json）；旧路径已移除
00_Core,MaterialInstanceConstant,MI_VFX_MagicCircle_Runes02,MI_VFX_MagicCircle_Runes02,,,,,,,,,,否,SharedAsset,/ModularGameVFX/Materials/CH08_MagicCircle/Instances/MI_VFX_MagicCircle_Runes02,/ModularGameVFX/ModularGameVFXLibrary/00_Core/Materials/MagicCircle/MI_VFX_MagicCircle_Runes02,已迁移（migration_complete.json）；旧路径已移除
00_Core,Material,M_VFX_MagicCircle_AdditiveAlpha,M_VFX_MagicCircle_AdditiveAlpha,,,,,,,,,,否,SharedAsset,/ModularGameVFX/Materials/CH08_MagicCircle/M_VFX_MagicCircle_AdditiveAlpha,/ModularGameVFX/ModularGameVFXLibrary/00_Core/Materials/MagicCircle/M_VFX_MagicCircle_AdditiveAlpha,已迁移（migration_complete.json）；旧路径已移除
00_Core,Material,M_VFX_MagicCircle_AdditiveMask,M_VFX_MagicCircle_AdditiveMask,,,,,,,,,,否,SharedAsset,/ModularGameVFX/Materials/CH08_MagicCircle/M_VFX_MagicCircle_AdditiveMask,/ModularGameVFX/ModularGameVFXLibrary/00_Core/Materials/MagicCircle/M_VFX_MagicCircle_AdditiveMask,已迁移（migration_complete.json）；旧路径已移除
00_Core,Material,M_VFX_MagicCircle_DecalMask,M_VFX_MagicCircle_DecalMask,,,,,,,,,,否,SharedAsset,/ModularGameVFX/Materials/CH08_MagicCircle/M_VFX_MagicCircle_DecalMask,/ModularGameVFX/ModularGameVFXLibrary/00_Core/Materials/MagicCircle/M_VFX_MagicCircle_DecalMask,已迁移（migration_complete.json）；旧路径已移除
00_Core,Material,M_VFX_MagicCircle_HeroComposite,M_VFX_MagicCircle_HeroComposite,,,,,,,,,,否,SharedAsset,/ModularGameVFX/Materials/CH08_MagicCircle/M_VFX_MagicCircle_HeroComposite,/ModularGameVFX/ModularGameVFXLibrary/00_Core/Materials/MagicCircle/M_VFX_MagicCircle_HeroComposite,已迁移（migration_complete.json）；旧路径已移除
00_Core,Material,M_VFX_MagicCircle_Master,M_VFX_MagicCircle_Master,,,,,,,,,,否,SharedAsset,/ModularGameVFX/Materials/CH08_MagicCircle/Parents/M_VFX_MagicCircle_Master,/ModularGameVFX/ModularGameVFXLibrary/00_Core/Materials/MagicCircle/M_VFX_MagicCircle_Master,已迁移（migration_complete.json）；旧路径已移除
00_Core,Material,M_VFX_MagicCircle_RuneAtlas,M_VFX_MagicCircle_RuneAtlas,,,,,,,,,,否,SharedAsset,/ModularGameVFX/Materials/CH08_MagicCircle/Parents/M_VFX_MagicCircle_RuneAtlas,/ModularGameVFX/ModularGameVFXLibrary/00_Core/Materials/MagicCircle/M_VFX_MagicCircle_RuneAtlas,已迁移（migration_complete.json）；旧路径已移除
00_Core,MaterialInstanceConstant,MI_VFX_MagicGlow_Cloud,MI_VFX_MagicGlow_Cloud,,,,,,,,,,否,SharedAsset,/ModularGameVFX/Materials/CH02_MagicGlow/Instances/MI_VFX_MagicGlow_Cloud,/ModularGameVFX/ModularGameVFXLibrary/00_Core/Materials/MagicGlow/MI_VFX_MagicGlow_Cloud,已迁移（migration_complete.json）；旧路径已移除
00_Core,MaterialInstanceConstant,MI_VFX_MagicGlow_Ring,MI_VFX_MagicGlow_Ring,,,,,,,,,,否,SharedAsset,/ModularGameVFX/Materials/CH02_MagicGlow/Instances/MI_VFX_MagicGlow_Ring,/ModularGameVFX/ModularGameVFXLibrary/00_Core/Materials/MagicGlow/MI_VFX_MagicGlow_Ring,已迁移（migration_complete.json）；旧路径已移除
00_Core,MaterialInstanceConstant,MI_VFX_MagicGlow_RingSoft,MI_VFX_MagicGlow_RingSoft,,,,,,,,,,否,SharedAsset,/ModularGameVFX/Materials/CH02_MagicGlow/Instances/MI_VFX_MagicGlow_RingSoft,/ModularGameVFX/ModularGameVFXLibrary/00_Core/Materials/MagicGlow/MI_VFX_MagicGlow_RingSoft,已迁移（migration_complete.json）；旧路径已移除
00_Core,MaterialInstanceConstant,MI_VFX_MagicGlow_Ripple,MI_VFX_MagicGlow_Ripple,,,,,,,,,,否,SharedAsset,/ModularGameVFX/Materials/CH02_MagicGlow/Instances/MI_VFX_MagicGlow_Ripple,/ModularGameVFX/ModularGameVFXLibrary/00_Core/Materials/MagicGlow/MI_VFX_MagicGlow_Ripple,已迁移（migration_complete.json）；旧路径已移除
00_Core,MaterialInstanceConstant,MI_VFX_MagicGlow_Shell,MI_VFX_MagicGlow_Shell,,,,,,,,,,否,SharedAsset,/ModularGameVFX/Materials/CH02_MagicGlow/Instances/MI_VFX_MagicGlow_Shell,/ModularGameVFX/ModularGameVFXLibrary/00_Core/Materials/MagicGlow/MI_VFX_MagicGlow_Shell,已迁移（migration_complete.json）；旧路径已移除
00_Core,Material,M_VFX_MagicGlow_Ring,M_VFX_MagicGlow_Ring,,,,,,,,,,否,SharedAsset,/ModularGameVFX/Materials/CH02_MagicGlow/Parents/M_VFX_MagicGlow_Ring,/ModularGameVFX/ModularGameVFXLibrary/00_Core/Materials/MagicGlow/M_VFX_MagicGlow_Ring,已迁移（migration_complete.json）；旧路径已移除
00_Core,Material,M_VFX_MagicGlow_Shell,M_VFX_MagicGlow_Shell,,,,,,,,,,否,SharedAsset,/ModularGameVFX/Materials/CH02_MagicGlow/Parents/M_VFX_MagicGlow_Shell,/ModularGameVFX/ModularGameVFXLibrary/00_Core/Materials/MagicGlow/M_VFX_MagicGlow_Shell,已迁移（migration_complete.json）；旧路径已移除
00_Core,MaterialInstanceConstant,MI_VFX_Impact_Burst,MI_VFX_Impact_Burst,,,,,,,,,,否,SharedAsset,/ModularGameVFX/Materials/CH06_MagicImpact/Instances/MI_VFX_Impact_Burst,/ModularGameVFX/ModularGameVFXLibrary/00_Core/Materials/MagicImpact/MI_VFX_Impact_Burst,已迁移（migration_complete.json）；旧路径已移除
00_Core,MaterialInstanceConstant,MI_VFX_Impact_Decal,MI_VFX_Impact_Decal,,,,,,,,,,否,SharedAsset,/ModularGameVFX/Materials/CH06_MagicImpact/Instances/MI_VFX_Impact_Decal,/ModularGameVFX/ModularGameVFXLibrary/00_Core/Materials/MagicImpact/MI_VFX_Impact_Decal,已迁移（migration_complete.json）；旧路径已移除
00_Core,MaterialInstanceConstant,MI_VFX_Impact_DecalCrack,MI_VFX_Impact_DecalCrack,,,,,,,,,,否,SharedAsset,/ModularGameVFX/Materials/CH06_MagicImpact/Instances/MI_VFX_Impact_DecalCrack,/ModularGameVFX/ModularGameVFXLibrary/00_Core/Materials/MagicImpact/MI_VFX_Impact_DecalCrack,已迁移（migration_complete.json）；旧路径已移除
00_Core,MaterialInstanceConstant,MI_VFX_Impact_DecalScorch,MI_VFX_Impact_DecalScorch,,,,,,,,,,否,SharedAsset,/ModularGameVFX/Materials/CH06_MagicImpact/Instances/MI_VFX_Impact_DecalScorch,/ModularGameVFX/ModularGameVFXLibrary/00_Core/Materials/MagicImpact/MI_VFX_Impact_DecalScorch,已迁移（migration_complete.json）；旧路径已移除
00_Core,MaterialInstanceConstant,MI_VFX_Impact_Dust,MI_VFX_Impact_Dust,,,,,,,,,,否,SharedAsset,/ModularGameVFX/Materials/CH06_MagicImpact/Instances/MI_VFX_Impact_Dust,/ModularGameVFX/ModularGameVFXLibrary/00_Core/Materials/MagicImpact/MI_VFX_Impact_Dust,已迁移（migration_complete.json）；旧路径已移除
00_Core,MaterialInstanceConstant,MI_VFX_Impact_Flash,MI_VFX_Impact_Flash,,,,,,,,,,否,SharedAsset,/ModularGameVFX/Materials/CH06_MagicImpact/Instances/MI_VFX_Impact_Flash,/ModularGameVFX/ModularGameVFXLibrary/00_Core/Materials/MagicImpact/MI_VFX_Impact_Flash,已迁移（migration_complete.json）；旧路径已移除
00_Core,MaterialInstanceConstant,MI_VFX_Impact_FlashStar,MI_VFX_Impact_FlashStar,,,,,,,,,,否,SharedAsset,/ModularGameVFX/Materials/CH06_MagicImpact/Instances/MI_VFX_Impact_FlashStar,/ModularGameVFX/ModularGameVFXLibrary/00_Core/Materials/MagicImpact/MI_VFX_Impact_FlashStar,已迁移（migration_complete.json）；旧路径已移除
00_Core,MaterialInstanceConstant,MI_VFX_Impact_RadialBurst,MI_VFX_Impact_RadialBurst,,,,,,,,,,否,SharedAsset,/ModularGameVFX/Materials/CH06_MagicImpact/Instances/MI_VFX_Impact_RadialBurst,/ModularGameVFX/ModularGameVFXLibrary/00_Core/Materials/MagicImpact/MI_VFX_Impact_RadialBurst,已迁移（migration_complete.json）；旧路径已移除
00_Core,MaterialInstanceConstant,MI_VFX_Impact_Shockwave,MI_VFX_Impact_Shockwave,,,,,,,,,,否,SharedAsset,/ModularGameVFX/Materials/CH06_MagicImpact/Instances/MI_VFX_Impact_Shockwave,/ModularGameVFX/ModularGameVFXLibrary/00_Core/Materials/MagicImpact/MI_VFX_Impact_Shockwave,已迁移（migration_complete.json）；旧路径已移除
00_Core,MaterialInstanceConstant,MI_VFX_Impact_ShockwaveBroken,MI_VFX_Impact_ShockwaveBroken,,,,,,,,,,否,SharedAsset,/ModularGameVFX/Materials/CH06_MagicImpact/Instances/MI_VFX_Impact_ShockwaveBroken,/ModularGameVFX/ModularGameVFXLibrary/00_Core/Materials/MagicImpact/MI_VFX_Impact_ShockwaveBroken,已迁移（migration_complete.json）；旧路径已移除
00_Core,MaterialInstanceConstant,MI_VFX_Impact_Smoke,MI_VFX_Impact_Smoke,,,,,,,,,,否,SharedAsset,/ModularGameVFX/Materials/CH06_MagicImpact/Instances/MI_VFX_Impact_Smoke,/ModularGameVFX/ModularGameVFXLibrary/00_Core/Materials/MagicImpact/MI_VFX_Impact_Smoke,已迁移（migration_complete.json）；旧路径已移除
00_Core,MaterialInstanceConstant,MI_VFX_MagicImpact_Burst_Orange,MI_VFX_MagicImpact_Burst_Orange,,,,,,,,,,否,SharedAsset,/ModularGameVFX/Materials/CH06_MagicImpact/Instances/MI_VFX_MagicImpact_Burst_Orange,/ModularGameVFX/ModularGameVFXLibrary/00_Core/Materials/MagicImpact/MI_VFX_MagicImpact_Burst_Orange,已迁移（migration_complete.json）；旧路径已移除
00_Core,MaterialInstanceConstant,MI_VFX_MagicImpact_Decal_Crack,MI_VFX_MagicImpact_Decal_Crack,,,,,,,,,,否,SharedAsset,/ModularGameVFX/Materials/CH06_MagicImpact/Instances/MI_VFX_MagicImpact_Decal_Crack,/ModularGameVFX/ModularGameVFXLibrary/00_Core/Materials/MagicImpact/MI_VFX_MagicImpact_Decal_Crack,已迁移（migration_complete.json）；旧路径已移除
00_Core,MaterialInstanceConstant,MI_VFX_MagicImpact_Decal_Impact,MI_VFX_MagicImpact_Decal_Impact,,,,,,,,,,否,SharedAsset,/ModularGameVFX/Materials/CH06_MagicImpact/Instances/MI_VFX_MagicImpact_Decal_Impact,/ModularGameVFX/ModularGameVFXLibrary/00_Core/Materials/MagicImpact/MI_VFX_MagicImpact_Decal_Impact,已迁移（migration_complete.json）；旧路径已移除
00_Core,MaterialInstanceConstant,MI_VFX_MagicImpact_Decal_Scorch,MI_VFX_MagicImpact_Decal_Scorch,,,,,,,,,,否,SharedAsset,/ModularGameVFX/Materials/CH06_MagicImpact/Instances/MI_VFX_MagicImpact_Decal_Scorch,/ModularGameVFX/ModularGameVFXLibrary/00_Core/Materials/MagicImpact/MI_VFX_MagicImpact_Decal_Scorch,已迁移（migration_complete.json）；旧路径已移除
00_Core,MaterialInstanceConstant,MI_VFX_MagicImpact_Dust_Warm,MI_VFX_MagicImpact_Dust_Warm,,,,,,,,,,否,SharedAsset,/ModularGameVFX/Materials/CH06_MagicImpact/Instances/MI_VFX_MagicImpact_Dust_Warm,/ModularGameVFX/ModularGameVFXLibrary/00_Core/Materials/MagicImpact/MI_VFX_MagicImpact_Dust_Warm,已迁移（migration_complete.json）；旧路径已移除
00_Core,MaterialInstanceConstant,MI_VFX_MagicImpact_FlashStar_Cyan,MI_VFX_MagicImpact_FlashStar_Cyan,,,,,,,,,,否,SharedAsset,/ModularGameVFX/Materials/CH06_MagicImpact/Instances/MI_VFX_MagicImpact_FlashStar_Cyan,/ModularGameVFX/ModularGameVFXLibrary/00_Core/Materials/MagicImpact/MI_VFX_MagicImpact_FlashStar_Cyan,已迁移（migration_complete.json）；旧路径已移除
00_Core,MaterialInstanceConstant,MI_VFX_MagicImpact_Flash_Platinum,MI_VFX_MagicImpact_Flash_Platinum,,,,,,,,,,否,SharedAsset,/ModularGameVFX/Materials/CH06_MagicImpact/Instances/MI_VFX_MagicImpact_Flash_Platinum,/ModularGameVFX/ModularGameVFXLibrary/00_Core/Materials/MagicImpact/MI_VFX_MagicImpact_Flash_Platinum,已迁移（migration_complete.json）；旧路径已移除
00_Core,MaterialInstanceConstant,MI_VFX_MagicImpact_Fragments_Gold,MI_VFX_MagicImpact_Fragments_Gold,,,,,,,,,,否,SharedAsset,/ModularGameVFX/Materials/CH06_MagicImpact/Instances/MI_VFX_MagicImpact_Fragments_Gold,/ModularGameVFX/ModularGameVFXLibrary/00_Core/Materials/MagicImpact/MI_VFX_MagicImpact_Fragments_Gold,已迁移（migration_complete.json）；旧路径已移除
00_Core,MaterialInstanceConstant,MI_VFX_MagicImpact_RadialBurst_Cyan,MI_VFX_MagicImpact_RadialBurst_Cyan,,,,,,,,,,否,SharedAsset,/ModularGameVFX/Materials/CH06_MagicImpact/Instances/MI_VFX_MagicImpact_RadialBurst_Cyan,/ModularGameVFX/ModularGameVFXLibrary/00_Core/Materials/MagicImpact/MI_VFX_MagicImpact_RadialBurst_Cyan,已迁移（migration_complete.json）；旧路径已移除
00_Core,MaterialInstanceConstant,MI_VFX_MagicImpact_ShockwaveBroken_Orange,MI_VFX_MagicImpact_ShockwaveBroken_Orange,,,,,,,,,,否,SharedAsset,/ModularGameVFX/Materials/CH06_MagicImpact/Instances/MI_VFX_MagicImpact_ShockwaveBroken_Orange,/ModularGameVFX/ModularGameVFXLibrary/00_Core/Materials/MagicImpact/MI_VFX_MagicImpact_ShockwaveBroken_Orange,已迁移（migration_complete.json）；旧路径已移除
00_Core,MaterialInstanceConstant,MI_VFX_MagicImpact_Shockwave_Platinum,MI_VFX_MagicImpact_Shockwave_Platinum,,,,,,,,,,否,SharedAsset,/ModularGameVFX/Materials/CH06_MagicImpact/Instances/MI_VFX_MagicImpact_Shockwave_Platinum,/ModularGameVFX/ModularGameVFXLibrary/00_Core/Materials/MagicImpact/MI_VFX_MagicImpact_Shockwave_Platinum,已迁移（migration_complete.json）；旧路径已移除
00_Core,MaterialInstanceConstant,MI_VFX_MagicImpact_Smoke_Cool,MI_VFX_MagicImpact_Smoke_Cool,,,,,,,,,,否,SharedAsset,/ModularGameVFX/Materials/CH06_MagicImpact/Instances/MI_VFX_MagicImpact_Smoke_Cool,/ModularGameVFX/ModularGameVFXLibrary/00_Core/Materials/MagicImpact/MI_VFX_MagicImpact_Smoke_Cool,已迁移（migration_complete.json）；旧路径已移除
00_Core,Material,M_VFX_Impact_Additive,M_VFX_Impact_Additive,,,,,,,,,,否,SharedAsset,/ModularGameVFX/Materials/CH06_MagicImpact/Parents/M_VFX_Impact_Additive,/ModularGameVFX/ModularGameVFXLibrary/00_Core/Materials/MagicImpact/M_VFX_Impact_Additive,已迁移（migration_complete.json）；旧路径已移除
00_Core,Material,M_VFX_Impact_Decal,M_VFX_Impact_Decal,,,,,,,,,,否,SharedAsset,/ModularGameVFX/Materials/CH06_MagicImpact/Parents/M_VFX_Impact_Decal,/ModularGameVFX/ModularGameVFXLibrary/00_Core/Materials/MagicImpact/M_VFX_Impact_Decal,已迁移（migration_complete.json）；旧路径已移除
00_Core,Material,M_VFX_Impact_Translucent,M_VFX_Impact_Translucent,,,,,,,,,,否,SharedAsset,/ModularGameVFX/Materials/CH06_MagicImpact/Parents/M_VFX_Impact_Translucent,/ModularGameVFX/ModularGameVFXLibrary/00_Core/Materials/MagicImpact/M_VFX_Impact_Translucent,已迁移（migration_complete.json）；旧路径已移除
00_Core,Material,M_VFX_MagicImpact_AdditiveAlpha,M_VFX_MagicImpact_AdditiveAlpha,,,,,,,,,,否,SharedAsset,/ModularGameVFX/Materials/CH06_MagicImpact/Parents/M_VFX_MagicImpact_AdditiveAlpha,/ModularGameVFX/ModularGameVFXLibrary/00_Core/Materials/MagicImpact/M_VFX_MagicImpact_AdditiveAlpha,已迁移（migration_complete.json）；旧路径已移除
00_Core,Material,M_VFX_MagicImpact_AdditiveMask,M_VFX_MagicImpact_AdditiveMask,,,,,,,,,,否,SharedAsset,/ModularGameVFX/Materials/CH06_MagicImpact/Parents/M_VFX_MagicImpact_AdditiveMask,/ModularGameVFX/ModularGameVFXLibrary/00_Core/Materials/MagicImpact/M_VFX_MagicImpact_AdditiveMask,已迁移（migration_complete.json）；旧路径已移除
00_Core,Material,M_VFX_MagicImpact_Decal,M_VFX_MagicImpact_Decal,,,,,,,,,,否,SharedAsset,/ModularGameVFX/Materials/CH06_MagicImpact/Parents/M_VFX_MagicImpact_Decal,/ModularGameVFX/ModularGameVFXLibrary/00_Core/Materials/MagicImpact/M_VFX_MagicImpact_Decal,已迁移（migration_complete.json）；旧路径已移除
00_Core,Material,M_VFX_MagicImpact_SoftAlpha,M_VFX_MagicImpact_SoftAlpha,,,,,,,,,,否,SharedAsset,/ModularGameVFX/Materials/CH06_MagicImpact/Parents/M_VFX_MagicImpact_SoftAlpha,/ModularGameVFX/ModularGameVFXLibrary/00_Core/Materials/MagicImpact/M_VFX_MagicImpact_SoftAlpha,已迁移（migration_complete.json）；旧路径已移除
00_Core,MaterialInstanceConstant,MI_VFX_MagicProjectile_FrontGlow,MI_VFX_MagicProjectile_FrontGlow,,,,,,,,,,否,SharedAsset,/ModularGameVFX/Materials/CH04_MagicProjectile/Instances/MI_VFX_MagicProjectile_FrontGlow,/ModularGameVFX/ModularGameVFXLibrary/00_Core/Materials/MagicProjectile/MI_VFX_MagicProjectile_FrontGlow,已迁移（migration_complete.json）；旧路径已移除
00_Core,MaterialInstanceConstant,MI_VFX_MagicProjectile_HomingTrail,MI_VFX_MagicProjectile_HomingTrail,,,,,,,,,,否,SharedAsset,/ModularGameVFX/Materials/CH04_MagicProjectile/Instances/MI_VFX_MagicProjectile_HomingTrail,/ModularGameVFX/ModularGameVFXLibrary/00_Core/Materials/MagicProjectile/MI_VFX_MagicProjectile_HomingTrail,已迁移（migration_complete.json）；旧路径已移除
00_Core,MaterialInstanceConstant,MI_VFX_MagicProjectile_RearGlow,MI_VFX_MagicProjectile_RearGlow,,,,,,,,,,否,SharedAsset,/ModularGameVFX/Materials/CH04_MagicProjectile/Instances/MI_VFX_MagicProjectile_RearGlow,/ModularGameVFX/ModularGameVFXLibrary/00_Core/Materials/MagicProjectile/MI_VFX_MagicProjectile_RearGlow,已迁移（migration_complete.json）；旧路径已移除
00_Core,MaterialInstanceConstant,MI_VFX_MagicProjectile_SpeedStreak,MI_VFX_MagicProjectile_SpeedStreak,,,,,,,,,,否,SharedAsset,/ModularGameVFX/Materials/CH04_MagicProjectile/Instances/MI_VFX_MagicProjectile_SpeedStreak,/ModularGameVFX/ModularGameVFXLibrary/00_Core/Materials/MagicProjectile/MI_VFX_MagicProjectile_SpeedStreak,已迁移（migration_complete.json）；旧路径已移除
00_Core,MaterialInstanceConstant,MI_VFX_MagicProjectile_Wake,MI_VFX_MagicProjectile_Wake,,,,,,,,,,否,SharedAsset,/ModularGameVFX/Materials/CH04_MagicProjectile/Instances/MI_VFX_MagicProjectile_Wake,/ModularGameVFX/ModularGameVFXLibrary/00_Core/Materials/MagicProjectile/MI_VFX_MagicProjectile_Wake,已迁移（migration_complete.json）；旧路径已移除
00_Core,MaterialInstanceConstant,MI_VFX_Projectile_FrontGlow,MI_VFX_Projectile_FrontGlow,,,,,,,,,,否,SharedAsset,/ModularGameVFX/Materials/CH04_MagicProjectile/Instances/MI_VFX_Projectile_FrontGlow,/ModularGameVFX/ModularGameVFXLibrary/00_Core/Materials/MagicProjectile/MI_VFX_Projectile_FrontGlow,已迁移（migration_complete.json）；旧路径已移除
00_Core,MaterialInstanceConstant,MI_VFX_Projectile_RearGlow,MI_VFX_Projectile_RearGlow,,,,,,,,,,否,SharedAsset,/ModularGameVFX/Materials/CH04_MagicProjectile/Instances/MI_VFX_Projectile_RearGlow,/ModularGameVFX/ModularGameVFXLibrary/00_Core/Materials/MagicProjectile/MI_VFX_Projectile_RearGlow,已迁移（migration_complete.json）；旧路径已移除
00_Core,MaterialInstanceConstant,MI_VFX_Projectile_Streak,MI_VFX_Projectile_Streak,,,,,,,,,,否,SharedAsset,/ModularGameVFX/Materials/CH04_MagicProjectile/Instances/MI_VFX_Projectile_Streak,/ModularGameVFX/ModularGameVFXLibrary/00_Core/Materials/MagicProjectile/MI_VFX_Projectile_Streak,已迁移（migration_complete.json）；旧路径已移除
00_Core,MaterialInstanceConstant,MI_VFX_Projectile_Wake,MI_VFX_Projectile_Wake,,,,,,,,,,否,SharedAsset,/ModularGameVFX/Materials/CH04_MagicProjectile/Instances/MI_VFX_Projectile_Wake,/ModularGameVFX/ModularGameVFXLibrary/00_Core/Materials/MagicProjectile/MI_VFX_Projectile_Wake,已迁移（migration_complete.json）；旧路径已移除
00_Core,Material,M_VFX_MagicProjectile_Sprite,M_VFX_MagicProjectile_Sprite,,,,,,,,,,否,SharedAsset,/ModularGameVFX/Materials/CH04_MagicProjectile/Parents/M_VFX_MagicProjectile_Sprite,/ModularGameVFX/ModularGameVFXLibrary/00_Core/Materials/MagicProjectile/M_VFX_MagicProjectile_Sprite,已迁移（migration_complete.json）；旧路径已移除
00_Core,Material,M_VFX_MagicProjectile_Trail,M_VFX_MagicProjectile_Trail,,,,,,,,,,否,SharedAsset,/ModularGameVFX/Materials/CH04_MagicProjectile/Parents/M_VFX_MagicProjectile_Trail,/ModularGameVFX/ModularGameVFXLibrary/00_Core/Materials/MagicProjectile/M_VFX_MagicProjectile_Trail,已迁移（migration_complete.json）；旧路径已移除
00_Core,Material,M_VFX_MagicProjectile_Wake,M_VFX_MagicProjectile_Wake,,,,,,,,,,否,SharedAsset,/ModularGameVFX/Materials/CH04_MagicProjectile/Parents/M_VFX_MagicProjectile_Wake,/ModularGameVFX/ModularGameVFXLibrary/00_Core/Materials/MagicProjectile/M_VFX_MagicProjectile_Wake,已迁移（migration_complete.json）；旧路径已移除
00_Core,Material,M_VFX_Projectile_Directional,M_VFX_Projectile_Directional,,,,,,,,,,否,SharedAsset,/ModularGameVFX/Materials/CH04_MagicProjectile/Parents/M_VFX_Projectile_Directional,/ModularGameVFX/ModularGameVFXLibrary/00_Core/Materials/MagicProjectile/M_VFX_Projectile_Directional,已迁移（migration_complete.json）；旧路径已移除
00_Core,Material,M_VFX_Projectile_Wake,M_VFX_Projectile_Wake,,,,,,,,,,否,SharedAsset,/ModularGameVFX/Materials/CH04_MagicProjectile/Parents/M_VFX_Projectile_Wake,/ModularGameVFX/ModularGameVFXLibrary/00_Core/Materials/MagicProjectile/M_VFX_Projectile_Wake,已迁移（migration_complete.json）；旧路径已移除
00_Core,MaterialInstanceConstant,MI_VFX_Shield_Base,MI_VFX_Shield_Base,,,,,,,,,,否,SharedAsset,/ModularGameVFX/Materials/CH11_MagicShield/Instances/MI_VFX_Shield_Base,/ModularGameVFX/ModularGameVFXLibrary/00_Core/Materials/MagicShield/MI_VFX_Shield_Base,已迁移（migration_complete.json）；旧路径已移除
00_Core,MaterialInstanceConstant,MI_VFX_Shield_Broken,MI_VFX_Shield_Broken,,,,,,,,,,否,SharedAsset,/ModularGameVFX/Materials/CH11_MagicShield/Instances/MI_VFX_Shield_Broken,/ModularGameVFX/ModularGameVFXLibrary/00_Core/Materials/MagicShield/MI_VFX_Shield_Broken,已迁移（migration_complete.json）；旧路径已移除
00_Core,MaterialInstanceConstant,MI_VFX_Shield_Cracked,MI_VFX_Shield_Cracked,,,,,,,,,,否,SharedAsset,/ModularGameVFX/Materials/CH11_MagicShield/Instances/MI_VFX_Shield_Cracked,/ModularGameVFX/ModularGameVFXLibrary/00_Core/Materials/MagicShield/MI_VFX_Shield_Cracked,已迁移（migration_complete.json）；旧路径已移除
00_Core,MaterialInstanceConstant,MI_VFX_Shield_Distortion,MI_VFX_Shield_Distortion,,,,,,,,,,否,SharedAsset,/ModularGameVFX/Materials/CH11_MagicShield/Instances/MI_VFX_Shield_Distortion,/ModularGameVFX/ModularGameVFXLibrary/00_Core/Materials/MagicShield/MI_VFX_Shield_Distortion,已迁移（migration_complete.json）；旧路径已移除
00_Core,MaterialInstanceConstant,MI_VFX_Shield_Hex,MI_VFX_Shield_Hex,,,,,,,,,,否,SharedAsset,/ModularGameVFX/Materials/CH11_MagicShield/Instances/MI_VFX_Shield_Hex,/ModularGameVFX/ModularGameVFXLibrary/00_Core/Materials/MagicShield/MI_VFX_Shield_Hex,已迁移（migration_complete.json）；旧路径已移除
00_Core,MaterialInstanceConstant,MI_VFX_Shield_Hit,MI_VFX_Shield_Hit,,,,,,,,,,否,SharedAsset,/ModularGameVFX/Materials/CH11_MagicShield/Instances/MI_VFX_Shield_Hit,/ModularGameVFX/ModularGameVFXLibrary/00_Core/Materials/MagicShield/MI_VFX_Shield_Hit,已迁移（migration_complete.json）；旧路径已移除
00_Core,Material,M_VFX_Shield_Distortion,M_VFX_Shield_Distortion,,,,,,,,,,否,SharedAsset,/ModularGameVFX/Materials/CH11_MagicShield/Parents/M_VFX_Shield_Distortion,/ModularGameVFX/ModularGameVFXLibrary/00_Core/Materials/MagicShield/M_VFX_Shield_Distortion,已迁移（migration_complete.json）；旧路径已移除
00_Core,Material,M_VFX_Shield_Hit,M_VFX_Shield_Hit,,,,,,,,,,否,SharedAsset,/ModularGameVFX/Materials/CH11_MagicShield/Parents/M_VFX_Shield_Hit,/ModularGameVFX/ModularGameVFXLibrary/00_Core/Materials/MagicShield/M_VFX_Shield_Hit,已迁移（migration_complete.json）；旧路径已移除
00_Core,Material,M_VFX_Shield_Master,M_VFX_Shield_Master,,,,,,,,,,否,SharedAsset,/ModularGameVFX/Materials/CH11_MagicShield/Parents/M_VFX_Shield_Master,/ModularGameVFX/ModularGameVFXLibrary/00_Core/Materials/MagicShield/M_VFX_Shield_Master,已迁移（migration_complete.json）；旧路径已移除
00_Core,MaterialInstanceConstant,MI_VFX_MagicSpark_01,MI_VFX_MagicSpark_01,,,,,,,,,,否,SharedAsset,/ModularGameVFX/Materials/CH01_MagicSpark/Instances/MI_VFX_MagicSpark_01,/ModularGameVFX/ModularGameVFXLibrary/00_Core/Materials/MagicSpark/MI_VFX_MagicSpark_01,已迁移（migration_complete.json）；旧路径已移除
00_Core,MaterialInstanceConstant,MI_VFX_MagicSpark_Glint4,MI_VFX_MagicSpark_Glint4,,,,,,,,,,否,SharedAsset,/ModularGameVFX/Materials/CH01_MagicSpark/Instances/MI_VFX_MagicSpark_Glint4,/ModularGameVFX/ModularGameVFXLibrary/00_Core/Materials/MagicSpark/MI_VFX_MagicSpark_Glint4,已迁移（migration_complete.json）；旧路径已移除
00_Core,MaterialInstanceConstant,MI_VFX_MagicSpark_Glint6,MI_VFX_MagicSpark_Glint6,,,,,,,,,,否,SharedAsset,/ModularGameVFX/Materials/CH01_MagicSpark/Instances/MI_VFX_MagicSpark_Glint6,/ModularGameVFX/ModularGameVFXLibrary/00_Core/Materials/MagicSpark/MI_VFX_MagicSpark_Glint6,已迁移（migration_complete.json）；旧路径已移除
00_Core,MaterialInstanceConstant,MI_VFX_MagicSpark_Radial,MI_VFX_MagicSpark_Radial,,,,,,,,,,否,SharedAsset,/ModularGameVFX/Materials/CH01_MagicSpark/Instances/MI_VFX_MagicSpark_Radial,/ModularGameVFX/ModularGameVFXLibrary/00_Core/Materials/MagicSpark/MI_VFX_MagicSpark_Radial,已迁移（migration_complete.json）；旧路径已移除
00_Core,MaterialInstanceConstant,MI_VFX_MagicSpark_RadialSoft,MI_VFX_MagicSpark_RadialSoft,,,,,,,,,,否,SharedAsset,/ModularGameVFX/Materials/CH01_MagicSpark/Instances/MI_VFX_MagicSpark_RadialSoft,/ModularGameVFX/ModularGameVFXLibrary/00_Core/Materials/MagicSpark/MI_VFX_MagicSpark_RadialSoft,已迁移（migration_complete.json）；旧路径已移除
00_Core,MaterialInstanceConstant,MI_VFX_MagicSpark_Round,MI_VFX_MagicSpark_Round,,,,,,,,,,否,SharedAsset,/ModularGameVFX/Materials/CH01_MagicSpark/Instances/MI_VFX_MagicSpark_Round,/ModularGameVFX/ModularGameVFXLibrary/00_Core/Materials/MagicSpark/MI_VFX_MagicSpark_Round,已迁移（migration_complete.json）；旧路径已移除
00_Core,MaterialInstanceConstant,MI_VFX_MagicSpark_Sharp,MI_VFX_MagicSpark_Sharp,,,,,,,,,,否,SharedAsset,/ModularGameVFX/Materials/CH01_MagicSpark/Instances/MI_VFX_MagicSpark_Sharp,/ModularGameVFX/ModularGameVFXLibrary/00_Core/Materials/MagicSpark/MI_VFX_MagicSpark_Sharp,已迁移（migration_complete.json）；旧路径已移除
00_Core,MaterialInstanceConstant,MI_VFX_MagicSpark_Streak,MI_VFX_MagicSpark_Streak,,,,,,,,,,否,SharedAsset,/ModularGameVFX/Materials/CH01_MagicSpark/Instances/MI_VFX_MagicSpark_Streak,/ModularGameVFX/ModularGameVFXLibrary/00_Core/Materials/MagicSpark/MI_VFX_MagicSpark_Streak,已迁移（migration_complete.json）；旧路径已移除
00_Core,Material,M_VFX_MagicSpark_Sprite,M_VFX_MagicSpark_Sprite,,,,,,,,,,否,SharedAsset,/ModularGameVFX/Materials/CH01_MagicSpark/Parents/M_VFX_MagicSpark_Sprite,/ModularGameVFX/ModularGameVFXLibrary/00_Core/Materials/MagicSpark/M_VFX_MagicSpark_Sprite,已迁移（migration_complete.json）；旧路径已移除
00_Core,Material,M_VFX_MagicSpark_Streak,M_VFX_MagicSpark_Streak,,,,,,,,,,否,SharedAsset,/ModularGameVFX/Materials/CH01_MagicSpark/Parents/M_VFX_MagicSpark_Streak,/ModularGameVFX/ModularGameVFXLibrary/00_Core/Materials/MagicSpark/M_VFX_MagicSpark_Streak,已迁移（migration_complete.json）；旧路径已移除
00_Core,MaterialInstanceConstant,MI_VFX_DashAfterimage,MI_VFX_DashAfterimage,,,,,,,,,,否,SharedAsset,/ModularGameVFX/Materials/CH22_Melee/Instances/MI_VFX_DashAfterimage,/ModularGameVFX/ModularGameVFXLibrary/00_Core/Materials/Melee/MI_VFX_DashAfterimage,已迁移（migration_complete.json）；旧路径已移除
00_Core,MaterialInstanceConstant,MI_VFX_DashStreak,MI_VFX_DashStreak,,,,,,,,,,否,SharedAsset,/ModularGameVFX/Materials/CH22_Melee/Instances/MI_VFX_DashStreak,/ModularGameVFX/ModularGameVFXLibrary/00_Core/Materials/Melee/MI_VFX_DashStreak,已迁移（migration_complete.json）；旧路径已移除
00_Core,MaterialInstanceConstant,MI_VFX_Dust01,MI_VFX_Dust01,,,,,,,,,,否,SharedAsset,/ModularGameVFX/Materials/CH22_Melee/Instances/MI_VFX_Dust01,/ModularGameVFX/ModularGameVFXLibrary/00_Core/Materials/Melee/MI_VFX_Dust01,已迁移（migration_complete.json）；旧路径已移除
00_Core,MaterialInstanceConstant,MI_VFX_GroundCrackDirectional01,MI_VFX_GroundCrackDirectional01,,,,,,,,,,否,SharedAsset,/ModularGameVFX/Materials/CH22_Melee/Instances/MI_VFX_GroundCrackDirectional01,/ModularGameVFX/ModularGameVFXLibrary/00_Core/Materials/Melee/MI_VFX_GroundCrackDirectional01,已迁移（migration_complete.json）；旧路径已移除
00_Core,MaterialInstanceConstant,MI_VFX_Slash01,MI_VFX_Slash01,,,,,,,,,,否,SharedAsset,/ModularGameVFX/Materials/CH22_Melee/Instances/MI_VFX_Slash01,/ModularGameVFX/ModularGameVFXLibrary/00_Core/Materials/Melee/MI_VFX_Slash01,已迁移（migration_complete.json）；旧路径已移除
00_Core,MaterialInstanceConstant,MI_VFX_Slash02,MI_VFX_Slash02,,,,,,,,,,否,SharedAsset,/ModularGameVFX/Materials/CH22_Melee/Instances/MI_VFX_Slash02,/ModularGameVFX/ModularGameVFXLibrary/00_Core/Materials/Melee/MI_VFX_Slash02,已迁移（migration_complete.json）；旧路径已移除
00_Core,MaterialInstanceConstant,MI_VFX_SlashBroken,MI_VFX_SlashBroken,,,,,,,,,,否,SharedAsset,/ModularGameVFX/Materials/CH22_Melee/Instances/MI_VFX_SlashBroken,/ModularGameVFX/ModularGameVFXLibrary/00_Core/Materials/Melee/MI_VFX_SlashBroken,已迁移（migration_complete.json）；旧路径已移除
00_Core,MaterialInstanceConstant,MI_VFX_SlashFlipbook01,MI_VFX_SlashFlipbook01,,,,,,,,,,否,SharedAsset,/ModularGameVFX/Materials/CH22_Melee/Instances/MI_VFX_SlashFlipbook01,/ModularGameVFX/ModularGameVFXLibrary/00_Core/Materials/Melee/MI_VFX_SlashFlipbook01,已迁移（migration_complete.json）；旧路径已移除
00_Core,MaterialInstanceConstant,MI_VFX_SwordWave,MI_VFX_SwordWave,,,,,,,,,,否,SharedAsset,/ModularGameVFX/Materials/CH22_Melee/Instances/MI_VFX_SwordWave,/ModularGameVFX/ModularGameVFXLibrary/00_Core/Materials/Melee/MI_VFX_SwordWave,已迁移（migration_complete.json）；旧路径已移除
00_Core,Material,M_VFX_Dash_Master,M_VFX_Dash_Master,,,,,,,,,,否,SharedAsset,/ModularGameVFX/Materials/CH22_Melee/Parents/M_VFX_Dash_Master,/ModularGameVFX/ModularGameVFXLibrary/00_Core/Materials/Melee/M_VFX_Dash_Master,已迁移（migration_complete.json）；旧路径已移除
00_Core,Material,M_VFX_Dust_Master,M_VFX_Dust_Master,,,,,,,,,,否,SharedAsset,/ModularGameVFX/Materials/CH22_Melee/Parents/M_VFX_Dust_Master,/ModularGameVFX/ModularGameVFXLibrary/00_Core/Materials/Melee/M_VFX_Dust_Master,已迁移（migration_complete.json）；旧路径已移除
00_Core,Material,M_VFX_GroundCrack_Master,M_VFX_GroundCrack_Master,,,,,,,,,,否,SharedAsset,/ModularGameVFX/Materials/CH22_Melee/Parents/M_VFX_GroundCrack_Master,/ModularGameVFX/ModularGameVFXLibrary/00_Core/Materials/Melee/M_VFX_GroundCrack_Master,已迁移（migration_complete.json）；旧路径已移除
00_Core,Material,M_VFX_Slash_Flipbook,M_VFX_Slash_Flipbook,,,,,,,,,,否,SharedAsset,/ModularGameVFX/Materials/CH22_Melee/Parents/M_VFX_Slash_Flipbook,/ModularGameVFX/ModularGameVFXLibrary/00_Core/Materials/Melee/M_VFX_Slash_Flipbook,已迁移（migration_complete.json）；旧路径已移除
00_Core,Material,M_VFX_Slash_Master,M_VFX_Slash_Master,,,,,,,,,,否,SharedAsset,/ModularGameVFX/Materials/CH22_Melee/Parents/M_VFX_Slash_Master,/ModularGameVFX/ModularGameVFXLibrary/00_Core/Materials/Melee/M_VFX_Slash_Master,已迁移（migration_complete.json）；旧路径已移除
00_Core,Material,M_VFX_SwordWave_Master,M_VFX_SwordWave_Master,,,,,,,,,,否,SharedAsset,/ModularGameVFX/Materials/CH22_Melee/Parents/M_VFX_SwordWave_Master,/ModularGameVFX/ModularGameVFXLibrary/00_Core/Materials/Melee/M_VFX_SwordWave_Master,已迁移（migration_complete.json）；旧路径已移除
00_Core,MaterialInstanceConstant,MI_PetalBloom_Glint,MI_PetalBloom_Glint,,,,,,,,,,否,SharedAsset,/ModularGameVFX/Effects/Nature/Materials/Instances/MI_PetalBloom_Glint,/ModularGameVFX/ModularGameVFXLibrary/00_Core/Materials/Nature/MI_PetalBloom_Glint,已迁移（migration_complete.json）；旧路径已移除
00_Core,MaterialInstanceConstant,MI_PetalBloom_Halo,MI_PetalBloom_Halo,,,,,,,,,,否,SharedAsset,/ModularGameVFX/Effects/Nature/Materials/Instances/MI_PetalBloom_Halo,/ModularGameVFX/ModularGameVFXLibrary/00_Core/Materials/Nature/MI_PetalBloom_Halo,已迁移（migration_complete.json）；旧路径已移除
00_Core,MaterialInstanceConstant,MI_PetalBloom_InnerSpiral,MI_PetalBloom_InnerSpiral,,,,,,,,,,否,SharedAsset,/ModularGameVFX/Effects/Nature/Materials/Instances/MI_PetalBloom_InnerSpiral,/ModularGameVFX/ModularGameVFXLibrary/00_Core/Materials/Nature/MI_PetalBloom_InnerSpiral,已迁移（migration_complete.json）；旧路径已移除
00_Core,MaterialInstanceConstant,MI_PetalBloom_Mist,MI_PetalBloom_Mist,,,,,,,,,,否,SharedAsset,/ModularGameVFX/Effects/Nature/Materials/Instances/MI_PetalBloom_Mist,/ModularGameVFX/ModularGameVFXLibrary/00_Core/Materials/Nature/MI_PetalBloom_Mist,已迁移（migration_complete.json）；旧路径已移除
00_Core,MaterialInstanceConstant,MI_PetalBloom_PetalLuminous,MI_PetalBloom_PetalLuminous,,,,,,,,,,否,SharedAsset,/ModularGameVFX/Effects/Nature/Materials/Instances/MI_PetalBloom_PetalLuminous,/ModularGameVFX/ModularGameVFXLibrary/00_Core/Materials/Nature/MI_PetalBloom_PetalLuminous,已迁移（migration_complete.json）；旧路径已移除
00_Core,MaterialInstanceConstant,MI_PetalBloom_PetalRose,MI_PetalBloom_PetalRose,,,,,,,,,,否,SharedAsset,/ModularGameVFX/Effects/Nature/Materials/Instances/MI_PetalBloom_PetalRose,/ModularGameVFX/ModularGameVFXLibrary/00_Core/Materials/Nature/MI_PetalBloom_PetalRose,已迁移（migration_complete.json）；旧路径已移除
00_Core,MaterialInstanceConstant,MI_PetalBloom_SilkRing,MI_PetalBloom_SilkRing,,,,,,,,,,否,SharedAsset,/ModularGameVFX/Effects/Nature/Materials/Instances/MI_PetalBloom_SilkRing,/ModularGameVFX/ModularGameVFXLibrary/00_Core/Materials/Nature/MI_PetalBloom_SilkRing,已迁移（migration_complete.json）；旧路径已移除
00_Core,Material,M_PetalBloom_AuroraSkirt,M_PetalBloom_AuroraSkirt,,,,,,,,,,否,SharedAsset,/ModularGameVFX/Effects/Nature/Materials/Parents/M_PetalBloom_AuroraSkirt,/ModularGameVFX/ModularGameVFXLibrary/00_Core/Materials/Nature/M_PetalBloom_AuroraSkirt,已迁移（migration_complete.json）；旧路径已移除
00_Core,Material,M_PetalBloom_Haze,M_PetalBloom_Haze,,,,,,,,,,否,SharedAsset,/ModularGameVFX/Effects/Nature/Materials/Parents/M_PetalBloom_Haze,/ModularGameVFX/ModularGameVFXLibrary/00_Core/Materials/Nature/M_PetalBloom_Haze,已迁移（migration_complete.json）；旧路径已移除
00_Core,Material,M_PetalBloom_Luminous,M_PetalBloom_Luminous,,,,,,,,,,否,SharedAsset,/ModularGameVFX/Effects/Nature/Materials/Parents/M_PetalBloom_Luminous,/ModularGameVFX/ModularGameVFXLibrary/00_Core/Materials/Nature/M_PetalBloom_Luminous,已迁移（migration_complete.json）；旧路径已移除
00_Core,Material,M_PetalBloom_SilkenPetal,M_PetalBloom_SilkenPetal,,,,,,,,,,否,SharedAsset,/ModularGameVFX/Effects/Nature/Materials/Parents/M_PetalBloom_SilkenPetal,/ModularGameVFX/ModularGameVFXLibrary/00_Core/Materials/Nature/M_PetalBloom_SilkenPetal,已迁移（migration_complete.json）；旧路径已移除
00_Core,MaterialInstanceConstant,MI_VFX_Leaf01,MI_VFX_Leaf01,,,,,,,,,,否,SharedAsset,/ModularGameVFX/Materials/CH18_NatureDruid/Instances/MI_VFX_Leaf01,/ModularGameVFX/ModularGameVFXLibrary/00_Core/Materials/NatureDruid/MI_VFX_Leaf01,已迁移（migration_complete.json）；旧路径已移除
00_Core,MaterialInstanceConstant,MI_VFX_MoonGlow,MI_VFX_MoonGlow,,,,,,,,,,否,SharedAsset,/ModularGameVFX/Materials/CH18_NatureDruid/Instances/MI_VFX_MoonGlow,/ModularGameVFX/ModularGameVFXLibrary/00_Core/Materials/NatureDruid/MI_VFX_MoonGlow,已迁移（migration_complete.json）；旧路径已移除
00_Core,MaterialInstanceConstant,MI_VFX_NatureGround,MI_VFX_NatureGround,,,,,,,,,,否,SharedAsset,/ModularGameVFX/Materials/CH18_NatureDruid/Instances/MI_VFX_NatureGround,/ModularGameVFX/ModularGameVFXLibrary/00_Core/Materials/NatureDruid/MI_VFX_NatureGround,已迁移（migration_complete.json）；旧路径已移除
00_Core,MaterialInstanceConstant,MI_VFX_NatureHealingMote,MI_VFX_NatureHealingMote,,,,,,,,,,否,SharedAsset,/ModularGameVFX/Materials/CH18_NatureDruid/Instances/MI_VFX_NatureHealingMote,/ModularGameVFX/ModularGameVFXLibrary/00_Core/Materials/NatureDruid/MI_VFX_NatureHealingMote,已迁移（migration_complete.json）；旧路径已移除
00_Core,MaterialInstanceConstant,MI_VFX_Petal01,MI_VFX_Petal01,,,,,,,,,,否,SharedAsset,/ModularGameVFX/Materials/CH18_NatureDruid/Instances/MI_VFX_Petal01,/ModularGameVFX/ModularGameVFXLibrary/00_Core/Materials/NatureDruid/MI_VFX_Petal01,已迁移（migration_complete.json）；旧路径已移除
00_Core,MaterialInstanceConstant,MI_VFX_Star,MI_VFX_Star,,,,,,,,,,否,SharedAsset,/ModularGameVFX/Materials/CH18_NatureDruid/Instances/MI_VFX_Star,/ModularGameVFX/ModularGameVFXLibrary/00_Core/Materials/NatureDruid/MI_VFX_Star,已迁移（migration_complete.json）；旧路径已移除
00_Core,MaterialInstanceConstant,MI_VFX_SunRay,MI_VFX_SunRay,,,,,,,,,,否,SharedAsset,/ModularGameVFX/Materials/CH18_NatureDruid/Instances/MI_VFX_SunRay,/ModularGameVFX/ModularGameVFXLibrary/00_Core/Materials/NatureDruid/MI_VFX_SunRay,已迁移（migration_complete.json）；旧路径已移除
00_Core,MaterialInstanceConstant,MI_VFX_Vine,MI_VFX_Vine,,,,,,,,,,否,SharedAsset,/ModularGameVFX/Materials/CH18_NatureDruid/Instances/MI_VFX_Vine,/ModularGameVFX/ModularGameVFXLibrary/00_Core/Materials/NatureDruid/MI_VFX_Vine,已迁移（migration_complete.json）；旧路径已移除
00_Core,Material,M_VFX_Druid_Celestial,M_VFX_Druid_Celestial,,,,,,,,,,否,SharedAsset,/ModularGameVFX/Materials/CH18_NatureDruid/Parents/M_VFX_Druid_Celestial,/ModularGameVFX/ModularGameVFXLibrary/00_Core/Materials/NatureDruid/M_VFX_Druid_Celestial,已迁移（migration_complete.json）；旧路径已移除
00_Core,Material,M_VFX_Nature_Ground,M_VFX_Nature_Ground,,,,,,,,,,否,SharedAsset,/ModularGameVFX/Materials/CH18_NatureDruid/Parents/M_VFX_Nature_Ground,/ModularGameVFX/ModularGameVFXLibrary/00_Core/Materials/NatureDruid/M_VFX_Nature_Ground,已迁移（migration_complete.json）；旧路径已移除
00_Core,Material,M_VFX_Nature_Healing,M_VFX_Nature_Healing,,,,,,,,,,否,SharedAsset,/ModularGameVFX/Materials/CH18_NatureDruid/Parents/M_VFX_Nature_Healing,/ModularGameVFX/ModularGameVFXLibrary/00_Core/Materials/NatureDruid/M_VFX_Nature_Healing,已迁移（migration_complete.json）；旧路径已移除
00_Core,Material,M_VFX_Nature_Leaf,M_VFX_Nature_Leaf,,,,,,,,,,否,SharedAsset,/ModularGameVFX/Materials/CH18_NatureDruid/Parents/M_VFX_Nature_Leaf,/ModularGameVFX/ModularGameVFXLibrary/00_Core/Materials/NatureDruid/M_VFX_Nature_Leaf,已迁移（migration_complete.json）；旧路径已移除
00_Core,Material,M_VFX_Nature_Petal,M_VFX_Nature_Petal,,,,,,,,,,否,SharedAsset,/ModularGameVFX/Materials/CH18_NatureDruid/Parents/M_VFX_Nature_Petal,/ModularGameVFX/ModularGameVFXLibrary/00_Core/Materials/NatureDruid/M_VFX_Nature_Petal,已迁移（migration_complete.json）；旧路径已移除
00_Core,Material,M_VFX_Nature_Vine,M_VFX_Nature_Vine,,,,,,,,,,否,SharedAsset,/ModularGameVFX/Materials/CH18_NatureDruid/Parents/M_VFX_Nature_Vine,/ModularGameVFX/ModularGameVFXLibrary/00_Core/Materials/NatureDruid/M_VFX_Nature_Vine,已迁移（migration_complete.json）；旧路径已移除
00_Core,MaterialInstanceConstant,MI_VFX_PeachPetal,MI_VFX_PeachPetal,,,,,,,,,,否,SharedAsset,/ModularGameVFX/Materials/PetalsAura/Instances/MI_VFX_PeachPetal,/ModularGameVFX/ModularGameVFXLibrary/00_Core/Materials/PetalsAura/MI_VFX_PeachPetal,已迁移（migration_complete.json）；旧路径已移除
00_Core,Material,M_VFX_PeachGlowMote,M_VFX_PeachGlowMote,,,,,,,,,,否,SharedAsset,/ModularGameVFX/Materials/PetalsAura/Parents/M_VFX_PeachGlowMote,/ModularGameVFX/ModularGameVFXLibrary/00_Core/Materials/PetalsAura/M_VFX_PeachGlowMote,已迁移（migration_complete.json）；旧路径已移除
00_Core,Material,M_VFX_PeachGlow_RuntimeTint,M_VFX_PeachGlow_RuntimeTint,,,,,,,,,,否,SharedAsset,/ModularGameVFX/Materials/PetalsAura/Parents/M_VFX_PeachGlow_RuntimeTint,/ModularGameVFX/ModularGameVFXLibrary/00_Core/Materials/PetalsAura/M_VFX_PeachGlow_RuntimeTint,已迁移（migration_complete.json）；旧路径已移除
00_Core,Material,M_VFX_PeachLightPillar_RuntimeTint,M_VFX_PeachLightPillar_RuntimeTint,,,,,,,,,,否,SharedAsset,/ModularGameVFX/Materials/PetalsAura/Parents/M_VFX_PeachLightPillar_RuntimeTint,/ModularGameVFX/ModularGameVFXLibrary/00_Core/Materials/PetalsAura/M_VFX_PeachLightPillar_RuntimeTint,已迁移（migration_complete.json）；旧路径已移除
00_Core,Material,M_VFX_PeachPetal,M_VFX_PeachPetal,,,,,,,,,,否,SharedAsset,/ModularGameVFX/Materials/PetalsAura/Parents/M_VFX_PeachPetal,/ModularGameVFX/ModularGameVFXLibrary/00_Core/Materials/PetalsAura/M_VFX_PeachPetal,已迁移（migration_complete.json）；旧路径已移除
00_Core,Material,M_VFX_PeachPetal_RuntimeTint,M_VFX_PeachPetal_RuntimeTint,,,,,,,,,,否,SharedAsset,/ModularGameVFX/Materials/PetalsAura/Parents/M_VFX_PeachPetal_RuntimeTint,/ModularGameVFX/ModularGameVFXLibrary/00_Core/Materials/PetalsAura/M_VFX_PeachPetal_RuntimeTint,已迁移（migration_complete.json）；旧路径已移除
00_Core,Material,M_VFX_PeachRingSoft_RuntimeTint,M_VFX_PeachRingSoft_RuntimeTint,,,,,,,,,,否,SharedAsset,/ModularGameVFX/Materials/PetalsAura/Parents/M_VFX_PeachRingSoft_RuntimeTint,/ModularGameVFX/ModularGameVFXLibrary/00_Core/Materials/PetalsAura/M_VFX_PeachRingSoft_RuntimeTint,已迁移（migration_complete.json）；旧路径已移除
00_Core,Material,M_VFX_PeachRing_RuntimeTint,M_VFX_PeachRing_RuntimeTint,,,,,,,,,,否,SharedAsset,/ModularGameVFX/Materials/PetalsAura/Parents/M_VFX_PeachRing_RuntimeTint,/ModularGameVFX/ModularGameVFXLibrary/00_Core/Materials/PetalsAura/M_VFX_PeachRing_RuntimeTint,已迁移（migration_complete.json）；旧路径已移除
00_Core,Material,M_VFX_PeachRipple_RuntimeTint,M_VFX_PeachRipple_RuntimeTint,,,,,,,,,,否,SharedAsset,/ModularGameVFX/Materials/PetalsAura/Parents/M_VFX_PeachRipple_RuntimeTint,/ModularGameVFX/ModularGameVFXLibrary/00_Core/Materials/PetalsAura/M_VFX_PeachRipple_RuntimeTint,已迁移（migration_complete.json）；旧路径已移除
00_Core,MaterialInstanceConstant,MI_VFX_Portal_Distortion,MI_VFX_Portal_Distortion,,,,,,,,,,否,SharedAsset,/ModularGameVFX/Materials/CH10_PortalTeleport/Instances/MI_VFX_Portal_Distortion,/ModularGameVFX/ModularGameVFXLibrary/00_Core/Materials/PortalTeleport/MI_VFX_Portal_Distortion,已迁移（migration_complete.json）；旧路径已移除
00_Core,MaterialInstanceConstant,MI_VFX_Portal_Edge,MI_VFX_Portal_Edge,,,,,,,,,,否,SharedAsset,/ModularGameVFX/Materials/CH10_PortalTeleport/Instances/MI_VFX_Portal_Edge,/ModularGameVFX/ModularGameVFXLibrary/00_Core/Materials/PortalTeleport/MI_VFX_Portal_Edge,已迁移（migration_complete.json）；旧路径已移除
00_Core,MaterialInstanceConstant,MI_VFX_Portal_Niagara_Distortion,MI_VFX_Portal_Niagara_Distortion,,,,,,,,,,否,SharedAsset,/ModularGameVFX/Materials/CH10_PortalTeleport/Instances/MI_VFX_Portal_Niagara_Distortion,/ModularGameVFX/ModularGameVFXLibrary/00_Core/Materials/PortalTeleport/MI_VFX_Portal_Niagara_Distortion,已迁移（migration_complete.json）；旧路径已移除
00_Core,MaterialInstanceConstant,MI_VFX_Portal_Niagara_EdgeSpark,MI_VFX_Portal_Niagara_EdgeSpark,,,,,,,,,,否,SharedAsset,/ModularGameVFX/Materials/CH10_PortalTeleport/Instances/MI_VFX_Portal_Niagara_EdgeSpark,/ModularGameVFX/ModularGameVFXLibrary/00_Core/Materials/PortalTeleport/MI_VFX_Portal_Niagara_EdgeSpark,已迁移（migration_complete.json）；旧路径已移除
00_Core,MaterialInstanceConstant,MI_VFX_Portal_Niagara_InnerVortex,MI_VFX_Portal_Niagara_InnerVortex,,,,,,,,,,否,SharedAsset,/ModularGameVFX/Materials/CH10_PortalTeleport/Instances/MI_VFX_Portal_Niagara_InnerVortex,/ModularGameVFX/ModularGameVFXLibrary/00_Core/Materials/PortalTeleport/MI_VFX_Portal_Niagara_InnerVortex,已迁移（migration_complete.json）；旧路径已移除
00_Core,MaterialInstanceConstant,MI_VFX_Portal_Niagara_OuterRing,MI_VFX_Portal_Niagara_OuterRing,,,,,,,,,,否,SharedAsset,/ModularGameVFX/Materials/CH10_PortalTeleport/Instances/MI_VFX_Portal_Niagara_OuterRing,/ModularGameVFX/ModularGameVFXLibrary/00_Core/Materials/PortalTeleport/MI_VFX_Portal_Niagara_OuterRing,已迁移（migration_complete.json）；旧路径已移除
00_Core,MaterialInstanceConstant,MI_VFX_Portal_Niagara_Particle,MI_VFX_Portal_Niagara_Particle,,,,,,,,,,否,SharedAsset,/ModularGameVFX/Materials/CH10_PortalTeleport/Instances/MI_VFX_Portal_Niagara_Particle,/ModularGameVFX/ModularGameVFXLibrary/00_Core/Materials/PortalTeleport/MI_VFX_Portal_Niagara_Particle,已迁移（migration_complete.json）；旧路径已移除
00_Core,MaterialInstanceConstant,MI_VFX_Portal_Niagara_Surface,MI_VFX_Portal_Niagara_Surface,,,,,,,,,,否,SharedAsset,/ModularGameVFX/Materials/CH10_PortalTeleport/Instances/MI_VFX_Portal_Niagara_Surface,/ModularGameVFX/ModularGameVFXLibrary/00_Core/Materials/PortalTeleport/MI_VFX_Portal_Niagara_Surface,已迁移（migration_complete.json）；旧路径已移除
00_Core,MaterialInstanceConstant,MI_VFX_Portal_Niagara_Tendril,MI_VFX_Portal_Niagara_Tendril,,,,,,,,,,否,SharedAsset,/ModularGameVFX/Materials/CH10_PortalTeleport/Instances/MI_VFX_Portal_Niagara_Tendril,/ModularGameVFX/ModularGameVFXLibrary/00_Core/Materials/PortalTeleport/MI_VFX_Portal_Niagara_Tendril,已迁移（migration_complete.json）；旧路径已移除
00_Core,MaterialInstanceConstant,MI_VFX_Portal_Ripple,MI_VFX_Portal_Ripple,,,,,,,,,,否,SharedAsset,/ModularGameVFX/Materials/CH10_PortalTeleport/Instances/MI_VFX_Portal_Ripple,/ModularGameVFX/ModularGameVFXLibrary/00_Core/Materials/PortalTeleport/MI_VFX_Portal_Ripple,已迁移（migration_complete.json）；旧路径已移除
00_Core,MaterialInstanceConstant,MI_VFX_Portal_Surface,MI_VFX_Portal_Surface,,,,,,,,,,否,SharedAsset,/ModularGameVFX/Materials/CH10_PortalTeleport/Instances/MI_VFX_Portal_Surface,/ModularGameVFX/ModularGameVFXLibrary/00_Core/Materials/PortalTeleport/MI_VFX_Portal_Surface,已迁移（migration_complete.json）；旧路径已移除
00_Core,MaterialInstanceConstant,MI_VFX_Teleport_Afterimage,MI_VFX_Teleport_Afterimage,,,,,,,,,,否,SharedAsset,/ModularGameVFX/Materials/CH10_PortalTeleport/Instances/MI_VFX_Teleport_Afterimage,/ModularGameVFX/ModularGameVFXLibrary/00_Core/Materials/PortalTeleport/MI_VFX_Teleport_Afterimage,已迁移（migration_complete.json）；旧路径已移除
00_Core,MaterialInstanceConstant,MI_VFX_Teleport_Dissolve,MI_VFX_Teleport_Dissolve,,,,,,,,,,否,SharedAsset,/ModularGameVFX/Materials/CH10_PortalTeleport/Instances/MI_VFX_Teleport_Dissolve,/ModularGameVFX/ModularGameVFXLibrary/00_Core/Materials/PortalTeleport/MI_VFX_Teleport_Dissolve,已迁移（migration_complete.json）；旧路径已移除
00_Core,MaterialInstanceConstant,MI_VFX_Teleport_Niagara_Afterimage,MI_VFX_Teleport_Niagara_Afterimage,,,,,,,,,,否,SharedAsset,/ModularGameVFX/Materials/CH10_PortalTeleport/Instances/MI_VFX_Teleport_Niagara_Afterimage,/ModularGameVFX/ModularGameVFXLibrary/00_Core/Materials/PortalTeleport/MI_VFX_Teleport_Niagara_Afterimage,已迁移（migration_complete.json）；旧路径已移除
00_Core,MaterialInstanceConstant,MI_VFX_Teleport_Niagara_DissolveMote,MI_VFX_Teleport_Niagara_DissolveMote,,,,,,,,,,否,SharedAsset,/ModularGameVFX/Materials/CH10_PortalTeleport/Instances/MI_VFX_Teleport_Niagara_DissolveMote,/ModularGameVFX/ModularGameVFXLibrary/00_Core/Materials/PortalTeleport/MI_VFX_Teleport_Niagara_DissolveMote,已迁移（migration_complete.json）；旧路径已移除
00_Core,MaterialInstanceConstant,MI_VFX_Teleport_Niagara_Flash,MI_VFX_Teleport_Niagara_Flash,,,,,,,,,,否,SharedAsset,/ModularGameVFX/Materials/CH10_PortalTeleport/Instances/MI_VFX_Teleport_Niagara_Flash,/ModularGameVFX/ModularGameVFXLibrary/00_Core/Materials/PortalTeleport/MI_VFX_Teleport_Niagara_Flash,已迁移（migration_complete.json）；旧路径已移除
00_Core,MaterialInstanceConstant,MI_VFX_Teleport_Niagara_VerticalLine,MI_VFX_Teleport_Niagara_VerticalLine,,,,,,,,,,否,SharedAsset,/ModularGameVFX/Materials/CH10_PortalTeleport/Instances/MI_VFX_Teleport_Niagara_VerticalLine,/ModularGameVFX/ModularGameVFXLibrary/00_Core/Materials/PortalTeleport/MI_VFX_Teleport_Niagara_VerticalLine,已迁移（migration_complete.json）；旧路径已移除
00_Core,Material,M_VFX_Portal_Distortion,M_VFX_Portal_Distortion,,,,,,,,,,否,SharedAsset,/ModularGameVFX/Materials/CH10_PortalTeleport/Parents/M_VFX_Portal_Distortion,/ModularGameVFX/ModularGameVFXLibrary/00_Core/Materials/PortalTeleport/M_VFX_Portal_Distortion,已迁移（migration_complete.json）；旧路径已移除
00_Core,Material,M_VFX_Portal_Edge,M_VFX_Portal_Edge,,,,,,,,,,否,SharedAsset,/ModularGameVFX/Materials/CH10_PortalTeleport/Parents/M_VFX_Portal_Edge,/ModularGameVFX/ModularGameVFXLibrary/00_Core/Materials/PortalTeleport/M_VFX_Portal_Edge,已迁移（migration_complete.json）；旧路径已移除
00_Core,Material,M_VFX_Portal_Surface,M_VFX_Portal_Surface,,,,,,,,,,否,SharedAsset,/ModularGameVFX/Materials/CH10_PortalTeleport/Parents/M_VFX_Portal_Surface,/ModularGameVFX/ModularGameVFXLibrary/00_Core/Materials/PortalTeleport/M_VFX_Portal_Surface,已迁移（migration_complete.json）；旧路径已移除
00_Core,Material,M_VFX_Teleport_Afterimage,M_VFX_Teleport_Afterimage,,,,,,,,,,否,SharedAsset,/ModularGameVFX/Materials/CH10_PortalTeleport/Parents/M_VFX_Teleport_Afterimage,/ModularGameVFX/ModularGameVFXLibrary/00_Core/Materials/PortalTeleport/M_VFX_Teleport_Afterimage,已迁移（migration_complete.json）；旧路径已移除
00_Core,Material,M_VFX_Teleport_Dissolve,M_VFX_Teleport_Dissolve,,,,,,,,,,否,SharedAsset,/ModularGameVFX/Materials/CH10_PortalTeleport/Parents/M_VFX_Teleport_Dissolve,/ModularGameVFX/ModularGameVFXLibrary/00_Core/Materials/PortalTeleport/M_VFX_Teleport_Dissolve,已迁移（migration_complete.json）；旧路径已移除
00_Core,MaterialInstanceConstant,MI_VFX_ProjectileTrail_BrokenViolet,MI_VFX_ProjectileTrail_BrokenViolet,,,,,,,,,,否,SharedAsset,/ModularGameVFX/Materials/CH05_ProjectileTrail/Instances/MI_VFX_ProjectileTrail_BrokenViolet,/ModularGameVFX/ModularGameVFXLibrary/00_Core/Materials/ProjectileTrail/MI_VFX_ProjectileTrail_BrokenViolet,已迁移（migration_complete.json）；旧路径已移除
00_Core,MaterialInstanceConstant,MI_VFX_ProjectileTrail_CoreArcane,MI_VFX_ProjectileTrail_CoreArcane,,,,,,,,,,否,SharedAsset,/ModularGameVFX/Materials/CH05_ProjectileTrail/Instances/MI_VFX_ProjectileTrail_CoreArcane,/ModularGameVFX/ModularGameVFXLibrary/00_Core/Materials/ProjectileTrail/MI_VFX_ProjectileTrail_CoreArcane,已迁移（migration_complete.json）；旧路径已移除
00_Core,MaterialInstanceConstant,MI_VFX_ProjectileTrail_SharpGold,MI_VFX_ProjectileTrail_SharpGold,,,,,,,,,,否,SharedAsset,/ModularGameVFX/Materials/CH05_ProjectileTrail/Instances/MI_VFX_ProjectileTrail_SharpGold,/ModularGameVFX/ModularGameVFXLibrary/00_Core/Materials/ProjectileTrail/MI_VFX_ProjectileTrail_SharpGold,已迁移（migration_complete.json）；旧路径已移除
00_Core,MaterialInstanceConstant,MI_VFX_ProjectileTrail_SoftCrimson,MI_VFX_ProjectileTrail_SoftCrimson,,,,,,,,,,否,SharedAsset,/ModularGameVFX/Materials/CH05_ProjectileTrail/Instances/MI_VFX_ProjectileTrail_SoftCrimson,/ModularGameVFX/ModularGameVFXLibrary/00_Core/Materials/ProjectileTrail/MI_VFX_ProjectileTrail_SoftCrimson,已迁移（migration_complete.json）；旧路径已移除
00_Core,MaterialInstanceConstant,MI_VFX_Trail_Broken,MI_VFX_Trail_Broken,,,,,,,,,,否,SharedAsset,/ModularGameVFX/Materials/CH05_ProjectileTrail/Instances/MI_VFX_Trail_Broken,/ModularGameVFX/ModularGameVFXLibrary/00_Core/Materials/ProjectileTrail/MI_VFX_Trail_Broken,已迁移（migration_complete.json）；旧路径已移除
00_Core,MaterialInstanceConstant,MI_VFX_Trail_Core,MI_VFX_Trail_Core,,,,,,,,,,否,SharedAsset,/ModularGameVFX/Materials/CH05_ProjectileTrail/Instances/MI_VFX_Trail_Core,/ModularGameVFX/ModularGameVFXLibrary/00_Core/Materials/ProjectileTrail/MI_VFX_Trail_Core,已迁移（migration_complete.json）；旧路径已移除
00_Core,MaterialInstanceConstant,MI_VFX_Trail_Flow01,MI_VFX_Trail_Flow01,,,,,,,,,,否,SharedAsset,/ModularGameVFX/Materials/CH05_ProjectileTrail/Instances/MI_VFX_Trail_Flow01,/ModularGameVFX/ModularGameVFXLibrary/00_Core/Materials/ProjectileTrail/MI_VFX_Trail_Flow01,已迁移（migration_complete.json）；旧路径已移除
00_Core,MaterialInstanceConstant,MI_VFX_Trail_Flow02,MI_VFX_Trail_Flow02,,,,,,,,,,否,SharedAsset,/ModularGameVFX/Materials/CH05_ProjectileTrail/Instances/MI_VFX_Trail_Flow02,/ModularGameVFX/ModularGameVFXLibrary/00_Core/Materials/ProjectileTrail/MI_VFX_Trail_Flow02,已迁移（migration_complete.json）；旧路径已移除
00_Core,MaterialInstanceConstant,MI_VFX_Trail_Sharp,MI_VFX_Trail_Sharp,,,,,,,,,,否,SharedAsset,/ModularGameVFX/Materials/CH05_ProjectileTrail/Instances/MI_VFX_Trail_Sharp,/ModularGameVFX/ModularGameVFXLibrary/00_Core/Materials/ProjectileTrail/MI_VFX_Trail_Sharp,已迁移（migration_complete.json）；旧路径已移除
00_Core,MaterialInstanceConstant,MI_VFX_Trail_Soft,MI_VFX_Trail_Soft,,,,,,,,,,否,SharedAsset,/ModularGameVFX/Materials/CH05_ProjectileTrail/Instances/MI_VFX_Trail_Soft,/ModularGameVFX/ModularGameVFXLibrary/00_Core/Materials/ProjectileTrail/MI_VFX_Trail_Soft,已迁移（migration_complete.json）；旧路径已移除
00_Core,Material,M_VFX_ProjectileTrail_Master,M_VFX_ProjectileTrail_Master,,,,,,,,,,否,SharedAsset,/ModularGameVFX/Materials/CH05_ProjectileTrail/Parents/M_VFX_ProjectileTrail_Master,/ModularGameVFX/ModularGameVFXLibrary/00_Core/Materials/ProjectileTrail/M_VFX_ProjectileTrail_Master,已迁移（migration_complete.json）；旧路径已移除
00_Core,Material,M_VFX_ProjectileTrail_Ribbon,M_VFX_ProjectileTrail_Ribbon,,,,,,,,,,否,SharedAsset,/ModularGameVFX/Materials/CH05_ProjectileTrail/Parents/M_VFX_ProjectileTrail_Ribbon,/ModularGameVFX/ModularGameVFXLibrary/00_Core/Materials/ProjectileTrail/M_VFX_ProjectileTrail_Ribbon,已迁移（migration_complete.json）；旧路径已移除
00_Core,MaterialInstanceConstant,MI_VFX_Corruption,MI_VFX_Corruption,,,,,,,,,,否,SharedAsset,/ModularGameVFX/Materials/CH16_ShadowVoid/Instances/MI_VFX_Corruption,/ModularGameVFX/ModularGameVFXLibrary/00_Core/Materials/ShadowVoid/MI_VFX_Corruption,已迁移（migration_complete.json）；旧路径已移除
00_Core,MaterialInstanceConstant,MI_VFX_Shadow_Trail,MI_VFX_Shadow_Trail,,,,,,,,,,否,SharedAsset,/ModularGameVFX/Materials/CH16_ShadowVoid/Instances/MI_VFX_Shadow_Trail,/ModularGameVFX/ModularGameVFXLibrary/00_Core/Materials/ShadowVoid/MI_VFX_Shadow_Trail,已迁移（migration_complete.json）；旧路径已移除
00_Core,MaterialInstanceConstant,MI_VFX_Shadow_Wisp,MI_VFX_Shadow_Wisp,,,,,,,,,,否,SharedAsset,/ModularGameVFX/Materials/CH16_ShadowVoid/Instances/MI_VFX_Shadow_Wisp,/ModularGameVFX/ModularGameVFXLibrary/00_Core/Materials/ShadowVoid/MI_VFX_Shadow_Wisp,已迁移（migration_complete.json）；旧路径已移除
00_Core,MaterialInstanceConstant,MI_VFX_Soul01,MI_VFX_Soul01,,,,,,,,,,否,SharedAsset,/ModularGameVFX/Materials/CH16_ShadowVoid/Instances/MI_VFX_Soul01,/ModularGameVFX/ModularGameVFXLibrary/00_Core/Materials/ShadowVoid/MI_VFX_Soul01,已迁移（migration_complete.json）；旧路径已移除
00_Core,MaterialInstanceConstant,MI_VFX_Void_Core,MI_VFX_Void_Core,,,,,,,,,,否,SharedAsset,/ModularGameVFX/Materials/CH16_ShadowVoid/Instances/MI_VFX_Void_Core,/ModularGameVFX/ModularGameVFXLibrary/00_Core/Materials/ShadowVoid/MI_VFX_Void_Core,已迁移（migration_complete.json）；旧路径已移除
00_Core,MaterialInstanceConstant,MI_VFX_Void_Distortion,MI_VFX_Void_Distortion,,,,,,,,,,否,SharedAsset,/ModularGameVFX/Materials/CH16_ShadowVoid/Instances/MI_VFX_Void_Distortion,/ModularGameVFX/ModularGameVFXLibrary/00_Core/Materials/ShadowVoid/MI_VFX_Void_Distortion,已迁移（migration_complete.json）；旧路径已移除
00_Core,MaterialInstanceConstant,MI_VFX_Void_Rift,MI_VFX_Void_Rift,,,,,,,,,,否,SharedAsset,/ModularGameVFX/Materials/CH16_ShadowVoid/Instances/MI_VFX_Void_Rift,/ModularGameVFX/ModularGameVFXLibrary/00_Core/Materials/ShadowVoid/MI_VFX_Void_Rift,已迁移（migration_complete.json）；旧路径已移除
00_Core,Material,M_VFX_Corruption_Master,M_VFX_Corruption_Master,,,,,,,,,,否,SharedAsset,/ModularGameVFX/Materials/CH16_ShadowVoid/Parents/M_VFX_Corruption_Master,/ModularGameVFX/ModularGameVFXLibrary/00_Core/Materials/ShadowVoid/M_VFX_Corruption_Master,已迁移（migration_complete.json）；旧路径已移除
00_Core,Material,M_VFX_Shadow_Master,M_VFX_Shadow_Master,,,,,,,,,,否,SharedAsset,/ModularGameVFX/Materials/CH16_ShadowVoid/Parents/M_VFX_Shadow_Master,/ModularGameVFX/ModularGameVFXLibrary/00_Core/Materials/ShadowVoid/M_VFX_Shadow_Master,已迁移（migration_complete.json）；旧路径已移除
00_Core,Material,M_VFX_Shadow_Ribbon,M_VFX_Shadow_Ribbon,,,,,,,,,,否,SharedAsset,/ModularGameVFX/Materials/CH16_ShadowVoid/Parents/M_VFX_Shadow_Ribbon,/ModularGameVFX/ModularGameVFXLibrary/00_Core/Materials/ShadowVoid/M_VFX_Shadow_Ribbon,已迁移（migration_complete.json）；旧路径已移除
00_Core,Material,M_VFX_Void_Distortion,M_VFX_Void_Distortion,,,,,,,,,,否,SharedAsset,/ModularGameVFX/Materials/CH16_ShadowVoid/Parents/M_VFX_Void_Distortion,/ModularGameVFX/ModularGameVFXLibrary/00_Core/Materials/ShadowVoid/M_VFX_Void_Distortion,已迁移（migration_complete.json）；旧路径已移除
00_Core,Material,M_VFX_Void_Master,M_VFX_Void_Master,,,,,,,,,,否,SharedAsset,/ModularGameVFX/Materials/CH16_ShadowVoid/Parents/M_VFX_Void_Master,/ModularGameVFX/ModularGameVFXLibrary/00_Core/Materials/ShadowVoid/M_VFX_Void_Master,已迁移（migration_complete.json）；旧路径已移除
00_Core,Material,M_VFX_Void_Rift,M_VFX_Void_Rift,,,,,,,,,,否,SharedAsset,/ModularGameVFX/Materials/CH16_ShadowVoid/Parents/M_VFX_Void_Rift,/ModularGameVFX/ModularGameVFXLibrary/00_Core/Materials/ShadowVoid/M_VFX_Void_Rift,已迁移（migration_complete.json）；旧路径已移除
00_Core,MaterialInstanceConstant,MI_VFX_Blood_Drop,MI_VFX_Blood_Drop,,,,,,,,,,否,SharedAsset,/ModularGameVFX/Materials/CH20_Status/Instances/MI_VFX_Blood_Drop,/ModularGameVFX/ModularGameVFXLibrary/00_Core/Materials/Status/MI_VFX_Blood_Drop,已迁移（migration_complete.json）；旧路径已移除
00_Core,MaterialInstanceConstant,MI_VFX_Poison_Bubble,MI_VFX_Poison_Bubble,,,,,,,,,,否,SharedAsset,/ModularGameVFX/Materials/CH20_Status/Instances/MI_VFX_Poison_Bubble,/ModularGameVFX/ModularGameVFXLibrary/00_Core/Materials/Status/MI_VFX_Poison_Bubble,已迁移（migration_complete.json）；旧路径已移除
00_Core,MaterialInstanceConstant,MI_VFX_Poison_Gas,MI_VFX_Poison_Gas,,,,,,,,,,否,SharedAsset,/ModularGameVFX/Materials/CH20_Status/Instances/MI_VFX_Poison_Gas,/ModularGameVFX/ModularGameVFXLibrary/00_Core/Materials/Status/MI_VFX_Poison_Gas,已迁移（migration_complete.json）；旧路径已移除
00_Core,MaterialInstanceConstant,MI_VFX_Status_CurseRune,MI_VFX_Status_CurseRune,,,,,,,,,,否,SharedAsset,/ModularGameVFX/Materials/CH20_Status/Instances/MI_VFX_Status_CurseRune,/ModularGameVFX/ModularGameVFXLibrary/00_Core/Materials/Status/MI_VFX_Status_CurseRune,已迁移（migration_complete.json）；旧路径已移除
00_Core,MaterialInstanceConstant,MI_VFX_Status_ElectricArc,MI_VFX_Status_ElectricArc,,,,,,,,,,否,SharedAsset,/ModularGameVFX/Materials/CH20_Status/Instances/MI_VFX_Status_ElectricArc,/ModularGameVFX/ModularGameVFXLibrary/00_Core/Materials/Status/MI_VFX_Status_ElectricArc,已迁移（migration_complete.json）；旧路径已移除
00_Core,MaterialInstanceConstant,MI_VFX_Status_FearSymbol,MI_VFX_Status_FearSymbol,,,,,,,,,,否,SharedAsset,/ModularGameVFX/Materials/CH20_Status/Instances/MI_VFX_Status_FearSymbol,/ModularGameVFX/ModularGameVFXLibrary/00_Core/Materials/Status/MI_VFX_Status_FearSymbol,已迁移（migration_complete.json）；旧路径已移除
00_Core,MaterialInstanceConstant,MI_VFX_Status_SilenceRune,MI_VFX_Status_SilenceRune,,,,,,,,,,否,SharedAsset,/ModularGameVFX/Materials/CH20_Status/Instances/MI_VFX_Status_SilenceRune,/ModularGameVFX/ModularGameVFXLibrary/00_Core/Materials/Status/MI_VFX_Status_SilenceRune,已迁移（migration_complete.json）；旧路径已移除
00_Core,MaterialInstanceConstant,MI_VFX_Status_SymbolAtlas,MI_VFX_Status_SymbolAtlas,,,,,,,,,,否,SharedAsset,/ModularGameVFX/Materials/CH20_Status/Instances/MI_VFX_Status_SymbolAtlas,/ModularGameVFX/ModularGameVFXLibrary/00_Core/Materials/Status/MI_VFX_Status_SymbolAtlas,已迁移（migration_complete.json）；旧路径已移除
00_Core,Material,M_VFX_Blood_Master,M_VFX_Blood_Master,,,,,,,,,,否,SharedAsset,/ModularGameVFX/Materials/CH20_Status/Parents/M_VFX_Blood_Master,/ModularGameVFX/ModularGameVFXLibrary/00_Core/Materials/Status/M_VFX_Blood_Master,已迁移（migration_complete.json）；旧路径已移除
00_Core,Material,M_VFX_Poison_Master,M_VFX_Poison_Master,,,,,,,,,,否,SharedAsset,/ModularGameVFX/Materials/CH20_Status/Parents/M_VFX_Poison_Master,/ModularGameVFX/ModularGameVFXLibrary/00_Core/Materials/Status/M_VFX_Poison_Master,已迁移（migration_complete.json）；旧路径已移除
00_Core,Material,M_VFX_Status_Electric,M_VFX_Status_Electric,,,,,,,,,,否,SharedAsset,/ModularGameVFX/Materials/CH20_Status/Parents/M_VFX_Status_Electric,/ModularGameVFX/ModularGameVFXLibrary/00_Core/Materials/Status/M_VFX_Status_Electric,已迁移（migration_complete.json）；旧路径已移除
00_Core,Material,M_VFX_Status_Rune,M_VFX_Status_Rune,,,,,,,,,,否,SharedAsset,/ModularGameVFX/Materials/CH20_Status/Parents/M_VFX_Status_Rune,/ModularGameVFX/ModularGameVFXLibrary/00_Core/Materials/Status/M_VFX_Status_Rune,已迁移（migration_complete.json）；旧路径已移除
00_Core,Material,M_VFX_Status_Symbol,M_VFX_Status_Symbol,,,,,,,,,,否,SharedAsset,/ModularGameVFX/Materials/CH20_Status/Parents/M_VFX_Status_Symbol,/ModularGameVFX/ModularGameVFXLibrary/00_Core/Materials/Status/M_VFX_Status_Symbol,已迁移（migration_complete.json）；旧路径已移除
00_Core,Material,M_VFX_Status_Wisp,M_VFX_Status_Wisp,,,,,,,,,,否,SharedAsset,/ModularGameVFX/Materials/CH20_Status/Parents/M_VFX_Status_Wisp,/ModularGameVFX/ModularGameVFXLibrary/00_Core/Materials/Status/M_VFX_Status_Wisp,已迁移（migration_complete.json）；旧路径已移除
00_Core,MaterialInstanceConstant,MI_VFX_Summon_Cloud,MI_VFX_Summon_Cloud,,,,,,,,,,否,SharedAsset,/ModularGameVFX/Materials/CH09_Summoning/Instances/MI_VFX_Summon_Cloud,/ModularGameVFX/ModularGameVFXLibrary/00_Core/Materials/Summoning/MI_VFX_Summon_Cloud,已迁移（migration_complete.json）；旧路径已移除
00_Core,MaterialInstanceConstant,MI_VFX_Summon_Gather,MI_VFX_Summon_Gather,,,,,,,,,,否,SharedAsset,/ModularGameVFX/Materials/CH09_Summoning/Instances/MI_VFX_Summon_Gather,/ModularGameVFX/ModularGameVFXLibrary/00_Core/Materials/Summoning/MI_VFX_Summon_Gather,已迁移（migration_complete.json）；旧路径已移除
00_Core,MaterialInstanceConstant,MI_VFX_Summon_GroundResidual,MI_VFX_Summon_GroundResidual,,,,,,,,,,否,SharedAsset,/ModularGameVFX/Materials/CH09_Summoning/Instances/MI_VFX_Summon_GroundResidual,/ModularGameVFX/ModularGameVFXLibrary/00_Core/Materials/Summoning/MI_VFX_Summon_GroundResidual,已迁移（migration_complete.json）；旧路径已移除
00_Core,MaterialInstanceConstant,MI_VFX_Summon_LightColumn,MI_VFX_Summon_LightColumn,,,,,,,,,,否,SharedAsset,/ModularGameVFX/Materials/CH09_Summoning/Instances/MI_VFX_Summon_LightColumn,/ModularGameVFX/ModularGameVFXLibrary/00_Core/Materials/Summoning/MI_VFX_Summon_LightColumn,已迁移（migration_complete.json）；旧路径已移除
00_Core,MaterialInstanceConstant,MI_VFX_Summon_Niagara_Cloud,MI_VFX_Summon_Niagara_Cloud,,,,,,,,,,否,SharedAsset,/ModularGameVFX/Materials/CH09_Summoning/Instances/MI_VFX_Summon_Niagara_Cloud,/ModularGameVFX/ModularGameVFXLibrary/00_Core/Materials/Summoning/MI_VFX_Summon_Niagara_Cloud,已迁移（migration_complete.json）；旧路径已移除
00_Core,MaterialInstanceConstant,MI_VFX_Summon_Niagara_EdgeSpark,MI_VFX_Summon_Niagara_EdgeSpark,,,,,,,,,,否,SharedAsset,/ModularGameVFX/Materials/CH09_Summoning/Instances/MI_VFX_Summon_Niagara_EdgeSpark,/ModularGameVFX/ModularGameVFXLibrary/00_Core/Materials/Summoning/MI_VFX_Summon_Niagara_EdgeSpark,已迁移（migration_complete.json）；旧路径已移除
00_Core,MaterialInstanceConstant,MI_VFX_Summon_Niagara_Gather,MI_VFX_Summon_Niagara_Gather,,,,,,,,,,否,SharedAsset,/ModularGameVFX/Materials/CH09_Summoning/Instances/MI_VFX_Summon_Niagara_Gather,/ModularGameVFX/ModularGameVFXLibrary/00_Core/Materials/Summoning/MI_VFX_Summon_Niagara_Gather,已迁移（migration_complete.json）；旧路径已移除
00_Core,MaterialInstanceConstant,MI_VFX_Summon_Niagara_GroundCircle,MI_VFX_Summon_Niagara_GroundCircle,,,,,,,,,,否,SharedAsset,/ModularGameVFX/Materials/CH09_Summoning/Instances/MI_VFX_Summon_Niagara_GroundCircle,/ModularGameVFX/ModularGameVFXLibrary/00_Core/Materials/Summoning/MI_VFX_Summon_Niagara_GroundCircle,已迁移（migration_complete.json）；旧路径已移除
00_Core,MaterialInstanceConstant,MI_VFX_Summon_Niagara_LightColumn,MI_VFX_Summon_Niagara_LightColumn,,,,,,,,,,否,SharedAsset,/ModularGameVFX/Materials/CH09_Summoning/Instances/MI_VFX_Summon_Niagara_LightColumn,/ModularGameVFX/ModularGameVFXLibrary/00_Core/Materials/Summoning/MI_VFX_Summon_Niagara_LightColumn,已迁移（migration_complete.json）；旧路径已移除
00_Core,MaterialInstanceConstant,MI_VFX_Summon_Niagara_VerticalStreak,MI_VFX_Summon_Niagara_VerticalStreak,,,,,,,,,,否,SharedAsset,/ModularGameVFX/Materials/CH09_Summoning/Instances/MI_VFX_Summon_Niagara_VerticalStreak,/ModularGameVFX/ModularGameVFXLibrary/00_Core/Materials/Summoning/MI_VFX_Summon_Niagara_VerticalStreak,已迁移（migration_complete.json）；旧路径已移除
00_Core,Material,M_VFX_Summon_Dissolve,M_VFX_Summon_Dissolve,,,,,,,,,,否,SharedAsset,/ModularGameVFX/Materials/CH09_Summoning/Parents/M_VFX_Summon_Dissolve,/ModularGameVFX/ModularGameVFXLibrary/00_Core/Materials/Summoning/M_VFX_Summon_Dissolve,已迁移（migration_complete.json）；旧路径已移除
00_Core,Material,M_VFX_Summon_Gather,M_VFX_Summon_Gather,,,,,,,,,,否,SharedAsset,/ModularGameVFX/Materials/CH09_Summoning/Parents/M_VFX_Summon_Gather,/ModularGameVFX/ModularGameVFXLibrary/00_Core/Materials/Summoning/M_VFX_Summon_Gather,已迁移（migration_complete.json）；旧路径已移除
00_Core,Material,M_VFX_Summon_LightColumn,M_VFX_Summon_LightColumn,,,,,,,,,,否,SharedAsset,/ModularGameVFX/Materials/CH09_Summoning/Parents/M_VFX_Summon_LightColumn,/ModularGameVFX/ModularGameVFXLibrary/00_Core/Materials/Summoning/M_VFX_Summon_LightColumn,已迁移（migration_complete.json）；旧路径已移除
00_Core,MaterialInstanceConstant,MI_VFX_WeaponTrail_Default,MI_VFX_WeaponTrail_Default,,,,,,,,,,否,SharedAsset,/ModularGameVFX/Materials/CH21_WeaponEnchant/Instances/MI_VFX_WeaponTrail_Default,/ModularGameVFX/ModularGameVFXLibrary/00_Core/Materials/WeaponEnchant/MI_VFX_WeaponTrail_Default,已迁移（migration_complete.json）；旧路径已移除
00_Core,MaterialInstanceConstant,MI_VFX_Weapon_Fel,MI_VFX_Weapon_Fel,,,,,,,,,,否,SharedAsset,/ModularGameVFX/Materials/CH21_WeaponEnchant/Instances/MI_VFX_Weapon_Fel,/ModularGameVFX/ModularGameVFXLibrary/00_Core/Materials/WeaponEnchant/MI_VFX_Weapon_Fel,已迁移（migration_complete.json）；旧路径已移除
00_Core,MaterialInstanceConstant,MI_VFX_Weapon_Fire,MI_VFX_Weapon_Fire,,,,,,,,,,否,SharedAsset,/ModularGameVFX/Materials/CH21_WeaponEnchant/Instances/MI_VFX_Weapon_Fire,/ModularGameVFX/ModularGameVFXLibrary/00_Core/Materials/WeaponEnchant/MI_VFX_Weapon_Fire,已迁移（migration_complete.json）；旧路径已移除
00_Core,MaterialInstanceConstant,MI_VFX_Weapon_Frost,MI_VFX_Weapon_Frost,,,,,,,,,,否,SharedAsset,/ModularGameVFX/Materials/CH21_WeaponEnchant/Instances/MI_VFX_Weapon_Frost,/ModularGameVFX/ModularGameVFXLibrary/00_Core/Materials/WeaponEnchant/MI_VFX_Weapon_Frost,已迁移（migration_complete.json）；旧路径已移除
00_Core,MaterialInstanceConstant,MI_VFX_Weapon_Holy,MI_VFX_Weapon_Holy,,,,,,,,,,否,SharedAsset,/ModularGameVFX/Materials/CH21_WeaponEnchant/Instances/MI_VFX_Weapon_Holy,/ModularGameVFX/ModularGameVFXLibrary/00_Core/Materials/WeaponEnchant/MI_VFX_Weapon_Holy,已迁移（migration_complete.json）；旧路径已移除
00_Core,MaterialInstanceConstant,MI_VFX_Weapon_Lightning,MI_VFX_Weapon_Lightning,,,,,,,,,,否,SharedAsset,/ModularGameVFX/Materials/CH21_WeaponEnchant/Instances/MI_VFX_Weapon_Lightning,/ModularGameVFX/ModularGameVFXLibrary/00_Core/Materials/WeaponEnchant/MI_VFX_Weapon_Lightning,已迁移（migration_complete.json）；旧路径已移除
00_Core,MaterialInstanceConstant,MI_VFX_Weapon_Poison,MI_VFX_Weapon_Poison,,,,,,,,,,否,SharedAsset,/ModularGameVFX/Materials/CH21_WeaponEnchant/Instances/MI_VFX_Weapon_Poison,/ModularGameVFX/ModularGameVFXLibrary/00_Core/Materials/WeaponEnchant/MI_VFX_Weapon_Poison,已迁移（migration_complete.json）；旧路径已移除
00_Core,MaterialInstanceConstant,MI_VFX_Weapon_Shadow,MI_VFX_Weapon_Shadow,,,,,,,,,,否,SharedAsset,/ModularGameVFX/Materials/CH21_WeaponEnchant/Instances/MI_VFX_Weapon_Shadow,/ModularGameVFX/ModularGameVFXLibrary/00_Core/Materials/WeaponEnchant/MI_VFX_Weapon_Shadow,已迁移（migration_complete.json）；旧路径已移除
00_Core,Material,M_VFX_WeaponEnchant_Master,M_VFX_WeaponEnchant_Master,,,,,,,,,,否,SharedAsset,/ModularGameVFX/Materials/CH21_WeaponEnchant/Parents/M_VFX_WeaponEnchant_Master,/ModularGameVFX/ModularGameVFXLibrary/00_Core/Materials/WeaponEnchant/M_VFX_WeaponEnchant_Master,已迁移（migration_complete.json）；旧路径已移除
00_Core,Material,M_VFX_WeaponTrail_Master,M_VFX_WeaponTrail_Master,,,,,,,,,,否,SharedAsset,/ModularGameVFX/Materials/CH21_WeaponEnchant/Parents/M_VFX_WeaponTrail_Master,/ModularGameVFX/ModularGameVFXLibrary/00_Core/Materials/WeaponEnchant/M_VFX_WeaponTrail_Master,已迁移（migration_complete.json）；旧路径已移除
00_Core,StaticMesh,SM_Arcane_MissileCore,SM_Arcane_MissileCore,,,,,,,,,,否,SharedAsset,/ModularGameVFX/Effects/Arcane/Meshes/SM_Arcane_MissileCore,/ModularGameVFX/ModularGameVFXLibrary/00_Core/Meshes/Arcane/SM_Arcane_MissileCore,已迁移（migration_complete.json）；旧路径已移除
00_Core,StaticMesh,SM_VFX_UnitSphere_01,SM_VFX_UnitSphere_01,,,,,,,,,,否,SharedAsset,/ModularGameVFX/Meshes/Common/SM_VFX_UnitSphere_01,/ModularGameVFX/ModularGameVFXLibrary/00_Core/Meshes/Common/SM_VFX_UnitSphere_01,已迁移（migration_complete.json）；旧路径已移除
00_Core,StaticMesh,SM_Fire_FireballShell,SM_Fire_FireballShell,,,,,,,,,,否,SharedAsset,/ModularGameVFX/Effects/Fire/Meshes/SM_Fire_FireballShell,/ModularGameVFX/ModularGameVFXLibrary/00_Core/Meshes/Fire/SM_Fire_FireballShell,已迁移（migration_complete.json）；旧路径已移除
00_Core,StaticMesh,SM_Fire_FlameCrown,SM_Fire_FlameCrown,,,,,,,,,,否,SharedAsset,/ModularGameVFX/Effects/Fire/Meshes/SM_Fire_FlameCrown,/ModularGameVFX/ModularGameVFXLibrary/00_Core/Meshes/Fire/SM_Fire_FlameCrown,已迁移（migration_complete.json）；旧路径已移除
00_Core,StaticMesh,SM_Frost_IceShard,SM_Frost_IceShard,,,,,,,,,,否,SharedAsset,/ModularGameVFX/Effects/Frost/Meshes/SM_Frost_IceShard,/ModularGameVFX/ModularGameVFXLibrary/00_Core/Meshes/Frost/SM_Frost_IceShard,已迁移（migration_complete.json）；旧路径已移除
00_Core,StaticMesh,SM_Frostbolt_SharpIceProjectile,SM_Frostbolt_SharpIceProjectile,,,,,,,,,,否,SharedAsset,/ModularGameVFX/Effects/Frost/Meshes/SM_Frostbolt_SharpIceProjectile,/ModularGameVFX/ModularGameVFXLibrary/00_Core/Meshes/Frost/SM_Frostbolt_SharpIceProjectile,已迁移（migration_complete.json）；旧路径已移除
00_Core,StaticMesh,SM_VFX_MagicImpact_FragmentShard,SM_VFX_MagicImpact_FragmentShard,,,,,,,,,,否,SharedAsset,/ModularGameVFX/Meshes/CH06_MagicImpact/SM_VFX_MagicImpact_FragmentShard,/ModularGameVFX/ModularGameVFXLibrary/00_Core/Meshes/MagicImpact/SM_VFX_MagicImpact_FragmentShard,已迁移（migration_complete.json）；旧路径已移除
00_Core,StaticMesh,SM_PetalBloom_LightSkirt,SM_PetalBloom_LightSkirt,,,,,,,,,,否,SharedAsset,/ModularGameVFX/Effects/Nature/Meshes/SM_PetalBloom_LightSkirt,/ModularGameVFX/ModularGameVFXLibrary/00_Core/Meshes/Nature/SM_PetalBloom_LightSkirt,已迁移（migration_complete.json）；旧路径已移除
00_Core,StaticMesh,SM_PetalBloom_PetalCup,SM_PetalBloom_PetalCup,,,,,,,,,,否,SharedAsset,/ModularGameVFX/Effects/Nature/Meshes/SM_PetalBloom_PetalCup,/ModularGameVFX/ModularGameVFXLibrary/00_Core/Meshes/Nature/SM_PetalBloom_PetalCup,已迁移（migration_complete.json）；旧路径已移除
00_Core,StaticMesh,SM_PetalBloom_PetalCurl,SM_PetalBloom_PetalCurl,,,,,,,,,,否,SharedAsset,/ModularGameVFX/Effects/Nature/Meshes/SM_PetalBloom_PetalCurl,/ModularGameVFX/ModularGameVFXLibrary/00_Core/Meshes/Nature/SM_PetalBloom_PetalCurl,已迁移（migration_complete.json）；旧路径已移除
00_Core,StaticMesh,SM_VFX_PetalAura_Annulus,SM_VFX_PetalAura_Annulus,,,,,,,,,,否,SharedAsset,/ModularGameVFX/Meshes/PetalsAura/SM_VFX_PetalAura_Annulus/StaticMeshes/SM_VFX_PetalAura_Annulus,/ModularGameVFX/ModularGameVFXLibrary/00_Core/Meshes/PetalsAura/SM_VFX_PetalAura_Annulus,已迁移（migration_complete.json）；旧路径已移除
00_Core,NiagaraScript,NM_Arcane_Motion,NM_Arcane_Motion,,,,,,,,,,否,SharedAsset,/ModularGameVFX/Effects/Arcane/Niagara/Modules/NM_Arcane_Motion,/ModularGameVFX/ModularGameVFXLibrary/00_Core/NiagaraModules/Arcane/NM_Arcane_Motion,已迁移（migration_complete.json）；旧路径已移除
00_Core,NiagaraScript,NM_Arcane_ParticleMotion,NM_Arcane_ParticleMotion,,,,,,,,,,否,SharedAsset,/ModularGameVFX/Effects/Arcane/Niagara/Modules/NM_Arcane_ParticleMotion,/ModularGameVFX/ModularGameVFXLibrary/00_Core/NiagaraModules/Arcane/NM_Arcane_ParticleMotion,已迁移（migration_complete.json）；旧路径已移除
00_Core,NiagaraScript,NM_Arcane_TrailFade,NM_Arcane_TrailFade,,,,,,,,,,否,SharedAsset,/ModularGameVFX/Effects/Arcane/Niagara/Modules/NM_Arcane_TrailFade,/ModularGameVFX/ModularGameVFXLibrary/00_Core/NiagaraModules/Arcane/NM_Arcane_TrailFade,已迁移（migration_complete.json）；旧路径已移除
00_Core,NiagaraScript,NM_Arcane_TrailSpawn,NM_Arcane_TrailSpawn,,,,,,,,,,否,SharedAsset,/ModularGameVFX/Effects/Arcane/Niagara/Modules/NM_Arcane_TrailSpawn,/ModularGameVFX/ModularGameVFXLibrary/00_Core/NiagaraModules/Arcane/NM_Arcane_TrailSpawn,已迁移（migration_complete.json）；旧路径已移除
00_Core,NiagaraScript,NM_Arcane_WakeFade,NM_Arcane_WakeFade,,,,,,,,,,否,SharedAsset,/ModularGameVFX/Effects/Arcane/Niagara/Modules/NM_Arcane_WakeFade,/ModularGameVFX/ModularGameVFXLibrary/00_Core/NiagaraModules/Arcane/NM_Arcane_WakeFade,已迁移（migration_complete.json）；旧路径已移除
00_Core,NiagaraScript,NM_Arcane_WakeSpawn,NM_Arcane_WakeSpawn,,,,,,,,,,否,SharedAsset,/ModularGameVFX/Effects/Arcane/Niagara/Modules/NM_Arcane_WakeSpawn,/ModularGameVFX/ModularGameVFXLibrary/00_Core/NiagaraModules/Arcane/NM_Arcane_WakeSpawn,已迁移（migration_complete.json）；旧路径已移除
00_Core,NiagaraScript,NM_VFX_Attractor,NM_VFX_Attractor,,,,,,,,,,否,SharedAsset,/ModularGameVFX/Niagara/Common/Modules/NM_VFX_Attractor,/ModularGameVFX/ModularGameVFXLibrary/00_Core/NiagaraModules/Common/NM_VFX_Attractor,已迁移（migration_complete.json）；旧路径已移除
00_Core,NiagaraScript,NM_VFX_ColorOverLife,NM_VFX_ColorOverLife,,,,,,,,,,否,SharedAsset,/ModularGameVFX/Niagara/Common/Modules/NM_VFX_ColorOverLife,/ModularGameVFX/ModularGameVFXLibrary/00_Core/NiagaraModules/Common/NM_VFX_ColorOverLife,已迁移（migration_complete.json）；旧路径已移除
00_Core,NiagaraScript,NM_VFX_DirectionalVelocity,NM_VFX_DirectionalVelocity,,,,,,,,,,否,SharedAsset,/ModularGameVFX/Niagara/Common/Modules/NM_VFX_DirectionalVelocity,/ModularGameVFX/ModularGameVFXLibrary/00_Core/NiagaraModules/Common/NM_VFX_DirectionalVelocity,已迁移（migration_complete.json）；旧路径已移除
00_Core,NiagaraScript,NM_VFX_Drag,NM_VFX_Drag,,,,,,,,,,否,SharedAsset,/ModularGameVFX/Niagara/Common/Modules/NM_VFX_Drag,/ModularGameVFX/ModularGameVFXLibrary/00_Core/NiagaraModules/Common/NM_VFX_Drag,已迁移（migration_complete.json）；旧路径已移除
00_Core,NiagaraScript,NM_VFX_FadeInOut,NM_VFX_FadeInOut,,,,,,,,,,否,SharedAsset,/ModularGameVFX/Niagara/Common/Modules/NM_VFX_FadeInOut,/ModularGameVFX/ModularGameVFXLibrary/00_Core/NiagaraModules/Common/NM_VFX_FadeInOut,已迁移（migration_complete.json）；旧路径已移除
00_Core,NiagaraScript,NM_VFX_InitializeColor,NM_VFX_InitializeColor,,,,,,,,,,否,SharedAsset,/ModularGameVFX/Niagara/Common/Modules/NM_VFX_InitializeColor,/ModularGameVFX/ModularGameVFXLibrary/00_Core/NiagaraModules/Common/NM_VFX_InitializeColor,已迁移（migration_complete.json）；旧路径已移除
00_Core,NiagaraScript,NM_VFX_InitializeScale,NM_VFX_InitializeScale,,,,,,,,,,否,SharedAsset,/ModularGameVFX/Niagara/Common/Modules/NM_VFX_InitializeScale,/ModularGameVFX/ModularGameVFXLibrary/00_Core/NiagaraModules/Common/NM_VFX_InitializeScale,已迁移（migration_complete.json）；旧路径已移除
00_Core,NiagaraScript,NM_VFX_NoiseForce,NM_VFX_NoiseForce,,,,,,,,,,否,SharedAsset,/ModularGameVFX/Niagara/Common/Modules/NM_VFX_NoiseForce,/ModularGameVFX/ModularGameVFXLibrary/00_Core/NiagaraModules/Common/NM_VFX_NoiseForce,已迁移（migration_complete.json）；旧路径已移除
00_Core,NiagaraScript,NM_VFX_Orbit,NM_VFX_Orbit,,,,,,,,,,否,SharedAsset,/ModularGameVFX/Niagara/Common/Modules/NM_VFX_Orbit,/ModularGameVFX/ModularGameVFXLibrary/00_Core/NiagaraModules/Common/NM_VFX_Orbit,已迁移（migration_complete.json）；旧路径已移除
00_Core,NiagaraScript,NM_VFX_RadialVelocity,NM_VFX_RadialVelocity,,,,,,,,,,否,SharedAsset,/ModularGameVFX/Niagara/Common/Modules/NM_VFX_RadialVelocity,/ModularGameVFX/ModularGameVFXLibrary/00_Core/NiagaraModules/Common/NM_VFX_RadialVelocity,已迁移（migration_complete.json）；旧路径已移除
00_Core,NiagaraScript,NM_VFX_RandomRotation,NM_VFX_RandomRotation,,,,,,,,,,否,SharedAsset,/ModularGameVFX/Niagara/Common/Modules/NM_VFX_RandomRotation,/ModularGameVFX/ModularGameVFXLibrary/00_Core/NiagaraModules/Common/NM_VFX_RandomRotation,已迁移（migration_complete.json）；旧路径已移除
00_Core,NiagaraScript,NM_VFX_SizeOverLife,NM_VFX_SizeOverLife,,,,,,,,,,否,SharedAsset,/ModularGameVFX/Niagara/Common/Modules/NM_VFX_SizeOverLife,/ModularGameVFX/ModularGameVFXLibrary/00_Core/NiagaraModules/Common/NM_VFX_SizeOverLife,已迁移（migration_complete.json）；旧路径已移除
00_Core,NiagaraScript,NM_VFX_Spin,NM_VFX_Spin,,,,,,,,,,否,SharedAsset,/ModularGameVFX/Niagara/Common/Modules/NM_VFX_Spin,/ModularGameVFX/ModularGameVFXLibrary/00_Core/NiagaraModules/Common/NM_VFX_Spin,已迁移（migration_complete.json）；旧路径已移除
00_Core,NiagaraScript,NM_VFX_UserParameterBinding,NM_VFX_UserParameterBinding,,,,,,,,,,否,SharedAsset,/ModularGameVFX/Niagara/Common/Modules/NM_VFX_UserParameterBinding,/ModularGameVFX/ModularGameVFXLibrary/00_Core/NiagaraModules/Common/NM_VFX_UserParameterBinding,已迁移（migration_complete.json）；旧路径已移除
00_Core,NiagaraScript,NM_VFX_Vortex,NM_VFX_Vortex,,,,,,,,,,否,SharedAsset,/ModularGameVFX/Niagara/Common/Modules/NM_VFX_Vortex,/ModularGameVFX/ModularGameVFXLibrary/00_Core/NiagaraModules/Common/NM_VFX_Vortex,已迁移（migration_complete.json）；旧路径已移除
00_Core,NiagaraScript,NM_VFX_ArcRibbonDynamics,NM_VFX_ArcRibbonDynamics,,,,,,,,,,否,SharedAsset,/ModularGameVFX/Niagara/CH03_EnergyOrb/Modules/NM_VFX_CH03_ArcRibbonDynamics,/ModularGameVFX/ModularGameVFXLibrary/00_Core/NiagaraModules/EnergyOrb/NM_VFX_ArcRibbonDynamics,已迁移（migration_complete.json）；旧路径已移除
00_Core,NiagaraScript,NM_VFX_LightDynamics,NM_VFX_LightDynamics,,,,,,,,,,否,SharedAsset,/ModularGameVFX/Niagara/CH03_EnergyOrb/Modules/NM_VFX_CH03_LightDynamics,/ModularGameVFX/ModularGameVFXLibrary/00_Core/NiagaraModules/EnergyOrb/NM_VFX_LightDynamics,已迁移（migration_complete.json）；旧路径已移除
00_Core,NiagaraScript,NM_VFX_MeshLayerDynamics,NM_VFX_MeshLayerDynamics,,,,,,,,,,否,SharedAsset,/ModularGameVFX/Niagara/CH03_EnergyOrb/Modules/NM_VFX_CH03_MeshLayerDynamics,/ModularGameVFX/ModularGameVFXLibrary/00_Core/NiagaraModules/EnergyOrb/NM_VFX_MeshLayerDynamics,已迁移（migration_complete.json）；旧路径已移除
00_Core,NiagaraScript,NM_VFX_OrbitMoteDynamics,NM_VFX_OrbitMoteDynamics,,,,,,,,,,否,SharedAsset,/ModularGameVFX/Niagara/CH03_EnergyOrb/Modules/NM_VFX_CH03_OrbitMoteDynamics,/ModularGameVFX/ModularGameVFXLibrary/00_Core/NiagaraModules/EnergyOrb/NM_VFX_OrbitMoteDynamics,已迁移（migration_complete.json）；旧路径已移除
00_Core,NiagaraScript,NM_VFX_OrbitRingDynamics,NM_VFX_OrbitRingDynamics,,,,,,,,,,否,SharedAsset,/ModularGameVFX/Niagara/CH03_EnergyOrb/Modules/NM_VFX_CH03_OrbitRingDynamics,/ModularGameVFX/ModularGameVFXLibrary/00_Core/NiagaraModules/EnergyOrb/NM_VFX_OrbitRingDynamics,已迁移（migration_complete.json）；旧路径已移除
00_Core,NiagaraScript,NM_VFX_QualityGate,NM_VFX_QualityGate,,,,,,,,,,否,SharedAsset,/ModularGameVFX/Niagara/CH03_EnergyOrb/Modules/NM_VFX_CH03_QualityGate,/ModularGameVFX/ModularGameVFXLibrary/00_Core/NiagaraModules/EnergyOrb/NM_VFX_QualityGate,已迁移（migration_complete.json）；旧路径已移除
00_Core,NiagaraScript,NM_Fire_FireMotion,NM_Fire_FireMotion,,,,,,,,,,否,SharedAsset,/ModularGameVFX/Effects/Fire/Niagara/Modules/NM_Fire_FireMotion,/ModularGameVFX/ModularGameVFXLibrary/00_Core/NiagaraModules/Fire/NM_Fire_FireMotion,已迁移（migration_complete.json）；旧路径已移除
00_Core,NiagaraScript,NM_Fire_FireMotionPolish,NM_Fire_FireMotionPolish,,,,,,,,,,否,SharedAsset,/ModularGameVFX/Effects/Fire/Niagara/Modules/NM_Fire_FireMotionPolish,/ModularGameVFX/ModularGameVFXLibrary/00_Core/NiagaraModules/Fire/NM_Fire_FireMotionPolish,已迁移（migration_complete.json）；旧路径已移除
00_Core,NiagaraScript,NM_Fire_FlipbookParticleMotion,NM_Fire_FlipbookParticleMotion,,,,,,,,,,否,SharedAsset,/ModularGameVFX/Effects/Fire/Niagara/Modules/NM_Fire_FlipbookParticleMotion,/ModularGameVFX/ModularGameVFXLibrary/00_Core/NiagaraModules/Fire/NM_Fire_FlipbookParticleMotion,已迁移（migration_complete.json）；旧路径已移除
00_Core,NiagaraScript,NM_VFX_BurstBudget,NM_VFX_BurstBudget,,,,,,,,,,否,SharedAsset,/ModularGameVFX/Niagara/CH14_Fire/Modules/NM_VFX_CH14_BurstBudget,/ModularGameVFX/ModularGameVFXLibrary/00_Core/NiagaraModules/Fire/NM_VFX_BurstBudget,已迁移（migration_complete.json）；旧路径已移除
00_Core,NiagaraScript,NM_VFX_Decal,NM_VFX_Decal,,,,,,,,,,否,SharedAsset,/ModularGameVFX/Niagara/CH14_Fire/Modules/NM_VFX_CH14_Decal,/ModularGameVFX/ModularGameVFXLibrary/00_Core/NiagaraModules/Fire/NM_VFX_Decal,已迁移（migration_complete.json）；旧路径已移除
00_Core,NiagaraScript,NM_VFX_Flash,NM_VFX_Flash,,,,,,,,,,否,SharedAsset,/ModularGameVFX/Niagara/CH14_Fire/Modules/NM_VFX_CH14_Flash,/ModularGameVFX/ModularGameVFXLibrary/00_Core/NiagaraModules/Fire/NM_VFX_Flash,已迁移（migration_complete.json）；旧路径已移除
00_Core,NiagaraScript,NM_VFX_Light,NM_VFX_Light,,,,,,,,,,否,SharedAsset,/ModularGameVFX/Niagara/CH14_Fire/Modules/NM_VFX_CH14_Light,/ModularGameVFX/ModularGameVFXLibrary/00_Core/NiagaraModules/Fire/NM_VFX_Light,已迁移（migration_complete.json）；旧路径已移除
00_Core,NiagaraScript,NM_VFX_LoopRate,NM_VFX_LoopRate,,,,,,,,,,否,SharedAsset,/ModularGameVFX/Niagara/CH14_Fire/Modules/NM_VFX_CH14_LoopRate,/ModularGameVFX/ModularGameVFXLibrary/00_Core/NiagaraModules/Fire/NM_VFX_LoopRate,已迁移（migration_complete.json）；旧路径已移除
00_Core,NiagaraScript,NM_VFX_MeshSpawn,NM_VFX_MeshSpawn,,,,,,,,,,否,SharedAsset,/ModularGameVFX/Niagara/CH14_Fire/Modules/NM_VFX_CH14_MeshSpawn,/ModularGameVFX/ModularGameVFXLibrary/00_Core/NiagaraModules/Fire/NM_VFX_MeshSpawn,已迁移（migration_complete.json）；旧路径已移除
00_Core,NiagaraScript,NM_VFX_MeshUpdate,NM_VFX_MeshUpdate,,,,,,,,,,否,SharedAsset,/ModularGameVFX/Niagara/CH14_Fire/Modules/NM_VFX_CH14_MeshUpdate,/ModularGameVFX/ModularGameVFXLibrary/00_Core/NiagaraModules/Fire/NM_VFX_MeshUpdate,已迁移（migration_complete.json）；旧路径已移除
00_Core,NiagaraScript,NM_VFX_SpriteSpawn,NM_VFX_SpriteSpawn,,,,,,,,,,否,SharedAsset,/ModularGameVFX/Niagara/CH14_Fire/Modules/NM_VFX_CH14_SpriteSpawn,/ModularGameVFX/ModularGameVFXLibrary/00_Core/NiagaraModules/Fire/NM_VFX_SpriteSpawn,已迁移（migration_complete.json）；旧路径已移除
00_Core,NiagaraScript,NM_VFX_SpriteUpdate,NM_VFX_SpriteUpdate,,,,,,,,,,否,SharedAsset,/ModularGameVFX/Niagara/CH14_Fire/Modules/NM_VFX_CH14_SpriteUpdate,/ModularGameVFX/ModularGameVFXLibrary/00_Core/NiagaraModules/Fire/NM_VFX_SpriteUpdate,已迁移（migration_complete.json）；旧路径已移除
00_Core,NiagaraScript,NM_FrostNova_ParticleMotion,NM_FrostNova_ParticleMotion,,,,,,,,,,否,SharedAsset,/ModularGameVFX/Effects/Frost/Niagara/Modules/NM_FrostNova_ParticleMotion,/ModularGameVFX/ModularGameVFXLibrary/00_Core/NiagaraModules/Frost/NM_FrostNova_ParticleMotion,已迁移（migration_complete.json）；旧路径已移除
00_Core,NiagaraScript,NM_Frost_ChargeFinal,NM_Frost_ChargeFinal,,,,,,,,,,否,SharedAsset,/ModularGameVFX/Effects/Frost/Niagara/Modules/NM_Frost_ChargeFinal,/ModularGameVFX/ModularGameVFXLibrary/00_Core/NiagaraModules/Frost/NM_Frost_ChargeFinal,已迁移（migration_complete.json）；旧路径已移除
00_Core,NiagaraScript,NM_Frost_ChargeHeroV3,NM_Frost_ChargeHeroV3,,,,,,,,,,否,SharedAsset,/ModularGameVFX/Effects/Frost/Niagara/Modules/NM_Frost_ChargeHeroV3,/ModularGameVFX/ModularGameVFXLibrary/00_Core/NiagaraModules/Frost/NM_Frost_ChargeHeroV3,已迁移（migration_complete.json）；旧路径已移除
00_Core,NiagaraScript,NM_Frost_ChargeMotion,NM_Frost_ChargeMotion,,,,,,,,,,否,SharedAsset,/ModularGameVFX/Effects/Frost/Niagara/Modules/NM_Frost_ChargeMotion,/ModularGameVFX/ModularGameVFXLibrary/00_Core/NiagaraModules/Frost/NM_Frost_ChargeMotion,已迁移（migration_complete.json）；旧路径已移除
00_Core,NiagaraScript,NM_Frost_ImpactFinal,NM_Frost_ImpactFinal,,,,,,,,,,否,SharedAsset,/ModularGameVFX/Effects/Frost/Niagara/Modules/NM_Frost_ImpactFinal,/ModularGameVFX/ModularGameVFXLibrary/00_Core/NiagaraModules/Frost/NM_Frost_ImpactFinal,已迁移（migration_complete.json）；旧路径已移除
00_Core,NiagaraScript,NM_Frost_ImpactMotion,NM_Frost_ImpactMotion,,,,,,,,,,否,SharedAsset,/ModularGameVFX/Effects/Frost/Niagara/Modules/NM_Frost_ImpactMotion,/ModularGameVFX/ModularGameVFXLibrary/00_Core/NiagaraModules/Frost/NM_Frost_ImpactMotion,已迁移（migration_complete.json）；旧路径已移除
00_Core,NiagaraScript,NM_Frost_NovaCinematic,NM_Frost_NovaCinematic,,,,,,,,,,否,SharedAsset,/ModularGameVFX/Effects/Frost/Niagara/Modules/NM_Frost_NovaCinematic,/ModularGameVFX/ModularGameVFXLibrary/00_Core/NiagaraModules/Frost/NM_Frost_NovaCinematic,已迁移（migration_complete.json）；旧路径已移除
00_Core,NiagaraScript,NM_Frost_NovaFinal,NM_Frost_NovaFinal,,,,,,,,,,否,SharedAsset,/ModularGameVFX/Effects/Frost/Niagara/Modules/NM_Frost_NovaFinal,/ModularGameVFX/ModularGameVFXLibrary/00_Core/NiagaraModules/Frost/NM_Frost_NovaFinal,已迁移（migration_complete.json）；旧路径已移除
00_Core,NiagaraScript,NM_Frost_NovaMotion,NM_Frost_NovaMotion,,,,,,,,,,否,SharedAsset,/ModularGameVFX/Effects/Frost/Niagara/Modules/NM_Frost_NovaMotion,/ModularGameVFX/ModularGameVFXLibrary/00_Core/NiagaraModules/Frost/NM_Frost_NovaMotion,已迁移（migration_complete.json）；旧路径已移除
00_Core,NiagaraScript,NM_Frost_ProjectileCinematic,NM_Frost_ProjectileCinematic,,,,,,,,,,否,SharedAsset,/ModularGameVFX/Effects/Frost/Niagara/Modules/NM_Frost_ProjectileCinematic,/ModularGameVFX/ModularGameVFXLibrary/00_Core/NiagaraModules/Frost/NM_Frost_ProjectileCinematic,已迁移（migration_complete.json）；旧路径已移除
00_Core,NiagaraScript,NM_Frost_ProjectileFinal,NM_Frost_ProjectileFinal,,,,,,,,,,否,SharedAsset,/ModularGameVFX/Effects/Frost/Niagara/Modules/NM_Frost_ProjectileFinal,/ModularGameVFX/ModularGameVFXLibrary/00_Core/NiagaraModules/Frost/NM_Frost_ProjectileFinal,已迁移（migration_complete.json）；旧路径已移除
00_Core,NiagaraScript,NM_Frost_ProjectileMotion,NM_Frost_ProjectileMotion,,,,,,,,,,否,SharedAsset,/ModularGameVFX/Effects/Frost/Niagara/Modules/NM_Frost_ProjectileMotion,/ModularGameVFX/ModularGameVFXLibrary/00_Core/NiagaraModules/Frost/NM_Frost_ProjectileMotion,已迁移（migration_complete.json）；旧路径已移除
00_Core,NiagaraScript,NM_Frostbolt_ChargeMotion,NM_Frostbolt_ChargeMotion,,,,,,,,,,否,SharedAsset,/ModularGameVFX/Effects/Frost/Niagara/Modules/NM_Frostbolt_ChargeMotion,/ModularGameVFX/ModularGameVFXLibrary/00_Core/NiagaraModules/Frost/NM_Frostbolt_ChargeMotion,已迁移（migration_complete.json）；旧路径已移除
00_Core,NiagaraScript,NM_Frostbolt_ImpactMotion,NM_Frostbolt_ImpactMotion,,,,,,,,,,否,SharedAsset,/ModularGameVFX/Effects/Frost/Niagara/Modules/NM_Frostbolt_ImpactMotion,/ModularGameVFX/ModularGameVFXLibrary/00_Core/NiagaraModules/Frost/NM_Frostbolt_ImpactMotion,已迁移（migration_complete.json）；旧路径已移除
00_Core,NiagaraScript,NM_Frostbolt_ProjectileMotion,NM_Frostbolt_ProjectileMotion,,,,,,,,,,否,SharedAsset,/ModularGameVFX/Effects/Frost/Niagara/Modules/NM_Frostbolt_ProjectileMotion,/ModularGameVFX/ModularGameVFXLibrary/00_Core/NiagaraModules/Frost/NM_Frostbolt_ProjectileMotion,已迁移（migration_complete.json）；旧路径已移除
00_Core,NiagaraScript,NM_VFX_GroundSpawn,NM_VFX_GroundSpawn,,,,,,,,,,否,SharedAsset,/ModularGameVFX/Niagara/CH07_GroundAOE/Modules/NM_VFX_CH07_GroundSpawn,/ModularGameVFX/ModularGameVFXLibrary/00_Core/NiagaraModules/GroundAOE/NM_VFX_GroundSpawn,已迁移（migration_complete.json）；旧路径已移除
00_Core,NiagaraScript,NM_VFX_GroundUpdate,NM_VFX_GroundUpdate,,,,,,,,,,否,SharedAsset,/ModularGameVFX/Niagara/CH07_GroundAOE/Modules/NM_VFX_CH07_GroundUpdate,/ModularGameVFX/ModularGameVFXLibrary/00_Core/NiagaraModules/GroundAOE/NM_VFX_GroundUpdate,已迁移（migration_complete.json）；旧路径已移除
00_Core,NiagaraScript,DI_VFX_BranchPointCount,DI_VFX_BranchPointCount,,,,,,,,,,否,SharedAsset,/ModularGameVFX/Niagara/CH13_Lightning/Modules/DI_VFX_CH13_BranchPointCount,/ModularGameVFX/ModularGameVFXLibrary/00_Core/NiagaraModules/Lightning/DI_VFX_BranchPointCount,已迁移（migration_complete.json）；旧路径已移除
00_Core,NiagaraScript,DI_VFX_GroundArcCount,DI_VFX_GroundArcCount,,,,,,,,,,否,SharedAsset,/ModularGameVFX/Niagara/CH13_Lightning/Modules/DI_VFX_CH13_GroundArcCount,/ModularGameVFX/ModularGameVFXLibrary/00_Core/NiagaraModules/Lightning/DI_VFX_GroundArcCount,已迁移（migration_complete.json）；旧路径已移除
00_Core,NiagaraScript,DI_VFX_LightCount,DI_VFX_LightCount,,,,,,,,,,否,SharedAsset,/ModularGameVFX/Niagara/CH13_Lightning/Modules/DI_VFX_CH13_LightCount,/ModularGameVFX/ModularGameVFXLibrary/00_Core/NiagaraModules/Lightning/DI_VFX_LightCount,已迁移（migration_complete.json）；旧路径已移除
00_Core,NiagaraScript,DI_VFX_MainPointCount,DI_VFX_MainPointCount,,,,,,,,,,否,SharedAsset,/ModularGameVFX/Niagara/CH13_Lightning/Modules/DI_VFX_CH13_MainPointCount,/ModularGameVFX/ModularGameVFXLibrary/00_Core/NiagaraModules/Lightning/DI_VFX_MainPointCount,已迁移（migration_complete.json）；旧路径已移除
00_Core,NiagaraScript,DI_VFX_SparkCount,DI_VFX_SparkCount,,,,,,,,,,否,SharedAsset,/ModularGameVFX/Niagara/CH13_Lightning/Modules/DI_VFX_CH13_SparkCount,/ModularGameVFX/ModularGameVFXLibrary/00_Core/NiagaraModules/Lightning/DI_VFX_SparkCount,已迁移（migration_complete.json）；旧路径已移除
00_Core,NiagaraScript,NM_VFX_BeamShape,NM_VFX_BeamShape,,,,,,,,,,否,SharedAsset,/ModularGameVFX/Niagara/CH13_Lightning/Modules/NM_VFX_CH13_BeamShape,/ModularGameVFX/ModularGameVFXLibrary/00_Core/NiagaraModules/Lightning/NM_VFX_BeamShape,已迁移（migration_complete.json）；旧路径已移除
00_Core,NiagaraScript,NM_VFX_BranchShape,NM_VFX_BranchShape,,,,,,,,,,否,SharedAsset,/ModularGameVFX/Niagara/CH13_Lightning/Modules/NM_VFX_CH13_BranchShape,/ModularGameVFX/ModularGameVFXLibrary/00_Core/NiagaraModules/Lightning/NM_VFX_BranchShape,已迁移（migration_complete.json）；旧路径已移除
00_Core,NiagaraScript,NM_VFX_ChainFlash,NM_VFX_ChainFlash,,,,,,,,,,否,SharedAsset,/ModularGameVFX/Niagara/CH13_Lightning/Modules/NM_VFX_CH13_ChainFlash,/ModularGameVFX/ModularGameVFXLibrary/00_Core/NiagaraModules/Lightning/NM_VFX_ChainFlash,已迁移（migration_complete.json）；旧路径已移除
00_Core,NiagaraScript,NM_VFX_ChainShape,NM_VFX_ChainShape,,,,,,,,,,否,SharedAsset,/ModularGameVFX/Niagara/CH13_Lightning/Modules/NM_VFX_CH13_ChainShape,/ModularGameVFX/ModularGameVFXLibrary/00_Core/NiagaraModules/Lightning/NM_VFX_ChainShape,已迁移（migration_complete.json）；旧路径已移除
00_Core,NiagaraScript,NM_VFX_Flash,NM_VFX_Flash,,,,,,,,,,否,SharedAsset,/ModularGameVFX/Niagara/CH13_Lightning/Modules/NM_VFX_CH13_Flash,/ModularGameVFX/ModularGameVFXLibrary/00_Core/NiagaraModules/Lightning/NM_VFX_Flash,已迁移（migration_complete.json）；旧路径已移除
00_Core,NiagaraScript,NM_VFX_GroundArc,NM_VFX_GroundArc,,,,,,,,,,否,SharedAsset,/ModularGameVFX/Niagara/CH13_Lightning/Modules/NM_VFX_CH13_GroundArc,/ModularGameVFX/ModularGameVFXLibrary/00_Core/NiagaraModules/Lightning/NM_VFX_GroundArc,已迁移（migration_complete.json）；旧路径已移除
00_Core,NiagaraScript,NM_VFX_Light,NM_VFX_Light,,,,,,,,,,否,SharedAsset,/ModularGameVFX/Niagara/CH13_Lightning/Modules/NM_VFX_CH13_Light,/ModularGameVFX/ModularGameVFXLibrary/00_Core/NiagaraModules/Lightning/NM_VFX_Light,已迁移（migration_complete.json）；旧路径已移除
00_Core,NiagaraScript,NM_VFX_MainArcBase,NM_VFX_MainArcBase,,,,,,,,,,否,SharedAsset,/ModularGameVFX/Niagara/CH13_Lightning/Modules/NM_VFX_CH13_MainArcBase,/ModularGameVFX/ModularGameVFXLibrary/00_Core/NiagaraModules/Lightning/NM_VFX_MainArcBase,已迁移（migration_complete.json）；旧路径已移除
00_Core,NiagaraScript,NM_VFX_SingleShape,NM_VFX_SingleShape,,,,,,,,,,否,SharedAsset,/ModularGameVFX/Niagara/CH13_Lightning/Modules/NM_VFX_CH13_SingleShape,/ModularGameVFX/ModularGameVFXLibrary/00_Core/NiagaraModules/Lightning/NM_VFX_SingleShape,已迁移（migration_complete.json）；旧路径已移除
00_Core,NiagaraScript,NM_VFX_SparkSpawn,NM_VFX_SparkSpawn,,,,,,,,,,否,SharedAsset,/ModularGameVFX/Niagara/CH13_Lightning/Modules/NM_VFX_CH13_SparkSpawn,/ModularGameVFX/ModularGameVFXLibrary/00_Core/NiagaraModules/Lightning/NM_VFX_SparkSpawn,已迁移（migration_complete.json）；旧路径已移除
00_Core,NiagaraScript,NM_VFX_SparkUpdate,NM_VFX_SparkUpdate,,,,,,,,,,否,SharedAsset,/ModularGameVFX/Niagara/CH13_Lightning/Modules/NM_VFX_CH13_SparkUpdate,/ModularGameVFX/ModularGameVFXLibrary/00_Core/NiagaraModules/Lightning/NM_VFX_SparkUpdate,已迁移（migration_complete.json）；旧路径已移除
00_Core,NiagaraScript,NM_VFX_SparkUpdateV2,NM_VFX_SparkUpdateV2,,,,,,,,,,否,SharedAsset,/ModularGameVFX/Niagara/CH13_Lightning/Modules/NM_VFX_CH13_SparkUpdateV2,/ModularGameVFX/ModularGameVFXLibrary/00_Core/NiagaraModules/Lightning/NM_VFX_SparkUpdateV2,已迁移（migration_complete.json）；旧路径已移除
00_Core,NiagaraScript,NM_VFX_SparkSpawn,NM_VFX_SparkSpawn,,,,,,,,,,否,SharedAsset,/ModularGameVFX/Niagara/CH12_MagicBeam/Modules/NM_VFX_CH12_SparkSpawn,/ModularGameVFX/ModularGameVFXLibrary/00_Core/NiagaraModules/MagicBeam/NM_VFX_SparkSpawn,已迁移（migration_complete.json）；旧路径已移除
00_Core,NiagaraScript,NM_VFX_SparkUpdate,NM_VFX_SparkUpdate,,,,,,,,,,否,SharedAsset,/ModularGameVFX/Niagara/CH12_MagicBeam/Modules/NM_VFX_CH12_SparkUpdate,/ModularGameVFX/ModularGameVFXLibrary/00_Core/NiagaraModules/MagicBeam/NM_VFX_SparkUpdate,已迁移（migration_complete.json）；旧路径已移除
00_Core,NiagaraScript,NM_VFX_MagicCircleSpawn,NM_VFX_MagicCircleSpawn,,,,,,,,,,否,SharedAsset,/ModularGameVFX/Niagara/CH08_MagicCircle/Modules/NM_VFX_CH08_MagicCircleSpawn,/ModularGameVFX/ModularGameVFXLibrary/00_Core/NiagaraModules/MagicCircle/NM_VFX_MagicCircleSpawn,已迁移（migration_complete.json）；旧路径已移除
00_Core,NiagaraScript,NM_VFX_MagicCircleUpdate,NM_VFX_MagicCircleUpdate,,,,,,,,,,否,SharedAsset,/ModularGameVFX/Niagara/CH08_MagicCircle/Modules/NM_VFX_CH08_MagicCircleUpdate,/ModularGameVFX/ModularGameVFXLibrary/00_Core/NiagaraModules/MagicCircle/NM_VFX_MagicCircleUpdate,已迁移（migration_complete.json）；旧路径已移除
00_Core,NiagaraEmitter,NE_VFX_ImpactDecal,NE_VFX_ImpactDecal,,,,,,,,,,否,SharedAsset,/ModularGameVFX/Niagara/CH06_MagicImpact/Emitters/NE_VFX_CH06_ImpactDecal,/ModularGameVFX/ModularGameVFXLibrary/00_Core/NiagaraModules/MagicImpact/NE_VFX_ImpactDecal,已迁移（migration_complete.json）；旧路径已移除
00_Core,NiagaraEmitter,NE_VFX_RadialBurst,NE_VFX_RadialBurst,,,,,,,,,,否,SharedAsset,/ModularGameVFX/Niagara/CH06_MagicImpact/Emitters/NE_VFX_CH06_RadialBurst,/ModularGameVFX/ModularGameVFXLibrary/00_Core/NiagaraModules/MagicImpact/NE_VFX_RadialBurst,已迁移（migration_complete.json）；旧路径已移除
00_Core,NiagaraScript,NM_VFX_DecalSpawn,NM_VFX_DecalSpawn,,,,,,,,,,否,SharedAsset,/ModularGameVFX/Niagara/CH06_MagicImpact/Modules/NM_VFX_CH06_DecalSpawn,/ModularGameVFX/ModularGameVFXLibrary/00_Core/NiagaraModules/MagicImpact/NM_VFX_DecalSpawn,已迁移（migration_complete.json）；旧路径已移除
00_Core,NiagaraScript,NM_VFX_DecalUpdate,NM_VFX_DecalUpdate,,,,,,,,,,否,SharedAsset,/ModularGameVFX/Niagara/CH06_MagicImpact/Modules/NM_VFX_CH06_DecalUpdate,/ModularGameVFX/ModularGameVFXLibrary/00_Core/NiagaraModules/MagicImpact/NM_VFX_DecalUpdate,已迁移（migration_complete.json）；旧路径已移除
00_Core,NiagaraScript,NM_VFX_FragmentSpawn,NM_VFX_FragmentSpawn,,,,,,,,,,否,SharedAsset,/ModularGameVFX/Niagara/CH06_MagicImpact/Modules/NM_VFX_CH06_FragmentSpawn,/ModularGameVFX/ModularGameVFXLibrary/00_Core/NiagaraModules/MagicImpact/NM_VFX_FragmentSpawn,已迁移（migration_complete.json）；旧路径已移除
00_Core,NiagaraScript,NM_VFX_FragmentUpdate,NM_VFX_FragmentUpdate,,,,,,,,,,否,SharedAsset,/ModularGameVFX/Niagara/CH06_MagicImpact/Modules/NM_VFX_CH06_FragmentUpdate,/ModularGameVFX/ModularGameVFXLibrary/00_Core/NiagaraModules/MagicImpact/NM_VFX_FragmentUpdate,已迁移（migration_complete.json）；旧路径已移除
00_Core,NiagaraScript,NM_VFX_ImpactSpriteSpawn,NM_VFX_ImpactSpriteSpawn,,,,,,,,,,否,SharedAsset,/ModularGameVFX/Niagara/CH06_MagicImpact/Modules/NM_VFX_CH06_ImpactSpriteSpawn,/ModularGameVFX/ModularGameVFXLibrary/00_Core/NiagaraModules/MagicImpact/NM_VFX_ImpactSpriteSpawn,已迁移（migration_complete.json）；旧路径已移除
00_Core,NiagaraScript,NM_VFX_ImpactSpriteUpdate,NM_VFX_ImpactSpriteUpdate,,,,,,,,,,否,SharedAsset,/ModularGameVFX/Niagara/CH06_MagicImpact/Modules/NM_VFX_CH06_ImpactSpriteUpdate,/ModularGameVFX/ModularGameVFXLibrary/00_Core/NiagaraModules/MagicImpact/NM_VFX_ImpactSpriteUpdate,已迁移（migration_complete.json）；旧路径已移除
00_Core,NiagaraScript,NM_VFX_LightDynamics,NM_VFX_LightDynamics,,,,,,,,,,否,SharedAsset,/ModularGameVFX/Niagara/CH04_MagicProjectile/Modules/NM_VFX_CH04_LightDynamics,/ModularGameVFX/ModularGameVFXLibrary/00_Core/NiagaraModules/MagicProjectile/NM_VFX_LightDynamics,已迁移（migration_complete.json）；旧路径已移除
00_Core,NiagaraScript,NM_VFX_MovingParticleSpawn,NM_VFX_MovingParticleSpawn,,,,,,,,,,否,SharedAsset,/ModularGameVFX/Niagara/CH04_MagicProjectile/Modules/NM_VFX_CH04_MovingParticleSpawn,/ModularGameVFX/ModularGameVFXLibrary/00_Core/NiagaraModules/MagicProjectile/NM_VFX_MovingParticleSpawn,已迁移（migration_complete.json）；旧路径已移除
00_Core,NiagaraScript,NM_VFX_MovingParticleUpdate,NM_VFX_MovingParticleUpdate,,,,,,,,,,否,SharedAsset,/ModularGameVFX/Niagara/CH04_MagicProjectile/Modules/NM_VFX_CH04_MovingParticleUpdate,/ModularGameVFX/ModularGameVFXLibrary/00_Core/NiagaraModules/MagicProjectile/NM_VFX_MovingParticleUpdate,已迁移（migration_complete.json）；旧路径已移除
00_Core,NiagaraScript,NM_VFX_OrbitDynamics,NM_VFX_OrbitDynamics,,,,,,,,,,否,SharedAsset,/ModularGameVFX/Niagara/CH04_MagicProjectile/Modules/NM_VFX_CH04_OrbitDynamics,/ModularGameVFX/ModularGameVFXLibrary/00_Core/NiagaraModules/MagicProjectile/NM_VFX_OrbitDynamics,已迁移（migration_complete.json）；旧路径已移除
00_Core,NiagaraScript,NM_VFX_ProjectileBodyDynamics,NM_VFX_ProjectileBodyDynamics,,,,,,,,,,否,SharedAsset,/ModularGameVFX/Niagara/CH04_MagicProjectile/Modules/NM_VFX_CH04_ProjectileBodyDynamics,/ModularGameVFX/ModularGameVFXLibrary/00_Core/NiagaraModules/MagicProjectile/NM_VFX_ProjectileBodyDynamics,已迁移（migration_complete.json）；旧路径已移除
00_Core,NiagaraScript,NM_VFX_RibbonSpawn,NM_VFX_RibbonSpawn,,,,,,,,,,否,SharedAsset,/ModularGameVFX/Niagara/CH04_MagicProjectile/Modules/NM_VFX_CH04_RibbonSpawn,/ModularGameVFX/ModularGameVFXLibrary/00_Core/NiagaraModules/MagicProjectile/NM_VFX_RibbonSpawn,已迁移（migration_complete.json）；旧路径已移除
00_Core,NiagaraScript,NM_VFX_RibbonUpdate,NM_VFX_RibbonUpdate,,,,,,,,,,否,SharedAsset,/ModularGameVFX/Niagara/CH04_MagicProjectile/Modules/NM_VFX_CH04_RibbonUpdate,/ModularGameVFX/ModularGameVFXLibrary/00_Core/NiagaraModules/MagicProjectile/NM_VFX_RibbonUpdate,已迁移（migration_complete.json）；旧路径已移除
00_Core,NiagaraScript,NM_VFX_MeshScaleSpawn,NM_VFX_MeshScaleSpawn,,,,,,,,,,否,SharedAsset,/ModularGameVFX/Niagara/CH11_MagicShield/Modules/NM_VFX_CH11_MeshScaleSpawn,/ModularGameVFX/ModularGameVFXLibrary/00_Core/NiagaraModules/MagicShield/NM_VFX_MeshScaleSpawn,已迁移（migration_complete.json）；旧路径已移除
00_Core,NiagaraScript,NM_VFX_MeshScaleUpdate,NM_VFX_MeshScaleUpdate,,,,,,,,,,否,SharedAsset,/ModularGameVFX/Niagara/CH11_MagicShield/Modules/NM_VFX_CH11_MeshScaleUpdate,/ModularGameVFX/ModularGameVFXLibrary/00_Core/NiagaraModules/MagicShield/NM_VFX_MeshScaleUpdate,已迁移（migration_complete.json）；旧路径已移除
00_Core,NiagaraScript,NM_VFX_ShieldSpawn,NM_VFX_ShieldSpawn,,,,,,,,,,否,SharedAsset,/ModularGameVFX/Niagara/CH11_MagicShield/Modules/NM_VFX_CH11_ShieldSpawn,/ModularGameVFX/ModularGameVFXLibrary/00_Core/NiagaraModules/MagicShield/NM_VFX_ShieldSpawn,已迁移（migration_complete.json）；旧路径已移除
00_Core,NiagaraScript,NM_VFX_ShieldUpdate,NM_VFX_ShieldUpdate,,,,,,,,,,否,SharedAsset,/ModularGameVFX/Niagara/CH11_MagicShield/Modules/NM_VFX_CH11_ShieldUpdate,/ModularGameVFX/ModularGameVFXLibrary/00_Core/NiagaraModules/MagicShield/NM_VFX_ShieldUpdate,已迁移（migration_complete.json）；旧路径已移除
00_Core,NiagaraScript,NM_VFX_ApplyUserControls,NM_VFX_ApplyUserControls,,,,,,,,,,否,SharedAsset,/ModularGameVFX/Niagara/CH01_MagicSpark/Modules/NM_VFX_CH01_ApplyUserControls,/ModularGameVFX/ModularGameVFXLibrary/00_Core/NiagaraModules/MagicSpark/NM_VFX_ApplyUserControls,已迁移（migration_complete.json）；旧路径已移除
00_Core,NiagaraScript,NM_VFX_InitHeroLight,NM_VFX_InitHeroLight,,,,,,,,,,否,SharedAsset,/ModularGameVFX/Niagara/CH01_MagicSpark/Modules/NM_VFX_CH01_InitHeroLight,/ModularGameVFX/ModularGameVFXLibrary/00_Core/NiagaraModules/MagicSpark/NM_VFX_InitHeroLight,已迁移（migration_complete.json）；旧路径已移除
00_Core,NiagaraScript,NM_PetalBloom_LegacyParticleMotion,NM_PetalBloom_LegacyParticleMotion,,,,,,,,,,否,SharedAsset,/ModularGameVFX/Effects/Nature/Niagara/Modules/NM_PetalBloom_LegacyParticleMotion,/ModularGameVFX/ModularGameVFXLibrary/00_Core/NiagaraModules/Nature/NM_PetalBloom_LegacyParticleMotion,已迁移（migration_complete.json）；旧路径已移除
00_Core,NiagaraScript,NM_PetalBloom_PaletteParameters,NM_PetalBloom_PaletteParameters,,,,,,,,,,否,SharedAsset,/ModularGameVFX/Effects/Nature/Niagara/Modules/NM_PetalBloom_PaletteParameters,/ModularGameVFX/ModularGameVFXLibrary/00_Core/NiagaraModules/Nature/NM_PetalBloom_PaletteParameters,已迁移（migration_complete.json）；旧路径已移除
00_Core,NiagaraScript,NM_PetalBloom_PetalMotion,NM_PetalBloom_PetalMotion,,,,,,,,,,否,SharedAsset,/ModularGameVFX/Effects/Nature/Niagara/Modules/NM_PetalBloom_PetalMotion,/ModularGameVFX/ModularGameVFXLibrary/00_Core/NiagaraModules/Nature/NM_PetalBloom_PetalMotion,已迁移（migration_complete.json）；旧路径已移除
00_Core,NiagaraScript,NM_PetalBloom_PollenPolish,NM_PetalBloom_PollenPolish,,,,,,,,,,否,SharedAsset,/ModularGameVFX/Effects/Nature/Niagara/Modules/NM_PetalBloom_PollenPolish,/ModularGameVFX/ModularGameVFXLibrary/00_Core/NiagaraModules/Nature/NM_PetalBloom_PollenPolish,已迁移（migration_complete.json）；旧路径已移除
00_Core,NiagaraScript,NM_VFX_PeachLightPillarParticleMotion,NM_VFX_PeachLightPillarParticleMotion,,,,,,,,,,否,SharedAsset,/ModularGameVFX/Niagara/PetalsAura/Modules/NM_VFX_PeachLightPillarParticleMotion,/ModularGameVFX/ModularGameVFXLibrary/00_Core/NiagaraModules/PetalsAura/NM_VFX_PeachLightPillarParticleMotion,已迁移（migration_complete.json）；旧路径已移除
00_Core,NiagaraScript,NM_VFX_PeachLightPillarUpdate,NM_VFX_PeachLightPillarUpdate,,,,,,,,,,否,SharedAsset,/ModularGameVFX/Niagara/PetalsAura/Modules/NM_VFX_PeachLightPillarUpdate,/ModularGameVFX/ModularGameVFXLibrary/00_Core/NiagaraModules/PetalsAura/NM_VFX_PeachLightPillarUpdate,已迁移（migration_complete.json）；旧路径已移除
00_Core,NiagaraScript,NM_VFX_PeachRippleParticleMotion,NM_VFX_PeachRippleParticleMotion,,,,,,,,,,否,SharedAsset,/ModularGameVFX/Niagara/PetalsAura/Modules/NM_VFX_PeachRippleParticleMotion,/ModularGameVFX/ModularGameVFXLibrary/00_Core/NiagaraModules/PetalsAura/NM_VFX_PeachRippleParticleMotion,已迁移（migration_complete.json）；旧路径已移除
00_Core,NiagaraScript,NM_VFX_PeachRippleUpdate,NM_VFX_PeachRippleUpdate,,,,,,,,,,否,SharedAsset,/ModularGameVFX/Niagara/PetalsAura/Modules/NM_VFX_PeachRippleUpdate,/ModularGameVFX/ModularGameVFXLibrary/00_Core/NiagaraModules/PetalsAura/NM_VFX_PeachRippleUpdate,已迁移（migration_complete.json）；旧路径已移除
00_Core,NiagaraScript,NM_VFX_PortalLight,NM_VFX_PortalLight,,,,,,,,,,否,SharedAsset,/ModularGameVFX/Niagara/CH10_PortalTeleport/Modules/NM_VFX_CH10_PortalLight,/ModularGameVFX/ModularGameVFXLibrary/00_Core/NiagaraModules/PortalTeleport/NM_VFX_PortalLight,已迁移（migration_complete.json）；旧路径已移除
00_Core,NiagaraScript,NM_VFX_PortalSpawn,NM_VFX_PortalSpawn,,,,,,,,,,否,SharedAsset,/ModularGameVFX/Niagara/CH10_PortalTeleport/Modules/NM_VFX_CH10_PortalSpawn,/ModularGameVFX/ModularGameVFXLibrary/00_Core/NiagaraModules/PortalTeleport/NM_VFX_PortalSpawn,已迁移（migration_complete.json）；旧路径已移除
00_Core,NiagaraScript,NM_VFX_PortalTendril,NM_VFX_PortalTendril,,,,,,,,,,否,SharedAsset,/ModularGameVFX/Niagara/CH10_PortalTeleport/Modules/NM_VFX_CH10_PortalTendril,/ModularGameVFX/ModularGameVFXLibrary/00_Core/NiagaraModules/PortalTeleport/NM_VFX_PortalTendril,已迁移（migration_complete.json）；旧路径已移除
00_Core,NiagaraScript,NM_VFX_PortalUpdate,NM_VFX_PortalUpdate,,,,,,,,,,否,SharedAsset,/ModularGameVFX/Niagara/CH10_PortalTeleport/Modules/NM_VFX_CH10_PortalUpdate,/ModularGameVFX/ModularGameVFXLibrary/00_Core/NiagaraModules/PortalTeleport/NM_VFX_PortalUpdate,已迁移（migration_complete.json）；旧路径已移除
00_Core,NiagaraScript,NM_VFX_TeleportLight,NM_VFX_TeleportLight,,,,,,,,,,否,SharedAsset,/ModularGameVFX/Niagara/CH10_PortalTeleport/Modules/NM_VFX_CH10_TeleportLight,/ModularGameVFX/ModularGameVFXLibrary/00_Core/NiagaraModules/PortalTeleport/NM_VFX_TeleportLight,已迁移（migration_complete.json）；旧路径已移除
00_Core,NiagaraScript,NM_VFX_TeleportSpawn,NM_VFX_TeleportSpawn,,,,,,,,,,否,SharedAsset,/ModularGameVFX/Niagara/CH10_PortalTeleport/Modules/NM_VFX_CH10_TeleportSpawn,/ModularGameVFX/ModularGameVFXLibrary/00_Core/NiagaraModules/PortalTeleport/NM_VFX_TeleportSpawn,已迁移（migration_complete.json）；旧路径已移除
00_Core,NiagaraScript,NM_VFX_TeleportUpdate,NM_VFX_TeleportUpdate,,,,,,,,,,否,SharedAsset,/ModularGameVFX/Niagara/CH10_PortalTeleport/Modules/NM_VFX_CH10_TeleportUpdate,/ModularGameVFX/ModularGameVFXLibrary/00_Core/NiagaraModules/PortalTeleport/NM_VFX_TeleportUpdate,已迁移（migration_complete.json）；旧路径已移除
00_Core,NiagaraScript,NM_VFX_RibbonSpawn,NM_VFX_RibbonSpawn,,,,,,,,,,否,SharedAsset,/ModularGameVFX/Niagara/CH05_ProjectileTrail/Modules/NM_VFX_CH05_RibbonSpawn,/ModularGameVFX/ModularGameVFXLibrary/00_Core/NiagaraModules/ProjectileTrail/NM_VFX_RibbonSpawn,已迁移（migration_complete.json）；旧路径已移除
00_Core,NiagaraScript,NM_VFX_RibbonUpdate,NM_VFX_RibbonUpdate,,,,,,,,,,否,SharedAsset,/ModularGameVFX/Niagara/CH05_ProjectileTrail/Modules/NM_VFX_CH05_RibbonUpdate,/ModularGameVFX/ModularGameVFXLibrary/00_Core/NiagaraModules/ProjectileTrail/NM_VFX_RibbonUpdate,已迁移（migration_complete.json）；旧路径已移除
00_Core,NiagaraScript,NM_VFX_SpriteSpawn,NM_VFX_SpriteSpawn,,,,,,,,,,否,SharedAsset,/ModularGameVFX/Niagara/CH05_ProjectileTrail/Modules/NM_VFX_CH05_SpriteSpawn,/ModularGameVFX/ModularGameVFXLibrary/00_Core/NiagaraModules/ProjectileTrail/NM_VFX_SpriteSpawn,已迁移（migration_complete.json）；旧路径已移除
00_Core,NiagaraScript,NM_VFX_SpriteUpdate,NM_VFX_SpriteUpdate,,,,,,,,,,否,SharedAsset,/ModularGameVFX/Niagara/CH05_ProjectileTrail/Modules/NM_VFX_CH05_SpriteUpdate,/ModularGameVFX/ModularGameVFXLibrary/00_Core/NiagaraModules/ProjectileTrail/NM_VFX_SpriteUpdate,已迁移（migration_complete.json）；旧路径已移除
00_Core,NiagaraScript,NM_VFX_SummoningLight,NM_VFX_SummoningLight,,,,,,,,,,否,SharedAsset,/ModularGameVFX/Niagara/CH09_Summoning/Modules/NM_VFX_CH09_SummoningLight,/ModularGameVFX/ModularGameVFXLibrary/00_Core/NiagaraModules/Summoning/NM_VFX_SummoningLight,已迁移（migration_complete.json）；旧路径已移除
00_Core,NiagaraScript,NM_VFX_SummoningSpawn,NM_VFX_SummoningSpawn,,,,,,,,,,否,SharedAsset,/ModularGameVFX/Niagara/CH09_Summoning/Modules/NM_VFX_CH09_SummoningSpawn,/ModularGameVFX/ModularGameVFXLibrary/00_Core/NiagaraModules/Summoning/NM_VFX_SummoningSpawn,已迁移（migration_complete.json）；旧路径已移除
00_Core,NiagaraScript,NM_VFX_SummoningUpdate,NM_VFX_SummoningUpdate,,,,,,,,,,否,SharedAsset,/ModularGameVFX/Niagara/CH09_Summoning/Modules/NM_VFX_CH09_SummoningUpdate,/ModularGameVFX/ModularGameVFXLibrary/00_Core/NiagaraModules/Summoning/NM_VFX_SummoningUpdate,已迁移（migration_complete.json）；旧路径已移除
00_Core,NiagaraEmitter,NE_VFX_Shockwave,NE_VFX_Shockwave,,,,,,,,,,否,SharedAsset,/ModularGameVFX/Niagara/CH06_MagicImpact/Emitters/NE_VFX_CH06_Shockwave,/ModularGameVFX/ModularGameVFXLibrary/00_Core/Shockwave/MagicImpact/NE_VFX_Shockwave,已迁移（migration_complete.json）；旧路径已移除
00_Core,NiagaraEmitter,NE_VFX_DustSmoke,NE_VFX_DustSmoke,,,,,,,,,,否,SharedAsset,/ModularGameVFX/Niagara/CH06_MagicImpact/Emitters/NE_VFX_CH06_DustSmoke,/ModularGameVFX/ModularGameVFXLibrary/00_Core/Smoke/MagicImpact/NE_VFX_DustSmoke,已迁移（migration_complete.json）；旧路径已移除
00_Core,NiagaraEmitter,NE_VFX_Spark,NE_VFX_Spark,,,,,,,,,,否,SharedAsset,/ModularGameVFX/Niagara/Common/Emitters/NE_VFX_Spark,/ModularGameVFX/ModularGameVFXLibrary/00_Core/Sparks/Common/NE_VFX_Spark,已迁移（migration_complete.json）；旧路径已移除
00_Core,NiagaraSystem,早期简式魔法火花原子,NS_Energy_MagicSparkSimple_Legacy,MGVFX-LIB-CORE-SPARKS-002,MVFX-LIB-CH01-002,VFX.Core.Energy.MagicSparkSimpleLegacy,Energy,Spark,Combat,OneShot,Cosmetic,ET_VFX_Cosmetic（建议策略，未绑定）,否,Prototype_RequiresValidation,/ModularGameVFX/Niagara/CH01_MagicSpark/Systems/NS_VFX_MagicSpark_01,/ModularGameVFX/ModularGameVFXLibrary/00_Core/Sparks/Legacy/NS_Energy_MagicSparkSimple_Legacy,已迁移（migration_complete.json）；旧路径已移除
00_Core,NiagaraSystem,早期魔法火花原子,NS_Energy_MagicSpark_Legacy,MGVFX-LIB-CORE-SPARKS-001,MVFX-LIB-CH01-001,VFX.Core.Energy.MagicSparkLegacy,Energy,Spark,Combat,OneShot,Cosmetic,ET_VFX_Cosmetic（建议策略，未绑定）,否,Prototype_RequiresValidation,/ModularGameVFX/Niagara/CH01_MagicSpark/Systems/NS_VFX_CH01_MagicSpark,/ModularGameVFX/ModularGameVFXLibrary/00_Core/Sparks/Legacy/NS_Energy_MagicSpark_Legacy,已迁移（migration_complete.json）；旧路径已移除
00_Core,NiagaraEmitter,NE_VFX_Sparks,NE_VFX_Sparks,,,,,,,,,,否,SharedAsset,/ModularGameVFX/Niagara/CH06_MagicImpact/Emitters/NE_VFX_CH06_Sparks,/ModularGameVFX/ModularGameVFXLibrary/00_Core/Sparks/MagicImpact/NE_VFX_Sparks,已迁移（migration_complete.json）；旧路径已移除
00_Core,Texture2D,T_Arcane_ArcanePlasma,T_Arcane_ArcanePlasma,,,,,,,,,,否,SharedAsset,/ModularGameVFX/Effects/Arcane/Textures/T_Arcane_ArcanePlasma,/ModularGameVFX/ModularGameVFXLibrary/00_Core/Textures/Arcane/T_Arcane_ArcanePlasma,已迁移（migration_complete.json）；旧路径已移除
00_Core,Texture2D,T_Arcane_Core,T_Arcane_Core,,,,,,,,,,否,SharedAsset,/ModularGameVFX/Effects/Arcane/Textures/T_Arcane_Core,/ModularGameVFX/ModularGameVFXLibrary/00_Core/Textures/Arcane/T_Arcane_Core,已迁移（migration_complete.json）；旧路径已移除
00_Core,Texture2D,T_Arcane_Ribbon,T_Arcane_Ribbon,,,,,,,,,,否,SharedAsset,/ModularGameVFX/Effects/Arcane/Textures/T_Arcane_Ribbon,/ModularGameVFX/ModularGameVFXLibrary/00_Core/Textures/Arcane/T_Arcane_Ribbon,已迁移（migration_complete.json）；旧路径已移除
00_Core,Texture2D,T_Arcane_RunicSeal,T_Arcane_RunicSeal,,,,,,,,,,否,SharedAsset,/ModularGameVFX/Effects/Arcane/Textures/T_Arcane_RunicSeal,/ModularGameVFX/ModularGameVFXLibrary/00_Core/Textures/Arcane/T_Arcane_RunicSeal,已迁移（migration_complete.json）；旧路径已移除
00_Core,Texture2D,T_Arcane_Star,T_Arcane_Star,,,,,,,,,,否,SharedAsset,/ModularGameVFX/Effects/Arcane/Textures/T_Arcane_Star,/ModularGameVFX/ModularGameVFXLibrary/00_Core/Textures/Arcane/T_Arcane_Star,已迁移（migration_complete.json）；旧路径已移除
00_Core,Texture2D,T_VFX_Marker_BossTarget_01,T_VFX_Marker_BossTarget_01,,,,,,,,,,否,SharedAsset,/ModularGameVFX/Textures/CH24_CombatReadability/T_VFX_Marker_BossTarget_01,/ModularGameVFX/ModularGameVFXLibrary/00_Core/Textures/CombatReadability/T_VFX_Marker_BossTarget_01,已迁移（migration_complete.json）；旧路径已移除
00_Core,Texture2D,T_VFX_Marker_Critical_01,T_VFX_Marker_Critical_01,,,,,,,,,,否,SharedAsset,/ModularGameVFX/Textures/CH24_CombatReadability/T_VFX_Marker_Critical_01,/ModularGameVFX/ModularGameVFXLibrary/00_Core/Textures/CombatReadability/T_VFX_Marker_Critical_01,已迁移（migration_complete.json）；旧路径已移除
00_Core,Texture2D,T_VFX_Marker_Target_01,T_VFX_Marker_Target_01,,,,,,,,,,否,SharedAsset,/ModularGameVFX/Textures/CH24_CombatReadability/T_VFX_Marker_Target_01,/ModularGameVFX/ModularGameVFXLibrary/00_Core/Textures/CombatReadability/T_VFX_Marker_Target_01,已迁移（migration_complete.json）；旧路径已移除
00_Core,Texture2D,T_VFX_Telegraph_Arrow_Forward_01,T_VFX_Telegraph_Arrow_Forward_01,,,,,,,,,,否,SharedAsset,/ModularGameVFX/Textures/CH24_CombatReadability/T_VFX_Telegraph_Arrow_Forward_01,/ModularGameVFX/ModularGameVFXLibrary/00_Core/Textures/CombatReadability/T_VFX_Telegraph_Arrow_Forward_01,已迁移（migration_complete.json）；旧路径已移除
00_Core,Texture2D,T_VFX_Telegraph_Arrow_Inward_01,T_VFX_Telegraph_Arrow_Inward_01,,,,,,,,,,否,SharedAsset,/ModularGameVFX/Textures/CH24_CombatReadability/T_VFX_Telegraph_Arrow_Inward_01,/ModularGameVFX/ModularGameVFXLibrary/00_Core/Textures/CombatReadability/T_VFX_Telegraph_Arrow_Inward_01,已迁移（migration_complete.json）；旧路径已移除
00_Core,Texture2D,T_VFX_Telegraph_Arrow_Outward_01,T_VFX_Telegraph_Arrow_Outward_01,,,,,,,,,,否,SharedAsset,/ModularGameVFX/Textures/CH24_CombatReadability/T_VFX_Telegraph_Arrow_Outward_01,/ModularGameVFX/ModularGameVFXLibrary/00_Core/Textures/CombatReadability/T_VFX_Telegraph_Arrow_Outward_01,已迁移（migration_complete.json）；旧路径已移除
00_Core,Texture2D,T_VFX_Telegraph_Arrow_Rotate_01,T_VFX_Telegraph_Arrow_Rotate_01,,,,,,,,,,否,SharedAsset,/ModularGameVFX/Textures/CH24_CombatReadability/T_VFX_Telegraph_Arrow_Rotate_01,/ModularGameVFX/ModularGameVFXLibrary/00_Core/Textures/CombatReadability/T_VFX_Telegraph_Arrow_Rotate_01,已迁移（migration_complete.json）；旧路径已移除
00_Core,Texture2D,T_VFX_Telegraph_Boundary_Broken_01,T_VFX_Telegraph_Boundary_Broken_01,,,,,,,,,,否,SharedAsset,/ModularGameVFX/Textures/CH24_CombatReadability/T_VFX_Telegraph_Boundary_Broken_01,/ModularGameVFX/ModularGameVFXLibrary/00_Core/Textures/CombatReadability/T_VFX_Telegraph_Boundary_Broken_01,已迁移（migration_complete.json）；旧路径已移除
00_Core,Texture2D,T_VFX_Telegraph_Boundary_Double_01,T_VFX_Telegraph_Boundary_Double_01,,,,,,,,,,否,SharedAsset,/ModularGameVFX/Textures/CH24_CombatReadability/T_VFX_Telegraph_Boundary_Double_01,/ModularGameVFX/ModularGameVFXLibrary/00_Core/Textures/CombatReadability/T_VFX_Telegraph_Boundary_Double_01,已迁移（migration_complete.json）；旧路径已移除
00_Core,Texture2D,T_VFX_Telegraph_Boundary_Sharp_01,T_VFX_Telegraph_Boundary_Sharp_01,,,,,,,,,,否,SharedAsset,/ModularGameVFX/Textures/CH24_CombatReadability/T_VFX_Telegraph_Boundary_Sharp_01,/ModularGameVFX/ModularGameVFXLibrary/00_Core/Textures/CombatReadability/T_VFX_Telegraph_Boundary_Sharp_01,已迁移（migration_complete.json）；旧路径已移除
00_Core,Texture2D,T_VFX_Telegraph_Boundary_Soft_01,T_VFX_Telegraph_Boundary_Soft_01,,,,,,,,,,否,SharedAsset,/ModularGameVFX/Textures/CH24_CombatReadability/T_VFX_Telegraph_Boundary_Soft_01,/ModularGameVFX/ModularGameVFXLibrary/00_Core/Textures/CombatReadability/T_VFX_Telegraph_Boundary_Soft_01,已迁移（migration_complete.json）；旧路径已移除
00_Core,Texture2D,T_VFX_Telegraph_Circle_01,T_VFX_Telegraph_Circle_01,,,,,,,,,,否,SharedAsset,/ModularGameVFX/Textures/CH24_CombatReadability/T_VFX_Telegraph_Circle_01,/ModularGameVFX/ModularGameVFXLibrary/00_Core/Textures/CombatReadability/T_VFX_Telegraph_Circle_01,已迁移（migration_complete.json）；旧路径已移除
00_Core,Texture2D,T_VFX_Telegraph_Cone_01,T_VFX_Telegraph_Cone_01,,,,,,,,,,否,SharedAsset,/ModularGameVFX/Textures/CH24_CombatReadability/T_VFX_Telegraph_Cone_01,/ModularGameVFX/ModularGameVFXLibrary/00_Core/Textures/CombatReadability/T_VFX_Telegraph_Cone_01,已迁移（migration_complete.json）；旧路径已移除
00_Core,Texture2D,T_VFX_Telegraph_Countdown_Linear_01,T_VFX_Telegraph_Countdown_Linear_01,,,,,,,,,,否,SharedAsset,/ModularGameVFX/Textures/CH24_CombatReadability/T_VFX_Telegraph_Countdown_Linear_01,/ModularGameVFX/ModularGameVFXLibrary/00_Core/Textures/CombatReadability/T_VFX_Telegraph_Countdown_Linear_01,已迁移（migration_complete.json）；旧路径已移除
00_Core,Texture2D,T_VFX_Telegraph_Countdown_Radial_01,T_VFX_Telegraph_Countdown_Radial_01,,,,,,,,,,否,SharedAsset,/ModularGameVFX/Textures/CH24_CombatReadability/T_VFX_Telegraph_Countdown_Radial_01,/ModularGameVFX/ModularGameVFXLibrary/00_Core/Textures/CombatReadability/T_VFX_Telegraph_Countdown_Radial_01,已迁移（migration_complete.json）；旧路径已移除
00_Core,Texture2D,T_VFX_Telegraph_Countdown_Sector_01,T_VFX_Telegraph_Countdown_Sector_01,,,,,,,,,,否,SharedAsset,/ModularGameVFX/Textures/CH24_CombatReadability/T_VFX_Telegraph_Countdown_Sector_01,/ModularGameVFX/ModularGameVFXLibrary/00_Core/Textures/CombatReadability/T_VFX_Telegraph_Countdown_Sector_01,已迁移（migration_complete.json）；旧路径已移除
00_Core,Texture2D,T_VFX_Telegraph_Cross_01,T_VFX_Telegraph_Cross_01,,,,,,,,,,否,SharedAsset,/ModularGameVFX/Textures/CH24_CombatReadability/T_VFX_Telegraph_Cross_01,/ModularGameVFX/ModularGameVFXLibrary/00_Core/Textures/CombatReadability/T_VFX_Telegraph_Cross_01,已迁移（migration_complete.json）；旧路径已移除
00_Core,Texture2D,T_VFX_Telegraph_Donut_01,T_VFX_Telegraph_Donut_01,,,,,,,,,,否,SharedAsset,/ModularGameVFX/Textures/CH24_CombatReadability/T_VFX_Telegraph_Donut_01,/ModularGameVFX/ModularGameVFXLibrary/00_Core/Textures/CombatReadability/T_VFX_Telegraph_Donut_01,已迁移（migration_complete.json）；旧路径已移除
00_Core,Texture2D,T_VFX_Telegraph_FriendlyRing_01,T_VFX_Telegraph_FriendlyRing_01,,,,,,,,,,否,SharedAsset,/ModularGameVFX/Textures/CH24_CombatReadability/T_VFX_Telegraph_FriendlyRing_01,/ModularGameVFX/ModularGameVFXLibrary/00_Core/Textures/CombatReadability/T_VFX_Telegraph_FriendlyRing_01,已迁移（migration_complete.json）；旧路径已移除
00_Core,Texture2D,T_VFX_Telegraph_HealingArea_01,T_VFX_Telegraph_HealingArea_01,,,,,,,,,,否,SharedAsset,/ModularGameVFX/Textures/CH24_CombatReadability/T_VFX_Telegraph_HealingArea_01,/ModularGameVFX/ModularGameVFXLibrary/00_Core/Textures/CombatReadability/T_VFX_Telegraph_HealingArea_01,已迁移（migration_complete.json）；旧路径已移除
00_Core,Texture2D,T_VFX_Telegraph_Line_01,T_VFX_Telegraph_Line_01,,,,,,,,,,否,SharedAsset,/ModularGameVFX/Textures/CH24_CombatReadability/T_VFX_Telegraph_Line_01,/ModularGameVFX/ModularGameVFXLibrary/00_Core/Textures/CombatReadability/T_VFX_Telegraph_Line_01,已迁移（migration_complete.json）；旧路径已移除
00_Core,Texture2D,T_VFX_Telegraph_Sector_01,T_VFX_Telegraph_Sector_01,,,,,,,,,,否,SharedAsset,/ModularGameVFX/Textures/CH24_CombatReadability/T_VFX_Telegraph_Sector_01,/ModularGameVFX/ModularGameVFXLibrary/00_Core/Textures/CombatReadability/T_VFX_Telegraph_Sector_01,已迁移（migration_complete.json）；旧路径已移除
00_Core,Texture2D,T_VFX_Orb_Core_01,T_VFX_Orb_Core_01,,,,,,,,,,否,SharedAsset,/ModularGameVFX/Textures/CH03_EnergyOrb/T_VFX_Orb_Core_01,/ModularGameVFX/ModularGameVFXLibrary/00_Core/Textures/EnergyOrb/T_VFX_Orb_Core_01,已迁移（migration_complete.json）；旧路径已移除
00_Core,Texture2D,T_VFX_Orb_EnergyArc_01,T_VFX_Orb_EnergyArc_01,,,,,,,,,,否,SharedAsset,/ModularGameVFX/Textures/CH03_EnergyOrb/T_VFX_Orb_EnergyArc_01,/ModularGameVFX/ModularGameVFXLibrary/00_Core/Textures/EnergyOrb/T_VFX_Orb_EnergyArc_01,已迁移（migration_complete.json）；旧路径已移除
00_Core,Texture2D,T_VFX_Orb_Gradient_01,T_VFX_Orb_Gradient_01,,,,,,,,,,否,SharedAsset,/ModularGameVFX/Textures/CH03_EnergyOrb/T_VFX_Orb_Gradient_01,/ModularGameVFX/ModularGameVFXLibrary/00_Core/Textures/EnergyOrb/T_VFX_Orb_Gradient_01,已迁移（migration_complete.json）；旧路径已移除
00_Core,Texture2D,T_VFX_Orb_Gradient_02,T_VFX_Orb_Gradient_02,,,,,,,,,,否,SharedAsset,/ModularGameVFX/Textures/CH03_EnergyOrb/T_VFX_Orb_Gradient_02,/ModularGameVFX/ModularGameVFXLibrary/00_Core/Textures/EnergyOrb/T_VFX_Orb_Gradient_02,已迁移（migration_complete.json）；旧路径已移除
00_Core,Texture2D,T_VFX_Orb_InnerFlow_01,T_VFX_Orb_InnerFlow_01,,,,,,,,,,否,SharedAsset,/ModularGameVFX/Textures/CH03_EnergyOrb/T_VFX_Orb_InnerFlow_01,/ModularGameVFX/ModularGameVFXLibrary/00_Core/Textures/EnergyOrb/T_VFX_Orb_InnerFlow_01,已迁移（migration_complete.json）；旧路径已移除
00_Core,Texture2D,T_VFX_Orb_InnerFlow_02,T_VFX_Orb_InnerFlow_02,,,,,,,,,,否,SharedAsset,/ModularGameVFX/Textures/CH03_EnergyOrb/T_VFX_Orb_InnerFlow_02,/ModularGameVFX/ModularGameVFXLibrary/00_Core/Textures/EnergyOrb/T_VFX_Orb_InnerFlow_02,已迁移（migration_complete.json）；旧路径已移除
00_Core,Texture2D,T_VFX_Orb_OrbitRing_01,T_VFX_Orb_OrbitRing_01,,,,,,,,,,否,SharedAsset,/ModularGameVFX/Textures/CH03_EnergyOrb/T_VFX_Orb_OrbitRing_01,/ModularGameVFX/ModularGameVFXLibrary/00_Core/Textures/EnergyOrb/T_VFX_Orb_OrbitRing_01,已迁移（migration_complete.json）；旧路径已移除
00_Core,Texture2D,T_VFX_Orb_ShellNoise_01,T_VFX_Orb_ShellNoise_01,,,,,,,,,,否,SharedAsset,/ModularGameVFX/Textures/CH03_EnergyOrb/T_VFX_Orb_ShellNoise_01,/ModularGameVFX/ModularGameVFXLibrary/00_Core/Textures/EnergyOrb/T_VFX_Orb_ShellNoise_01,已迁移（migration_complete.json）；旧路径已移除
00_Core,Texture2D,T_VFX_Orb_SurfaceNoise_01,T_VFX_Orb_SurfaceNoise_01,,,,,,,,,,否,SharedAsset,/ModularGameVFX/Textures/CH03_EnergyOrb/T_VFX_Orb_SurfaceNoise_01,/ModularGameVFX/ModularGameVFXLibrary/00_Core/Textures/EnergyOrb/T_VFX_Orb_SurfaceNoise_01,已迁移（migration_complete.json）；旧路径已移除
00_Core,Texture2D,T_VFX_Blizzard_Mist_01,T_VFX_Blizzard_Mist_01,,,,,,,,,,否,SharedAsset,/ModularGameVFX/Textures/CH23_Environment/T_VFX_Blizzard_Mist_01,/ModularGameVFX/ModularGameVFXLibrary/00_Core/Textures/Environment/T_VFX_Blizzard_Mist_01,已迁移（migration_complete.json）；旧路径已移除
00_Core,Texture2D,T_VFX_Blizzard_WindStreak_01,T_VFX_Blizzard_WindStreak_01,,,,,,,,,,否,SharedAsset,/ModularGameVFX/Textures/CH23_Environment/T_VFX_Blizzard_WindStreak_01,/ModularGameVFX/ModularGameVFXLibrary/00_Core/Textures/Environment/T_VFX_Blizzard_WindStreak_01,已迁移（migration_complete.json）；旧路径已移除
00_Core,Texture2D,T_VFX_DarkSky_CloudMask_01,T_VFX_DarkSky_CloudMask_01,,,,,,,,,,否,SharedAsset,/ModularGameVFX/Textures/CH23_Environment/T_VFX_DarkSky_CloudMask_01,/ModularGameVFX/ModularGameVFXLibrary/00_Core/Textures/Environment/T_VFX_DarkSky_CloudMask_01,已迁移（migration_complete.json）；旧路径已移除
00_Core,Texture2D,T_VFX_DarkSky_Noise_01,T_VFX_DarkSky_Noise_01,,,,,,,,,,否,SharedAsset,/ModularGameVFX/Textures/CH23_Environment/T_VFX_DarkSky_Noise_01,/ModularGameVFX/ModularGameVFXLibrary/00_Core/Textures/Environment/T_VFX_DarkSky_Noise_01,已迁移（migration_complete.json）；旧路径已移除
00_Core,Texture2D,T_VFX_DarkSky_Vignette_01,T_VFX_DarkSky_Vignette_01,,,,,,,,,,否,SharedAsset,/ModularGameVFX/Textures/CH23_Environment/T_VFX_DarkSky_Vignette_01,/ModularGameVFX/ModularGameVFXLibrary/00_Core/Textures/Environment/T_VFX_DarkSky_Vignette_01,已迁移（migration_complete.json）；旧路径已移除
00_Core,Texture2D,T_VFX_MagicStorm_CloudNoise_01,T_VFX_MagicStorm_CloudNoise_01,,,,,,,,,,否,SharedAsset,/ModularGameVFX/Textures/CH23_Environment/T_VFX_MagicStorm_CloudNoise_01,/ModularGameVFX/ModularGameVFXLibrary/00_Core/Textures/Environment/T_VFX_MagicStorm_CloudNoise_01,已迁移（migration_complete.json）；旧路径已移除
00_Core,Texture2D,T_VFX_MagicStorm_RadialFlow_01,T_VFX_MagicStorm_RadialFlow_01,,,,,,,,,,否,SharedAsset,/ModularGameVFX/Textures/CH23_Environment/T_VFX_MagicStorm_RadialFlow_01,/ModularGameVFX/ModularGameVFXLibrary/00_Core/Textures/Environment/T_VFX_MagicStorm_RadialFlow_01,已迁移（migration_complete.json）；旧路径已移除
00_Core,Texture2D,T_VFX_MagicStorm_Vortex_01,T_VFX_MagicStorm_Vortex_01,,,,,,,,,,否,SharedAsset,/ModularGameVFX/Textures/CH23_Environment/T_VFX_MagicStorm_Vortex_01,/ModularGameVFX/ModularGameVFXLibrary/00_Core/Textures/Environment/T_VFX_MagicStorm_Vortex_01,已迁移（migration_complete.json）；旧路径已移除
00_Core,Texture2D,T_VFX_Meteor_FireTrail_01,T_VFX_Meteor_FireTrail_01,,,,,,,,,,否,SharedAsset,/ModularGameVFX/Textures/CH23_Environment/T_VFX_Meteor_FireTrail_01,/ModularGameVFX/ModularGameVFXLibrary/00_Core/Textures/Environment/T_VFX_Meteor_FireTrail_01,已迁移（migration_complete.json）；旧路径已移除
00_Core,Texture2D,T_VFX_Meteor_GroundWarning_01,T_VFX_Meteor_GroundWarning_01,,,,,,,,,,否,SharedAsset,/ModularGameVFX/Textures/CH23_Environment/T_VFX_Meteor_GroundWarning_01,/ModularGameVFX/ModularGameVFXLibrary/00_Core/Textures/Environment/T_VFX_Meteor_GroundWarning_01,已迁移（migration_complete.json）；旧路径已移除
00_Core,Texture2D,T_VFX_Meteor_RockCrack_01,T_VFX_Meteor_RockCrack_01,,,,,,,,,,否,SharedAsset,/ModularGameVFX/Textures/CH23_Environment/T_VFX_Meteor_RockCrack_01,/ModularGameVFX/ModularGameVFXLibrary/00_Core/Textures/Environment/T_VFX_Meteor_RockCrack_01,已迁移（migration_complete.json）；旧路径已移除
00_Core,Texture2D,T_VFX_Meteor_Smoke_01,T_VFX_Meteor_Smoke_01,,,,,,,,,,否,SharedAsset,/ModularGameVFX/Textures/CH23_Environment/T_VFX_Meteor_Smoke_01,/ModularGameVFX/ModularGameVFXLibrary/00_Core/Textures/Environment/T_VFX_Meteor_Smoke_01,已迁移（migration_complete.json）；旧路径已移除
00_Core,Texture2D,T_VFX_Rain_Drop_01,T_VFX_Rain_Drop_01,,,,,,,,,,否,SharedAsset,/ModularGameVFX/Textures/CH23_Environment/T_VFX_Rain_Drop_01,/ModularGameVFX/ModularGameVFXLibrary/00_Core/Textures/Environment/T_VFX_Rain_Drop_01,已迁移（migration_complete.json）；旧路径已移除
00_Core,Texture2D,T_VFX_Rain_Splash_01,T_VFX_Rain_Splash_01,,,,,,,,,,否,SharedAsset,/ModularGameVFX/Textures/CH23_Environment/T_VFX_Rain_Splash_01,/ModularGameVFX/ModularGameVFXLibrary/00_Core/Textures/Environment/T_VFX_Rain_Splash_01,已迁移（migration_complete.json）；旧路径已移除
00_Core,Texture2D,T_VFX_Rain_Streak_01,T_VFX_Rain_Streak_01,,,,,,,,,,否,SharedAsset,/ModularGameVFX/Textures/CH23_Environment/T_VFX_Rain_Streak_01,/ModularGameVFX/ModularGameVFXLibrary/00_Core/Textures/Environment/T_VFX_Rain_Streak_01,已迁移（migration_complete.json）；旧路径已移除
00_Core,Texture2D,T_VFX_Starfall_Glint_01,T_VFX_Starfall_Glint_01,,,,,,,,,,否,SharedAsset,/ModularGameVFX/Textures/CH23_Environment/T_VFX_Starfall_Glint_01,/ModularGameVFX/ModularGameVFXLibrary/00_Core/Textures/Environment/T_VFX_Starfall_Glint_01,已迁移（migration_complete.json）；旧路径已移除
00_Core,Texture2D,T_VFX_Starfall_GroundMark_01,T_VFX_Starfall_GroundMark_01,,,,,,,,,,否,SharedAsset,/ModularGameVFX/Textures/CH23_Environment/T_VFX_Starfall_GroundMark_01,/ModularGameVFX/ModularGameVFXLibrary/00_Core/Textures/Environment/T_VFX_Starfall_GroundMark_01,已迁移（migration_complete.json）；旧路径已移除
00_Core,Texture2D,T_VFX_Starfall_Star_01,T_VFX_Starfall_Star_01,,,,,,,,,,否,SharedAsset,/ModularGameVFX/Textures/CH23_Environment/T_VFX_Starfall_Star_01,/ModularGameVFX/ModularGameVFXLibrary/00_Core/Textures/Environment/T_VFX_Starfall_Star_01,已迁移（migration_complete.json）；旧路径已移除
00_Core,Texture2D,T_VFX_Starfall_Trail_01,T_VFX_Starfall_Trail_01,,,,,,,,,,否,SharedAsset,/ModularGameVFX/Textures/CH23_Environment/T_VFX_Starfall_Trail_01,/ModularGameVFX/ModularGameVFXLibrary/00_Core/Textures/Environment/T_VFX_Starfall_Trail_01,已迁移（migration_complete.json）；旧路径已移除
00_Core,Texture2D,T_VFX_Storm_CloudNoise_01,T_VFX_Storm_CloudNoise_01,,,,,,,,,,否,SharedAsset,/ModularGameVFX/Textures/CH23_Environment/T_VFX_Storm_CloudNoise_01,/ModularGameVFX/ModularGameVFXLibrary/00_Core/Textures/Environment/T_VFX_Storm_CloudNoise_01,已迁移（migration_complete.json）；旧路径已移除
00_Core,Texture2D,T_VFX_Storm_CloudNoise_02,T_VFX_Storm_CloudNoise_02,,,,,,,,,,否,SharedAsset,/ModularGameVFX/Textures/CH23_Environment/T_VFX_Storm_CloudNoise_02,/ModularGameVFX/ModularGameVFXLibrary/00_Core/Textures/Environment/T_VFX_Storm_CloudNoise_02,已迁移（migration_complete.json）；旧路径已移除
00_Core,Texture2D,T_VFX_Storm_LightningFlash_01,T_VFX_Storm_LightningFlash_01,,,,,,,,,,否,SharedAsset,/ModularGameVFX/Textures/CH23_Environment/T_VFX_Storm_LightningFlash_01,/ModularGameVFX/ModularGameVFXLibrary/00_Core/Textures/Environment/T_VFX_Storm_LightningFlash_01,已迁移（migration_complete.json）；旧路径已移除
00_Core,Texture2D,T_VFX_Storm_WindStreak_01,T_VFX_Storm_WindStreak_01,,,,,,,,,,否,SharedAsset,/ModularGameVFX/Textures/CH23_Environment/T_VFX_Storm_WindStreak_01,/ModularGameVFX/ModularGameVFXLibrary/00_Core/Textures/Environment/T_VFX_Storm_WindStreak_01,已迁移（migration_complete.json）；旧路径已移除
00_Core,Texture2D,T_VFX_Fel_Arc_01,T_VFX_Fel_Arc_01,,,,,,,,,,否,SharedAsset,/ModularGameVFX/Textures/CH17_FelDemon/T_VFX_Fel_Arc_01,/ModularGameVFX/ModularGameVFXLibrary/00_Core/Textures/FelDemon/T_VFX_Fel_Arc_01,已迁移（migration_complete.json）；旧路径已移除
00_Core,Texture2D,T_VFX_Fel_Burst_Flipbook_8x8_01,T_VFX_Fel_Burst_Flipbook_8x8_01,,,,,,,,,,否,SharedAsset,/ModularGameVFX/Textures/CH17_FelDemon/T_VFX_Fel_Burst_Flipbook_8x8_01,/ModularGameVFX/ModularGameVFXLibrary/00_Core/Textures/FelDemon/T_VFX_Fel_Burst_Flipbook_8x8_01,已迁移（migration_complete.json）；旧路径已移除
00_Core,Texture2D,T_VFX_Fel_Corruption_01,T_VFX_Fel_Corruption_01,,,,,,,,,,否,SharedAsset,/ModularGameVFX/Textures/CH17_FelDemon/T_VFX_Fel_Corruption_01,/ModularGameVFX/ModularGameVFXLibrary/00_Core/Textures/FelDemon/T_VFX_Fel_Corruption_01,已迁移（migration_complete.json）；旧路径已移除
00_Core,Texture2D,T_VFX_Fel_Corruption_02,T_VFX_Fel_Corruption_02,,,,,,,,,,否,SharedAsset,/ModularGameVFX/Textures/CH17_FelDemon/T_VFX_Fel_Corruption_02,/ModularGameVFX/ModularGameVFXLibrary/00_Core/Textures/FelDemon/T_VFX_Fel_Corruption_02,已迁移（migration_complete.json）；旧路径已移除
00_Core,Texture2D,T_VFX_Fel_Crack_01,T_VFX_Fel_Crack_01,,,,,,,,,,否,SharedAsset,/ModularGameVFX/Textures/CH17_FelDemon/T_VFX_Fel_Crack_01,/ModularGameVFX/ModularGameVFXLibrary/00_Core/Textures/FelDemon/T_VFX_Fel_Crack_01,已迁移（migration_complete.json）；旧路径已移除
00_Core,Texture2D,T_VFX_Fel_Flame_Flipbook_8x8_01,T_VFX_Fel_Flame_Flipbook_8x8_01,,,,,,,,,,否,SharedAsset,/ModularGameVFX/Textures/CH17_FelDemon/T_VFX_Fel_Flame_Flipbook_8x8_01,/ModularGameVFX/ModularGameVFXLibrary/00_Core/Textures/FelDemon/T_VFX_Fel_Flame_Flipbook_8x8_01,已迁移（migration_complete.json）；旧路径已移除
00_Core,Texture2D,T_VFX_Fel_Flame_Flipbook_8x8_02,T_VFX_Fel_Flame_Flipbook_8x8_02,,,,,,,,,,否,SharedAsset,/ModularGameVFX/Textures/CH17_FelDemon/T_VFX_Fel_Flame_Flipbook_8x8_02,/ModularGameVFX/ModularGameVFXLibrary/00_Core/Textures/FelDemon/T_VFX_Fel_Flame_Flipbook_8x8_02,已迁移（migration_complete.json）；旧路径已移除
00_Core,Texture2D,T_VFX_Fel_Noise_01,T_VFX_Fel_Noise_01,,,,,,,,,,否,SharedAsset,/ModularGameVFX/Textures/CH17_FelDemon/T_VFX_Fel_Noise_01,/ModularGameVFX/ModularGameVFXLibrary/00_Core/Textures/FelDemon/T_VFX_Fel_Noise_01,已迁移（migration_complete.json）；旧路径已移除
00_Core,Texture2D,T_VFX_Fel_Noise_02,T_VFX_Fel_Noise_02,,,,,,,,,,否,SharedAsset,/ModularGameVFX/Textures/CH17_FelDemon/T_VFX_Fel_Noise_02,/ModularGameVFX/ModularGameVFXLibrary/00_Core/Textures/FelDemon/T_VFX_Fel_Noise_02,已迁移（migration_complete.json）；旧路径已移除
00_Core,Texture2D,T_VFX_Fel_Noise_03,T_VFX_Fel_Noise_03,,,,,,,,,,否,SharedAsset,/ModularGameVFX/Textures/CH17_FelDemon/T_VFX_Fel_Noise_03,/ModularGameVFX/ModularGameVFXLibrary/00_Core/Textures/FelDemon/T_VFX_Fel_Noise_03,已迁移（migration_complete.json）；旧路径已移除
00_Core,Texture2D,T_VFX_Fel_PortalEdge_01,T_VFX_Fel_PortalEdge_01,,,,,,,,,,否,SharedAsset,/ModularGameVFX/Textures/CH17_FelDemon/T_VFX_Fel_PortalEdge_01,/ModularGameVFX/ModularGameVFXLibrary/00_Core/Textures/FelDemon/T_VFX_Fel_PortalEdge_01,已迁移（migration_complete.json）；旧路径已移除
00_Core,Texture2D,T_VFX_Fel_RuneAtlas_01,T_VFX_Fel_RuneAtlas_01,,,,,,,,,,否,SharedAsset,/ModularGameVFX/Textures/CH17_FelDemon/T_VFX_Fel_RuneAtlas_01,/ModularGameVFX/ModularGameVFXLibrary/00_Core/Textures/FelDemon/T_VFX_Fel_RuneAtlas_01,已迁移（migration_complete.json）；旧路径已移除
00_Core,Texture2D,T_VFX_Fel_RuneAtlas_02,T_VFX_Fel_RuneAtlas_02,,,,,,,,,,否,SharedAsset,/ModularGameVFX/Textures/CH17_FelDemon/T_VFX_Fel_RuneAtlas_02,/ModularGameVFX/ModularGameVFXLibrary/00_Core/Textures/FelDemon/T_VFX_Fel_RuneAtlas_02,已迁移（migration_complete.json）；旧路径已移除
00_Core,Texture2D,T_VFX_Fel_Smoke_01,T_VFX_Fel_Smoke_01,,,,,,,,,,否,SharedAsset,/ModularGameVFX/Textures/CH17_FelDemon/T_VFX_Fel_Smoke_01,/ModularGameVFX/ModularGameVFXLibrary/00_Core/Textures/FelDemon/T_VFX_Fel_Smoke_01,已迁移（migration_complete.json）；旧路径已移除
00_Core,Texture2D,T_VFX_Fel_Smoke_Flipbook_01,T_VFX_Fel_Smoke_Flipbook_01,,,,,,,,,,否,SharedAsset,/ModularGameVFX/Textures/CH17_FelDemon/T_VFX_Fel_Smoke_Flipbook_01,/ModularGameVFX/ModularGameVFXLibrary/00_Core/Textures/FelDemon/T_VFX_Fel_Smoke_Flipbook_01,已迁移（migration_complete.json）；旧路径已移除
00_Core,Texture2D,T_VFX_Fel_Spark_01,T_VFX_Fel_Spark_01,,,,,,,,,,否,SharedAsset,/ModularGameVFX/Textures/CH17_FelDemon/T_VFX_Fel_Spark_01,/ModularGameVFX/ModularGameVFXLibrary/00_Core/Textures/FelDemon/T_VFX_Fel_Spark_01,已迁移（migration_complete.json）；旧路径已移除
00_Core,Texture2D,T_VFX_Fel_Veins_01,T_VFX_Fel_Veins_01,,,,,,,,,,否,SharedAsset,/ModularGameVFX/Textures/CH17_FelDemon/T_VFX_Fel_Veins_01,/ModularGameVFX/ModularGameVFXLibrary/00_Core/Textures/FelDemon/T_VFX_Fel_Veins_01,已迁移（migration_complete.json）；旧路径已移除
00_Core,Texture2D,T_Fire_Ember,T_Fire_Ember,,,,,,,,,,否,SharedAsset,/ModularGameVFX/Effects/Fire/Textures/T_Fire_Ember,/ModularGameVFX/ModularGameVFXLibrary/00_Core/Textures/Fire/T_Fire_Ember,已迁移（migration_complete.json）；旧路径已移除
00_Core,Texture2D,T_Fire_Emberbed,T_Fire_Emberbed,,,,,,,,,,否,SharedAsset,/ModularGameVFX/Effects/Fire/Textures/T_Fire_Emberbed,/ModularGameVFX/ModularGameVFXLibrary/00_Core/Textures/Fire/T_Fire_Emberbed,已迁移（migration_complete.json）；旧路径已移除
00_Core,Texture2D,T_Fire_FlameFlipbook_4x4,T_Fire_FlameFlipbook_4x4,,,,,,,,,,否,SharedAsset,/ModularGameVFX/Effects/Fire/Textures/T_Fire_FlameFlipbook_4x4,/ModularGameVFX/ModularGameVFXLibrary/00_Core/Textures/Fire/T_Fire_FlameFlipbook_4x4,已迁移（migration_complete.json）；旧路径已移除
00_Core,Texture2D,T_Fire_FlameRibbon,T_Fire_FlameRibbon,,,,,,,,,,否,SharedAsset,/ModularGameVFX/Effects/Fire/Textures/T_Fire_FlameRibbon,/ModularGameVFX/ModularGameVFXLibrary/00_Core/Textures/Fire/T_Fire_FlameRibbon,已迁移（migration_complete.json）；旧路径已移除
00_Core,Texture2D,T_Fire_HeroFlame,T_Fire_HeroFlame,,,,,,,,,,否,SharedAsset,/ModularGameVFX/Effects/Fire/Textures/T_Fire_HeroFlame,/ModularGameVFX/ModularGameVFXLibrary/00_Core/Textures/Fire/T_Fire_HeroFlame,已迁移（migration_complete.json）；旧路径已移除
00_Core,Texture2D,T_Fire_ShockRing,T_Fire_ShockRing,,,,,,,,,,否,SharedAsset,/ModularGameVFX/Effects/Fire/Textures/T_Fire_ShockRing,/ModularGameVFX/ModularGameVFXLibrary/00_Core/Textures/Fire/T_Fire_ShockRing,已迁移（migration_complete.json）；旧路径已移除
00_Core,Texture2D,T_Fire_Smoke,T_Fire_Smoke,,,,,,,,,,否,SharedAsset,/ModularGameVFX/Effects/Fire/Textures/T_Fire_Smoke,/ModularGameVFX/ModularGameVFXLibrary/00_Core/Textures/Fire/T_Fire_Smoke,已迁移（migration_complete.json）；旧路径已移除
00_Core,Texture2D,T_Fire_Turbulence,T_Fire_Turbulence,,,,,,,,,,否,SharedAsset,/ModularGameVFX/Effects/Fire/Textures/T_Fire_Turbulence,/ModularGameVFX/ModularGameVFXLibrary/00_Core/Textures/Fire/T_Fire_Turbulence,已迁移（migration_complete.json）；旧路径已移除
00_Core,Texture2D,T_VFX_Fire_BurnDecal_01,T_VFX_Fire_BurnDecal_01,,,,,,,,,,否,SharedAsset,/ModularGameVFX/Textures/CH14_Fire/T_VFX_Fire_BurnDecal_01,/ModularGameVFX/ModularGameVFXLibrary/00_Core/Textures/Fire/T_VFX_Fire_BurnDecal_01,已迁移（migration_complete.json）；旧路径已移除
00_Core,Texture2D,T_VFX_Fire_Burst_Flipbook_8x8_01,T_VFX_Fire_Burst_Flipbook_8x8_01,,,,,,,,,,否,SharedAsset,/ModularGameVFX/Textures/CH14_Fire/T_VFX_Fire_Burst_Flipbook_8x8_01,/ModularGameVFX/ModularGameVFXLibrary/00_Core/Textures/Fire/T_VFX_Fire_Burst_Flipbook_8x8_01,已迁移（migration_complete.json）；旧路径已移除
00_Core,Texture2D,T_VFX_Fire_Ember_01,T_VFX_Fire_Ember_01,,,,,,,,,,否,SharedAsset,/ModularGameVFX/Textures/CH14_Fire/T_VFX_Fire_Ember_01,/ModularGameVFX/ModularGameVFXLibrary/00_Core/Textures/Fire/T_VFX_Fire_Ember_01,已迁移（migration_complete.json）；旧路径已移除
00_Core,Texture2D,T_VFX_Fire_Explosion_Flipbook_8x8_01,T_VFX_Fire_Explosion_Flipbook_8x8_01,,,,,,,,,,否,SharedAsset,/ModularGameVFX/Textures/CH14_Fire/T_VFX_Fire_Explosion_Flipbook_8x8_01,/ModularGameVFX/ModularGameVFXLibrary/00_Core/Textures/Fire/T_VFX_Fire_Explosion_Flipbook_8x8_01,已迁移（migration_complete.json）；旧路径已移除
00_Core,Texture2D,T_VFX_Fire_Flame_Flipbook_4x4_01,T_VFX_Fire_Flame_Flipbook_4x4_01,,,,,,,,,,否,SharedAsset,/ModularGameVFX/Textures/CH14_Fire/T_VFX_Fire_Flame_Flipbook_4x4_01,/ModularGameVFX/ModularGameVFXLibrary/00_Core/Textures/Fire/T_VFX_Fire_Flame_Flipbook_4x4_01,已迁移（migration_complete.json）；旧路径已移除
00_Core,Texture2D,T_VFX_Fire_Flame_Flipbook_8x8_01,T_VFX_Fire_Flame_Flipbook_8x8_01,,,,,,,,,,否,SharedAsset,/ModularGameVFX/Textures/CH14_Fire/T_VFX_Fire_Flame_Flipbook_8x8_01,/ModularGameVFX/ModularGameVFXLibrary/00_Core/Textures/Fire/T_VFX_Fire_Flame_Flipbook_8x8_01,已迁移（migration_complete.json）；旧路径已移除
00_Core,Texture2D,T_VFX_Fire_Flame_Flipbook_8x8_02,T_VFX_Fire_Flame_Flipbook_8x8_02,,,,,,,,,,否,SharedAsset,/ModularGameVFX/Textures/CH14_Fire/T_VFX_Fire_Flame_Flipbook_8x8_02,/ModularGameVFX/ModularGameVFXLibrary/00_Core/Textures/Fire/T_VFX_Fire_Flame_Flipbook_8x8_02,已迁移（migration_complete.json）；旧路径已移除
00_Core,Texture2D,T_VFX_Fire_FlowMap_01,T_VFX_Fire_FlowMap_01,,,,,,,,,,否,SharedAsset,/ModularGameVFX/Textures/CH14_Fire/T_VFX_Fire_FlowMap_01,/ModularGameVFX/ModularGameVFXLibrary/00_Core/Textures/Fire/T_VFX_Fire_FlowMap_01,已迁移（migration_complete.json）；旧路径已移除
00_Core,Texture2D,T_VFX_Fire_FlowMap_02,T_VFX_Fire_FlowMap_02,,,,,,,,,,否,SharedAsset,/ModularGameVFX/Textures/CH14_Fire/T_VFX_Fire_FlowMap_02,/ModularGameVFX/ModularGameVFXLibrary/00_Core/Textures/Fire/T_VFX_Fire_FlowMap_02,已迁移（migration_complete.json）；旧路径已移除
00_Core,Texture2D,T_VFX_Fire_HeatDistortion_01,T_VFX_Fire_HeatDistortion_01,,,,,,,,,,否,SharedAsset,/ModularGameVFX/Textures/CH14_Fire/T_VFX_Fire_HeatDistortion_01,/ModularGameVFX/ModularGameVFXLibrary/00_Core/Textures/Fire/T_VFX_Fire_HeatDistortion_01,已迁移（migration_complete.json）；旧路径已移除
00_Core,Texture2D,T_VFX_Fire_HeatDistortion_02,T_VFX_Fire_HeatDistortion_02,,,,,,,,,,否,SharedAsset,/ModularGameVFX/Textures/CH14_Fire/T_VFX_Fire_HeatDistortion_02,/ModularGameVFX/ModularGameVFXLibrary/00_Core/Textures/Fire/T_VFX_Fire_HeatDistortion_02,已迁移（migration_complete.json）；旧路径已移除
00_Core,Texture2D,T_VFX_Fire_LavaCrack_01,T_VFX_Fire_LavaCrack_01,,,,,,,,,,否,SharedAsset,/ModularGameVFX/Textures/CH14_Fire/T_VFX_Fire_LavaCrack_01,/ModularGameVFX/ModularGameVFXLibrary/00_Core/Textures/Fire/T_VFX_Fire_LavaCrack_01,已迁移（migration_complete.json）；旧路径已移除
00_Core,Texture2D,T_VFX_Fire_LavaFlow_01,T_VFX_Fire_LavaFlow_01,,,,,,,,,,否,SharedAsset,/ModularGameVFX/Textures/CH14_Fire/T_VFX_Fire_LavaFlow_01,/ModularGameVFX/ModularGameVFXLibrary/00_Core/Textures/Fire/T_VFX_Fire_LavaFlow_01,已迁移（migration_complete.json）；旧路径已移除
00_Core,Texture2D,T_VFX_Fire_Noise_01,T_VFX_Fire_Noise_01,,,,,,,,,,否,SharedAsset,/ModularGameVFX/Textures/CH14_Fire/T_VFX_Fire_Noise_01,/ModularGameVFX/ModularGameVFXLibrary/00_Core/Textures/Fire/T_VFX_Fire_Noise_01,已迁移（migration_complete.json）；旧路径已移除
00_Core,Texture2D,T_VFX_Fire_Noise_02,T_VFX_Fire_Noise_02,,,,,,,,,,否,SharedAsset,/ModularGameVFX/Textures/CH14_Fire/T_VFX_Fire_Noise_02,/ModularGameVFX/ModularGameVFXLibrary/00_Core/Textures/Fire/T_VFX_Fire_Noise_02,已迁移（migration_complete.json）；旧路径已移除
00_Core,Texture2D,T_VFX_Fire_Scorch_01,T_VFX_Fire_Scorch_01,,,,,,,,,,否,SharedAsset,/ModularGameVFX/Textures/CH14_Fire/T_VFX_Fire_Scorch_01,/ModularGameVFX/ModularGameVFXLibrary/00_Core/Textures/Fire/T_VFX_Fire_Scorch_01,已迁移（migration_complete.json）；旧路径已移除
00_Core,Texture2D,T_VFX_Fire_Smoke_01,T_VFX_Fire_Smoke_01,,,,,,,,,,否,SharedAsset,/ModularGameVFX/Textures/CH14_Fire/T_VFX_Fire_Smoke_01,/ModularGameVFX/ModularGameVFXLibrary/00_Core/Textures/Fire/T_VFX_Fire_Smoke_01,已迁移（migration_complete.json）；旧路径已移除
00_Core,Texture2D,T_VFX_Fire_Smoke_02,T_VFX_Fire_Smoke_02,,,,,,,,,,否,SharedAsset,/ModularGameVFX/Textures/CH14_Fire/T_VFX_Fire_Smoke_02,/ModularGameVFX/ModularGameVFXLibrary/00_Core/Textures/Fire/T_VFX_Fire_Smoke_02,已迁移（migration_complete.json）；旧路径已移除
00_Core,Texture2D,T_VFX_Fire_Smoke_Flipbook_8x8_01,T_VFX_Fire_Smoke_Flipbook_8x8_01,,,,,,,,,,否,SharedAsset,/ModularGameVFX/Textures/CH14_Fire/T_VFX_Fire_Smoke_Flipbook_8x8_01,/ModularGameVFX/ModularGameVFXLibrary/00_Core/Textures/Fire/T_VFX_Fire_Smoke_Flipbook_8x8_01,已迁移（migration_complete.json）；旧路径已移除
00_Core,Texture2D,T_VFX_Fire_Spark_01,T_VFX_Fire_Spark_01,,,,,,,,,,否,SharedAsset,/ModularGameVFX/Textures/CH14_Fire/T_VFX_Fire_Spark_01,/ModularGameVFX/ModularGameVFXLibrary/00_Core/Textures/Fire/T_VFX_Fire_Spark_01,已迁移（migration_complete.json）；旧路径已移除
00_Core,Texture2D,T_VFX_Lava_CrustMask_01,T_VFX_Lava_CrustMask_01,,,,,,,,,,否,SharedAsset,/ModularGameVFX/Textures/CH14_Fire/T_VFX_Lava_CrustMask_01,/ModularGameVFX/ModularGameVFXLibrary/00_Core/Textures/Fire/T_VFX_Lava_CrustMask_01,已迁移（migration_complete.json）；旧路径已移除
00_Core,Texture2D,T_VFX_Lava_FlowMap_01,T_VFX_Lava_FlowMap_01,,,,,,,,,,否,SharedAsset,/ModularGameVFX/Textures/CH14_Fire/T_VFX_Lava_FlowMap_01,/ModularGameVFX/ModularGameVFXLibrary/00_Core/Textures/Fire/T_VFX_Lava_FlowMap_01,已迁移（migration_complete.json）；旧路径已移除
00_Core,Texture2D,T_VFX_Lava_Normal_01,T_VFX_Lava_Normal_01,,,,,,,,,,否,SharedAsset,/ModularGameVFX/Textures/CH14_Fire/T_VFX_Lava_Normal_01,/ModularGameVFX/ModularGameVFXLibrary/00_Core/Textures/Fire/T_VFX_Lava_Normal_01,已迁移（migration_complete.json）；旧路径已移除
00_Core,Texture2D,T_Frost_ArcaneSeal,T_Frost_ArcaneSeal,,,,,,,,,,否,SharedAsset,/ModularGameVFX/Effects/Frost/Textures/T_Frost_ArcaneSeal,/ModularGameVFX/ModularGameVFXLibrary/00_Core/Textures/Frost/T_Frost_ArcaneSeal,已迁移（migration_complete.json）；旧路径已移除
00_Core,Texture2D,T_Frost_CinematicVapor,T_Frost_CinematicVapor,,,,,,,,,,否,SharedAsset,/ModularGameVFX/Effects/Frost/Textures/T_Frost_CinematicVapor,/ModularGameVFX/ModularGameVFXLibrary/00_Core/Textures/Frost/T_Frost_CinematicVapor,已迁移（migration_complete.json）；旧路径已移除
00_Core,Texture2D,T_Frost_ColdMist,T_Frost_ColdMist,,,,,,,,,,否,SharedAsset,/ModularGameVFX/Effects/Frost/Textures/T_Frost_ColdMist,/ModularGameVFX/ModularGameVFXLibrary/00_Core/Textures/Frost/T_Frost_ColdMist,已迁移（migration_complete.json）；旧路径已移除
00_Core,Texture2D,T_Frost_FrostDendrite,T_Frost_FrostDendrite,,,,,,,,,,否,SharedAsset,/ModularGameVFX/Effects/Frost/Textures/T_Frost_FrostDendrite,/ModularGameVFX/ModularGameVFXLibrary/00_Core/Textures/Frost/T_Frost_FrostDendrite,已迁移（migration_complete.json）；旧路径已移除
00_Core,Texture2D,T_Frost_Glint,T_Frost_Glint,,,,,,,,,,否,SharedAsset,/ModularGameVFX/Effects/Frost/Textures/T_Frost_Glint,/ModularGameVFX/ModularGameVFXLibrary/00_Core/Textures/Frost/T_Frost_Glint,已迁移（migration_complete.json）；旧路径已移除
00_Core,Texture2D,T_Frost_GroundFracture,T_Frost_GroundFracture,,,,,,,,,,否,SharedAsset,/ModularGameVFX/Effects/Frost/Textures/T_Frost_GroundFracture,/ModularGameVFX/ModularGameVFXLibrary/00_Core/Textures/Frost/T_Frost_GroundFracture,已迁移（migration_complete.json）；旧路径已移除
00_Core,Texture2D,T_Frost_HeroPlume,T_Frost_HeroPlume,,,,,,,,,,否,SharedAsset,/ModularGameVFX/Effects/Frost/Textures/T_Frost_HeroPlume,/ModularGameVFX/ModularGameVFXLibrary/00_Core/Textures/Frost/T_Frost_HeroPlume,已迁移（migration_complete.json）；旧路径已移除
00_Core,Texture2D,T_Frost_IceCracks,T_Frost_IceCracks,,,,,,,,,,否,SharedAsset,/ModularGameVFX/Effects/Frost/Textures/T_Frost_IceCracks,/ModularGameVFX/ModularGameVFXLibrary/00_Core/Textures/Frost/T_Frost_IceCracks,已迁移（migration_complete.json）；旧路径已移除
00_Core,Texture2D,T_Frost_IceNormal,T_Frost_IceNormal,,,,,,,,,,否,SharedAsset,/ModularGameVFX/Effects/Frost/Textures/T_Frost_IceNormal,/ModularGameVFX/ModularGameVFXLibrary/00_Core/Textures/Frost/T_Frost_IceNormal,已迁移（migration_complete.json）；旧路径已移除
00_Core,Texture2D,T_Frost_Noise,T_Frost_Noise,,,,,,,,,,否,SharedAsset,/ModularGameVFX/Effects/Frost/Textures/T_Frost_Noise,/ModularGameVFX/ModularGameVFXLibrary/00_Core/Textures/Frost/T_Frost_Noise,已迁移（migration_complete.json）；旧路径已移除
00_Core,Texture2D,T_Frost_Shard,T_Frost_Shard,,,,,,,,,,否,SharedAsset,/ModularGameVFX/Effects/Frost/Textures/T_Frost_Shard,/ModularGameVFX/ModularGameVFXLibrary/00_Core/Textures/Frost/T_Frost_Shard,已迁移（migration_complete.json）；旧路径已移除
00_Core,Texture2D,T_Frost_ShockRing,T_Frost_ShockRing,,,,,,,,,,否,SharedAsset,/ModularGameVFX/Effects/Frost/Textures/T_Frost_ShockRing,/ModularGameVFX/ModularGameVFXLibrary/00_Core/Textures/Frost/T_Frost_ShockRing,已迁移（migration_complete.json）；旧路径已移除
00_Core,Texture2D,T_Frost_SoftCore,T_Frost_SoftCore,,,,,,,,,,否,SharedAsset,/ModularGameVFX/Effects/Frost/Textures/T_Frost_SoftCore,/ModularGameVFX/ModularGameVFXLibrary/00_Core/Textures/Frost/T_Frost_SoftCore,已迁移（migration_complete.json）；旧路径已移除
00_Core,Texture2D,T_Frost_Stream,T_Frost_Stream,,,,,,,,,,否,SharedAsset,/ModularGameVFX/Effects/Frost/Textures/T_Frost_Stream,/ModularGameVFX/ModularGameVFXLibrary/00_Core/Textures/Frost/T_Frost_Stream,已迁移（migration_complete.json）；旧路径已移除
00_Core,Texture2D,T_VFX_Frost_Dust_01,T_VFX_Frost_Dust_01,,,,,,,,,,否,SharedAsset,/ModularGameVFX/Textures/CH15_FrostIce/T_VFX_Frost_Dust_01,/ModularGameVFX/ModularGameVFXLibrary/00_Core/Textures/FrostIce/T_VFX_Frost_Dust_01,已迁移（migration_complete.json）；旧路径已移除
00_Core,Texture2D,T_VFX_Frost_GroundCrack_01,T_VFX_Frost_GroundCrack_01,,,,,,,,,,否,SharedAsset,/ModularGameVFX/Textures/CH15_FrostIce/T_VFX_Frost_GroundCrack_01,/ModularGameVFX/ModularGameVFXLibrary/00_Core/Textures/FrostIce/T_VFX_Frost_GroundCrack_01,已迁移（migration_complete.json）；旧路径已移除
00_Core,Texture2D,T_VFX_Frost_GroundDecal_01,T_VFX_Frost_GroundDecal_01,,,,,,,,,,否,SharedAsset,/ModularGameVFX/Textures/CH15_FrostIce/T_VFX_Frost_GroundDecal_01,/ModularGameVFX/ModularGameVFXLibrary/00_Core/Textures/FrostIce/T_VFX_Frost_GroundDecal_01,已迁移（migration_complete.json）；旧路径已移除
00_Core,Texture2D,T_VFX_Frost_Mist_01,T_VFX_Frost_Mist_01,,,,,,,,,,否,SharedAsset,/ModularGameVFX/Textures/CH15_FrostIce/T_VFX_Frost_Mist_01,/ModularGameVFX/ModularGameVFXLibrary/00_Core/Textures/FrostIce/T_VFX_Frost_Mist_01,已迁移（migration_complete.json）；旧路径已移除
00_Core,Texture2D,T_VFX_Frost_Mist_02,T_VFX_Frost_Mist_02,,,,,,,,,,否,SharedAsset,/ModularGameVFX/Textures/CH15_FrostIce/T_VFX_Frost_Mist_02,/ModularGameVFX/ModularGameVFXLibrary/00_Core/Textures/FrostIce/T_VFX_Frost_Mist_02,已迁移（migration_complete.json）；旧路径已移除
00_Core,Texture2D,T_VFX_Frost_Ring_01,T_VFX_Frost_Ring_01,,,,,,,,,,否,SharedAsset,/ModularGameVFX/Textures/CH15_FrostIce/T_VFX_Frost_Ring_01,/ModularGameVFX/ModularGameVFXLibrary/00_Core/Textures/FrostIce/T_VFX_Frost_Ring_01,已迁移（migration_complete.json）；旧路径已移除
00_Core,Texture2D,T_VFX_Frost_Snow_01,T_VFX_Frost_Snow_01,,,,,,,,,,否,SharedAsset,/ModularGameVFX/Textures/CH15_FrostIce/T_VFX_Frost_Snow_01,/ModularGameVFX/ModularGameVFXLibrary/00_Core/Textures/FrostIce/T_VFX_Frost_Snow_01,已迁移（migration_complete.json）；旧路径已移除
00_Core,Texture2D,T_VFX_Frost_Snow_02,T_VFX_Frost_Snow_02,,,,,,,,,,否,SharedAsset,/ModularGameVFX/Textures/CH15_FrostIce/T_VFX_Frost_Snow_02,/ModularGameVFX/ModularGameVFXLibrary/00_Core/Textures/FrostIce/T_VFX_Frost_Snow_02,已迁移（migration_complete.json）；旧路径已移除
00_Core,Texture2D,T_VFX_Frost_Snow_03,T_VFX_Frost_Snow_03,,,,,,,,,,否,SharedAsset,/ModularGameVFX/Textures/CH15_FrostIce/T_VFX_Frost_Snow_03,/ModularGameVFX/ModularGameVFXLibrary/00_Core/Textures/FrostIce/T_VFX_Frost_Snow_03,已迁移（migration_complete.json）；旧路径已移除
00_Core,Texture2D,T_VFX_Ice_Crack_01,T_VFX_Ice_Crack_01,,,,,,,,,,否,SharedAsset,/ModularGameVFX/Textures/CH15_FrostIce/T_VFX_Ice_Crack_01,/ModularGameVFX/ModularGameVFXLibrary/00_Core/Textures/FrostIce/T_VFX_Ice_Crack_01,已迁移（migration_complete.json）；旧路径已移除
00_Core,Texture2D,T_VFX_Ice_Crack_02,T_VFX_Ice_Crack_02,,,,,,,,,,否,SharedAsset,/ModularGameVFX/Textures/CH15_FrostIce/T_VFX_Ice_Crack_02,/ModularGameVFX/ModularGameVFXLibrary/00_Core/Textures/FrostIce/T_VFX_Ice_Crack_02,已迁移（migration_complete.json）；旧路径已移除
00_Core,Texture2D,T_VFX_Ice_Crack_03,T_VFX_Ice_Crack_03,,,,,,,,,,否,SharedAsset,/ModularGameVFX/Textures/CH15_FrostIce/T_VFX_Ice_Crack_03,/ModularGameVFX/ModularGameVFXLibrary/00_Core/Textures/FrostIce/T_VFX_Ice_Crack_03,已迁移（migration_complete.json）；旧路径已移除
00_Core,Texture2D,T_VFX_Ice_FrostMask_01,T_VFX_Ice_FrostMask_01,,,,,,,,,,否,SharedAsset,/ModularGameVFX/Textures/CH15_FrostIce/T_VFX_Ice_FrostMask_01,/ModularGameVFX/ModularGameVFXLibrary/00_Core/Textures/FrostIce/T_VFX_Ice_FrostMask_01,已迁移（migration_complete.json）；旧路径已移除
00_Core,Texture2D,T_VFX_Ice_FrostMask_02,T_VFX_Ice_FrostMask_02,,,,,,,,,,否,SharedAsset,/ModularGameVFX/Textures/CH15_FrostIce/T_VFX_Ice_FrostMask_02,/ModularGameVFX/ModularGameVFXLibrary/00_Core/Textures/FrostIce/T_VFX_Ice_FrostMask_02,已迁移（migration_complete.json）；旧路径已移除
00_Core,Texture2D,T_VFX_Ice_Normal_01,T_VFX_Ice_Normal_01,,,,,,,,,,否,SharedAsset,/ModularGameVFX/Textures/CH15_FrostIce/T_VFX_Ice_Normal_01,/ModularGameVFX/ModularGameVFXLibrary/00_Core/Textures/FrostIce/T_VFX_Ice_Normal_01,已迁移（migration_complete.json）；旧路径已移除
00_Core,Texture2D,T_VFX_Ice_Normal_02,T_VFX_Ice_Normal_02,,,,,,,,,,否,SharedAsset,/ModularGameVFX/Textures/CH15_FrostIce/T_VFX_Ice_Normal_02,/ModularGameVFX/ModularGameVFXLibrary/00_Core/Textures/FrostIce/T_VFX_Ice_Normal_02,已迁移（migration_complete.json）；旧路径已移除
00_Core,Texture2D,T_VFX_Ice_SurfaceNoise_01,T_VFX_Ice_SurfaceNoise_01,,,,,,,,,,否,SharedAsset,/ModularGameVFX/Textures/CH15_FrostIce/T_VFX_Ice_SurfaceNoise_01,/ModularGameVFX/ModularGameVFXLibrary/00_Core/Textures/FrostIce/T_VFX_Ice_SurfaceNoise_01,已迁移（migration_complete.json）；旧路径已移除
00_Core,Texture2D,T_VFX_AOE_Arrow_Inward_01,T_VFX_AOE_Arrow_Inward_01,,,,,,,,,,否,SharedAsset,/ModularGameVFX/Textures/CH07_GroundAOE/T_VFX_AOE_Arrow_Inward_01,/ModularGameVFX/ModularGameVFXLibrary/00_Core/Textures/GroundAOE/T_VFX_AOE_Arrow_Inward_01,已迁移（migration_complete.json）；旧路径已移除
00_Core,Texture2D,T_VFX_AOE_Arrow_Outward_01,T_VFX_AOE_Arrow_Outward_01,,,,,,,,,,否,SharedAsset,/ModularGameVFX/Textures/CH07_GroundAOE/T_VFX_AOE_Arrow_Outward_01,/ModularGameVFX/ModularGameVFXLibrary/00_Core/Textures/GroundAOE/T_VFX_AOE_Arrow_Outward_01,已迁移（migration_complete.json）；旧路径已移除
00_Core,Texture2D,T_VFX_AOE_BoundaryNoise_01,T_VFX_AOE_BoundaryNoise_01,,,,,,,,,,否,SharedAsset,/ModularGameVFX/Textures/CH07_GroundAOE/T_VFX_AOE_BoundaryNoise_01,/ModularGameVFX/ModularGameVFXLibrary/00_Core/Textures/GroundAOE/T_VFX_AOE_BoundaryNoise_01,已迁移（migration_complete.json）；旧路径已移除
00_Core,Texture2D,T_VFX_AOE_CircleSoft_01,T_VFX_AOE_CircleSoft_01,,,,,,,,,,否,SharedAsset,/ModularGameVFX/Textures/CH07_GroundAOE/T_VFX_AOE_CircleSoft_01,/ModularGameVFX/ModularGameVFXLibrary/00_Core/Textures/GroundAOE/T_VFX_AOE_CircleSoft_01,已迁移（migration_complete.json）；旧路径已移除
00_Core,Texture2D,T_VFX_AOE_Circle_01,T_VFX_AOE_Circle_01,,,,,,,,,,否,SharedAsset,/ModularGameVFX/Textures/CH07_GroundAOE/T_VFX_AOE_Circle_01,/ModularGameVFX/ModularGameVFXLibrary/00_Core/Textures/GroundAOE/T_VFX_AOE_Circle_01,已迁移（migration_complete.json）；旧路径已移除
00_Core,Texture2D,T_VFX_AOE_Countdown_01,T_VFX_AOE_Countdown_01,,,,,,,,,,否,SharedAsset,/ModularGameVFX/Textures/CH07_GroundAOE/T_VFX_AOE_Countdown_01,/ModularGameVFX/ModularGameVFXLibrary/00_Core/Textures/GroundAOE/T_VFX_AOE_Countdown_01,已迁移（migration_complete.json）；旧路径已移除
00_Core,Texture2D,T_VFX_AOE_Cross_01,T_VFX_AOE_Cross_01,,,,,,,,,,否,SharedAsset,/ModularGameVFX/Textures/CH07_GroundAOE/T_VFX_AOE_Cross_01,/ModularGameVFX/ModularGameVFXLibrary/00_Core/Textures/GroundAOE/T_VFX_AOE_Cross_01,已迁移（migration_complete.json）；旧路径已移除
00_Core,Texture2D,T_VFX_AOE_Donut_01,T_VFX_AOE_Donut_01,,,,,,,,,,否,SharedAsset,/ModularGameVFX/Textures/CH07_GroundAOE/T_VFX_AOE_Donut_01,/ModularGameVFX/ModularGameVFXLibrary/00_Core/Textures/GroundAOE/T_VFX_AOE_Donut_01,已迁移（migration_complete.json）；旧路径已移除
00_Core,Texture2D,T_VFX_AOE_DoubleRing_01,T_VFX_AOE_DoubleRing_01,,,,,,,,,,否,SharedAsset,/ModularGameVFX/Textures/CH07_GroundAOE/T_VFX_AOE_DoubleRing_01,/ModularGameVFX/ModularGameVFXLibrary/00_Core/Textures/GroundAOE/T_VFX_AOE_DoubleRing_01,已迁移（migration_complete.json）；旧路径已移除
00_Core,Texture2D,T_VFX_AOE_FillNoise_01,T_VFX_AOE_FillNoise_01,,,,,,,,,,否,SharedAsset,/ModularGameVFX/Textures/CH07_GroundAOE/T_VFX_AOE_FillNoise_01,/ModularGameVFX/ModularGameVFXLibrary/00_Core/Textures/GroundAOE/T_VFX_AOE_FillNoise_01,已迁移（migration_complete.json）；旧路径已移除
00_Core,Texture2D,T_VFX_AOE_Line_01,T_VFX_AOE_Line_01,,,,,,,,,,否,SharedAsset,/ModularGameVFX/Textures/CH07_GroundAOE/T_VFX_AOE_Line_01,/ModularGameVFX/ModularGameVFXLibrary/00_Core/Textures/GroundAOE/T_VFX_AOE_Line_01,已迁移（migration_complete.json）；旧路径已移除
00_Core,Texture2D,T_VFX_AOE_RadialGradient_01,T_VFX_AOE_RadialGradient_01,,,,,,,,,,否,SharedAsset,/ModularGameVFX/Textures/CH07_GroundAOE/T_VFX_AOE_RadialGradient_01,/ModularGameVFX/ModularGameVFXLibrary/00_Core/Textures/GroundAOE/T_VFX_AOE_RadialGradient_01,已迁移（migration_complete.json）；旧路径已移除
00_Core,Texture2D,T_VFX_AOE_Ring_01,T_VFX_AOE_Ring_01,,,,,,,,,,否,SharedAsset,/ModularGameVFX/Textures/CH07_GroundAOE/T_VFX_AOE_Ring_01,/ModularGameVFX/ModularGameVFXLibrary/00_Core/Textures/GroundAOE/T_VFX_AOE_Ring_01,已迁移（migration_complete.json）；旧路径已移除
00_Core,Texture2D,T_VFX_AOE_Sector_01,T_VFX_AOE_Sector_01,,,,,,,,,,否,SharedAsset,/ModularGameVFX/Textures/CH07_GroundAOE/T_VFX_AOE_Sector_01,/ModularGameVFX/ModularGameVFXLibrary/00_Core/Textures/GroundAOE/T_VFX_AOE_Sector_01,已迁移（migration_complete.json）；旧路径已移除
00_Core,Texture2D,T_VFX_Holy_Feather_01,T_VFX_Holy_Feather_01,,,,,,,,,,否,SharedAsset,/ModularGameVFX/Textures/CH19_HolyHealing/T_VFX_Holy_Feather_01,/ModularGameVFX/ModularGameVFXLibrary/00_Core/Textures/HolyHealing/T_VFX_Holy_Feather_01,已迁移（migration_complete.json）；旧路径已移除
00_Core,Texture2D,T_VFX_Holy_Feather_02,T_VFX_Holy_Feather_02,,,,,,,,,,否,SharedAsset,/ModularGameVFX/Textures/CH19_HolyHealing/T_VFX_Holy_Feather_02,/ModularGameVFX/ModularGameVFXLibrary/00_Core/Textures/HolyHealing/T_VFX_Holy_Feather_02,已迁移（migration_complete.json）；旧路径已移除
00_Core,Texture2D,T_VFX_Holy_GodRay_01,T_VFX_Holy_GodRay_01,,,,,,,,,,否,SharedAsset,/ModularGameVFX/Textures/CH19_HolyHealing/T_VFX_Holy_GodRay_01,/ModularGameVFX/ModularGameVFXLibrary/00_Core/Textures/HolyHealing/T_VFX_Holy_GodRay_01,已迁移（migration_complete.json）；旧路径已移除
00_Core,Texture2D,T_VFX_Holy_Halo_01,T_VFX_Holy_Halo_01,,,,,,,,,,否,SharedAsset,/ModularGameVFX/Textures/CH19_HolyHealing/T_VFX_Holy_Halo_01,/ModularGameVFX/ModularGameVFXLibrary/00_Core/Textures/HolyHealing/T_VFX_Holy_Halo_01,已迁移（migration_complete.json）；旧路径已移除
00_Core,Texture2D,T_VFX_Holy_Halo_02,T_VFX_Holy_Halo_02,,,,,,,,,,否,SharedAsset,/ModularGameVFX/Textures/CH19_HolyHealing/T_VFX_Holy_Halo_02,/ModularGameVFX/ModularGameVFXLibrary/00_Core/Textures/HolyHealing/T_VFX_Holy_Halo_02,已迁移（migration_complete.json）；旧路径已移除
00_Core,Texture2D,T_VFX_Holy_LightColumn_01,T_VFX_Holy_LightColumn_01,,,,,,,,,,否,SharedAsset,/ModularGameVFX/Textures/CH19_HolyHealing/T_VFX_Holy_LightColumn_01,/ModularGameVFX/ModularGameVFXLibrary/00_Core/Textures/HolyHealing/T_VFX_Holy_LightColumn_01,已迁移（migration_complete.json）；旧路径已移除
00_Core,Texture2D,T_VFX_Holy_RadialRay_01,T_VFX_Holy_RadialRay_01,,,,,,,,,,否,SharedAsset,/ModularGameVFX/Textures/CH19_HolyHealing/T_VFX_Holy_RadialRay_01,/ModularGameVFX/ModularGameVFXLibrary/00_Core/Textures/HolyHealing/T_VFX_Holy_RadialRay_01,已迁移（migration_complete.json）；旧路径已移除
00_Core,Texture2D,T_VFX_Holy_RadialRay_02,T_VFX_Holy_RadialRay_02,,,,,,,,,,否,SharedAsset,/ModularGameVFX/Textures/CH19_HolyHealing/T_VFX_Holy_RadialRay_02,/ModularGameVFX/ModularGameVFXLibrary/00_Core/Textures/HolyHealing/T_VFX_Holy_RadialRay_02,已迁移（migration_complete.json）；旧路径已移除
00_Core,Texture2D,T_VFX_Holy_Radial_01,T_VFX_Holy_Radial_01,,,,,,,,,,否,SharedAsset,/ModularGameVFX/Textures/CH19_HolyHealing/T_VFX_Holy_Radial_01,/ModularGameVFX/ModularGameVFXLibrary/00_Core/Textures/HolyHealing/T_VFX_Holy_Radial_01,已迁移（migration_complete.json）；旧路径已移除
00_Core,Texture2D,T_VFX_Holy_Ring_01,T_VFX_Holy_Ring_01,,,,,,,,,,否,SharedAsset,/ModularGameVFX/Textures/CH19_HolyHealing/T_VFX_Holy_Ring_01,/ModularGameVFX/ModularGameVFXLibrary/00_Core/Textures/HolyHealing/T_VFX_Holy_Ring_01,已迁移（migration_complete.json）；旧路径已移除
00_Core,Texture2D,T_VFX_Holy_RuneAtlas_01,T_VFX_Holy_RuneAtlas_01,,,,,,,,,,否,SharedAsset,/ModularGameVFX/Textures/CH19_HolyHealing/T_VFX_Holy_RuneAtlas_01,/ModularGameVFX/ModularGameVFXLibrary/00_Core/Textures/HolyHealing/T_VFX_Holy_RuneAtlas_01,已迁移（migration_complete.json）；旧路径已移除
00_Core,Texture2D,T_VFX_Holy_StarGlint_01,T_VFX_Holy_StarGlint_01,,,,,,,,,,否,SharedAsset,/ModularGameVFX/Textures/CH19_HolyHealing/T_VFX_Holy_StarGlint_01,/ModularGameVFX/ModularGameVFXLibrary/00_Core/Textures/HolyHealing/T_VFX_Holy_StarGlint_01,已迁移（migration_complete.json）；旧路径已移除
00_Core,Texture2D,T_VFX_Holy_StarGlint_02,T_VFX_Holy_StarGlint_02,,,,,,,,,,否,SharedAsset,/ModularGameVFX/Textures/CH19_HolyHealing/T_VFX_Holy_StarGlint_02,/ModularGameVFX/ModularGameVFXLibrary/00_Core/Textures/HolyHealing/T_VFX_Holy_StarGlint_02,已迁移（migration_complete.json）；旧路径已移除
00_Core,Texture2D,T_VFX_Holy_Star_01,T_VFX_Holy_Star_01,,,,,,,,,,否,SharedAsset,/ModularGameVFX/Textures/CH19_HolyHealing/T_VFX_Holy_Star_01,/ModularGameVFX/ModularGameVFXLibrary/00_Core/Textures/HolyHealing/T_VFX_Holy_Star_01,已迁移（migration_complete.json）；旧路径已移除
00_Core,Texture2D,T_VFX_Holy_Symbol_Heal,T_VFX_Holy_Symbol_Heal,,,,,,,,,,否,SharedAsset,/ModularGameVFX/Textures/CH19_HolyHealing/T_VFX_Holy_Symbol_Heal,/ModularGameVFX/ModularGameVFXLibrary/00_Core/Textures/HolyHealing/T_VFX_Holy_Symbol_Heal,已迁移（migration_complete.json）；旧路径已移除
00_Core,Texture2D,T_VFX_Holy_Symbol_Shield,T_VFX_Holy_Symbol_Shield,,,,,,,,,,否,SharedAsset,/ModularGameVFX/Textures/CH19_HolyHealing/T_VFX_Holy_Symbol_Shield,/ModularGameVFX/ModularGameVFXLibrary/00_Core/Textures/HolyHealing/T_VFX_Holy_Symbol_Shield,已迁移（migration_complete.json）；旧路径已移除
00_Core,Texture2D,T_VFX_Resurrection_Dissolve_01,T_VFX_Resurrection_Dissolve_01,,,,,,,,,,否,SharedAsset,/ModularGameVFX/Textures/CH19_HolyHealing/T_VFX_Resurrection_Dissolve_01,/ModularGameVFX/ModularGameVFXLibrary/00_Core/Textures/HolyHealing/T_VFX_Resurrection_Dissolve_01,已迁移（migration_complete.json）；旧路径已移除
00_Core,Texture2D,T_VFX_Resurrection_SilhouetteMask_01,T_VFX_Resurrection_SilhouetteMask_01,,,,,,,,,,否,SharedAsset,/ModularGameVFX/Textures/CH19_HolyHealing/T_VFX_Resurrection_SilhouetteMask_01,/ModularGameVFX/ModularGameVFXLibrary/00_Core/Textures/HolyHealing/T_VFX_Resurrection_SilhouetteMask_01,已迁移（migration_complete.json）；旧路径已移除
00_Core,Texture2D,T_VFX_Resurrection_Soul_01,T_VFX_Resurrection_Soul_01,,,,,,,,,,否,SharedAsset,/ModularGameVFX/Textures/CH19_HolyHealing/T_VFX_Resurrection_Soul_01,/ModularGameVFX/ModularGameVFXLibrary/00_Core/Textures/HolyHealing/T_VFX_Resurrection_Soul_01,已迁移（migration_complete.json）；旧路径已移除
00_Core,Texture2D,T_VFX_Lightning_AfterGlow_01,T_VFX_Lightning_AfterGlow_01,,,,,,,,,,否,SharedAsset,/ModularGameVFX/Textures/CH13_Lightning/T_VFX_Lightning_AfterGlow_01,/ModularGameVFX/ModularGameVFXLibrary/00_Core/Textures/Lightning/T_VFX_Lightning_AfterGlow_01,已迁移（migration_complete.json）；旧路径已移除
00_Core,Texture2D,T_VFX_Lightning_Core_01,T_VFX_Lightning_Core_01,,,,,,,,,,否,SharedAsset,/ModularGameVFX/Textures/CH13_Lightning/T_VFX_Lightning_Core_01,/ModularGameVFX/ModularGameVFXLibrary/00_Core/Textures/Lightning/T_VFX_Lightning_Core_01,已迁移（migration_complete.json）；旧路径已移除
00_Core,Texture2D,T_VFX_Lightning_ElectricArc_01,T_VFX_Lightning_ElectricArc_01,,,,,,,,,,否,SharedAsset,/ModularGameVFX/Textures/CH13_Lightning/T_VFX_Lightning_ElectricArc_01,/ModularGameVFX/ModularGameVFXLibrary/00_Core/Textures/Lightning/T_VFX_Lightning_ElectricArc_01,已迁移（migration_complete.json）；旧路径已移除
00_Core,Texture2D,T_VFX_Lightning_Flash_01,T_VFX_Lightning_Flash_01,,,,,,,,,,否,SharedAsset,/ModularGameVFX/Textures/CH13_Lightning/T_VFX_Lightning_Flash_01,/ModularGameVFX/ModularGameVFXLibrary/00_Core/Textures/Lightning/T_VFX_Lightning_Flash_01,已迁移（migration_complete.json）；旧路径已移除
00_Core,Texture2D,T_VFX_Lightning_GroundMark_01,T_VFX_Lightning_GroundMark_01,,,,,,,,,,否,SharedAsset,/ModularGameVFX/Textures/CH13_Lightning/T_VFX_Lightning_GroundMark_01,/ModularGameVFX/ModularGameVFXLibrary/00_Core/Textures/Lightning/T_VFX_Lightning_GroundMark_01,已迁移（migration_complete.json）；旧路径已移除
00_Core,Texture2D,T_VFX_Lightning_Impact_01,T_VFX_Lightning_Impact_01,,,,,,,,,,否,SharedAsset,/ModularGameVFX/Textures/CH13_Lightning/T_VFX_Lightning_Impact_01,/ModularGameVFX/ModularGameVFXLibrary/00_Core/Textures/Lightning/T_VFX_Lightning_Impact_01,已迁移（migration_complete.json）；旧路径已移除
00_Core,Texture2D,T_VFX_Lightning_Noise_01,T_VFX_Lightning_Noise_01,,,,,,,,,,否,SharedAsset,/ModularGameVFX/Textures/CH13_Lightning/T_VFX_Lightning_Noise_01,/ModularGameVFX/ModularGameVFXLibrary/00_Core/Textures/Lightning/T_VFX_Lightning_Noise_01,已迁移（migration_complete.json）；旧路径已移除
00_Core,Texture2D,T_VFX_Lightning_Noise_02,T_VFX_Lightning_Noise_02,,,,,,,,,,否,SharedAsset,/ModularGameVFX/Textures/CH13_Lightning/T_VFX_Lightning_Noise_02,/ModularGameVFX/ModularGameVFXLibrary/00_Core/Textures/Lightning/T_VFX_Lightning_Noise_02,已迁移（migration_complete.json）；旧路径已移除
00_Core,Texture2D,T_VFX_Lightning_Outer_01,T_VFX_Lightning_Outer_01,,,,,,,,,,否,SharedAsset,/ModularGameVFX/Textures/CH13_Lightning/T_VFX_Lightning_Outer_01,/ModularGameVFX/ModularGameVFXLibrary/00_Core/Textures/Lightning/T_VFX_Lightning_Outer_01,已迁移（migration_complete.json）；旧路径已移除
00_Core,Texture2D,T_VFX_Lightning_Spark_01,T_VFX_Lightning_Spark_01,,,,,,,,,,否,SharedAsset,/ModularGameVFX/Textures/CH13_Lightning/T_VFX_Lightning_Spark_01,/ModularGameVFX/ModularGameVFXLibrary/00_Core/Textures/Lightning/T_VFX_Lightning_Spark_01,已迁移（migration_complete.json）；旧路径已移除
00_Core,Texture2D,T_VFX_Beam_Broken_01,T_VFX_Beam_Broken_01,,,,,,,,,,否,SharedAsset,/ModularGameVFX/Textures/CH12_MagicBeam/T_VFX_Beam_Broken_01,/ModularGameVFX/ModularGameVFXLibrary/00_Core/Textures/MagicBeam/T_VFX_Beam_Broken_01,已迁移（migration_complete.json）；旧路径已移除
00_Core,Texture2D,T_VFX_Beam_CoreSharp_01,T_VFX_Beam_CoreSharp_01,,,,,,,,,,否,SharedAsset,/ModularGameVFX/Textures/CH12_MagicBeam/T_VFX_Beam_CoreSharp_01,/ModularGameVFX/ModularGameVFXLibrary/00_Core/Textures/MagicBeam/T_VFX_Beam_CoreSharp_01,已迁移（migration_complete.json）；旧路径已移除
00_Core,Texture2D,T_VFX_Beam_Core_01,T_VFX_Beam_Core_01,,,,,,,,,,否,SharedAsset,/ModularGameVFX/Textures/CH12_MagicBeam/T_VFX_Beam_Core_01,/ModularGameVFX/ModularGameVFXLibrary/00_Core/Textures/MagicBeam/T_VFX_Beam_Core_01,已迁移（migration_complete.json）；旧路径已移除
00_Core,Texture2D,T_VFX_Beam_Distortion_01,T_VFX_Beam_Distortion_01,,,,,,,,,,否,SharedAsset,/ModularGameVFX/Textures/CH12_MagicBeam/T_VFX_Beam_Distortion_01,/ModularGameVFX/ModularGameVFXLibrary/00_Core/Textures/MagicBeam/T_VFX_Beam_Distortion_01,已迁移（migration_complete.json）；旧路径已移除
00_Core,Texture2D,T_VFX_Beam_Endpoint_01,T_VFX_Beam_Endpoint_01,,,,,,,,,,否,SharedAsset,/ModularGameVFX/Textures/CH12_MagicBeam/T_VFX_Beam_Endpoint_01,/ModularGameVFX/ModularGameVFXLibrary/00_Core/Textures/MagicBeam/T_VFX_Beam_Endpoint_01,已迁移（migration_complete.json）；旧路径已移除
00_Core,Texture2D,T_VFX_Beam_Flow_01,T_VFX_Beam_Flow_01,,,,,,,,,,否,SharedAsset,/ModularGameVFX/Textures/CH12_MagicBeam/T_VFX_Beam_Flow_01,/ModularGameVFX/ModularGameVFXLibrary/00_Core/Textures/MagicBeam/T_VFX_Beam_Flow_01,已迁移（migration_complete.json）；旧路径已移除
00_Core,Texture2D,T_VFX_Beam_Flow_02,T_VFX_Beam_Flow_02,,,,,,,,,,否,SharedAsset,/ModularGameVFX/Textures/CH12_MagicBeam/T_VFX_Beam_Flow_02,/ModularGameVFX/ModularGameVFXLibrary/00_Core/Textures/MagicBeam/T_VFX_Beam_Flow_02,已迁移（migration_complete.json）；旧路径已移除
00_Core,Texture2D,T_VFX_Beam_ImpactGlow_01,T_VFX_Beam_ImpactGlow_01,,,,,,,,,,否,SharedAsset,/ModularGameVFX/Textures/CH12_MagicBeam/T_VFX_Beam_ImpactGlow_01,/ModularGameVFX/ModularGameVFXLibrary/00_Core/Textures/MagicBeam/T_VFX_Beam_ImpactGlow_01,已迁移（migration_complete.json）；旧路径已移除
00_Core,Texture2D,T_VFX_Beam_Noise_01,T_VFX_Beam_Noise_01,,,,,,,,,,否,SharedAsset,/ModularGameVFX/Textures/CH12_MagicBeam/T_VFX_Beam_Noise_01,/ModularGameVFX/ModularGameVFXLibrary/00_Core/Textures/MagicBeam/T_VFX_Beam_Noise_01,已迁移（migration_complete.json）；旧路径已移除
00_Core,Texture2D,T_VFX_Beam_Noise_02,T_VFX_Beam_Noise_02,,,,,,,,,,否,SharedAsset,/ModularGameVFX/Textures/CH12_MagicBeam/T_VFX_Beam_Noise_02,/ModularGameVFX/ModularGameVFXLibrary/00_Core/Textures/MagicBeam/T_VFX_Beam_Noise_02,已迁移（migration_complete.json）；旧路径已移除
00_Core,Texture2D,T_VFX_Beam_Outer_01,T_VFX_Beam_Outer_01,,,,,,,,,,否,SharedAsset,/ModularGameVFX/Textures/CH12_MagicBeam/T_VFX_Beam_Outer_01,/ModularGameVFX/ModularGameVFXLibrary/00_Core/Textures/MagicBeam/T_VFX_Beam_Outer_01,已迁移（migration_complete.json）；旧路径已移除
00_Core,Texture2D,T_VFX_Beam_SourceGlow_01,T_VFX_Beam_SourceGlow_01,,,,,,,,,,否,SharedAsset,/ModularGameVFX/Textures/CH12_MagicBeam/T_VFX_Beam_SourceGlow_01,/ModularGameVFX/ModularGameVFXLibrary/00_Core/Textures/MagicBeam/T_VFX_Beam_SourceGlow_01,已迁移（migration_complete.json）；旧路径已移除
00_Core,Texture2D,T_VFX_MagicCircle_CenterSymbol_01,T_VFX_MagicCircle_CenterSymbol_01,,,,,,,,,,否,SharedAsset,/ModularGameVFX/Textures/CH08_MagicCircle/T_VFX_MagicCircle_CenterSymbol_01,/ModularGameVFX/ModularGameVFXLibrary/00_Core/Textures/MagicCircle/T_VFX_MagicCircle_CenterSymbol_01,已迁移（migration_complete.json）；旧路径已移除
00_Core,Texture2D,T_VFX_MagicCircle_Dissolve_01,T_VFX_MagicCircle_Dissolve_01,,,,,,,,,,否,SharedAsset,/ModularGameVFX/Textures/CH08_MagicCircle/T_VFX_MagicCircle_Dissolve_01,/ModularGameVFX/ModularGameVFXLibrary/00_Core/Textures/MagicCircle/T_VFX_MagicCircle_Dissolve_01,已迁移（migration_complete.json）；旧路径已移除
00_Core,Texture2D,T_VFX_MagicCircle_Geometry_01,T_VFX_MagicCircle_Geometry_01,,,,,,,,,,否,SharedAsset,/ModularGameVFX/Textures/CH08_MagicCircle/T_VFX_MagicCircle_Geometry_01,/ModularGameVFX/ModularGameVFXLibrary/00_Core/Textures/MagicCircle/T_VFX_MagicCircle_Geometry_01,已迁移（migration_complete.json）；旧路径已移除
00_Core,Texture2D,T_VFX_MagicCircle_Glyph_01,T_VFX_MagicCircle_Glyph_01,,,,,,,,,,否,SharedAsset,/ModularGameVFX/Textures/CH08_MagicCircle/T_VFX_MagicCircle_Glyph_01,/ModularGameVFX/ModularGameVFXLibrary/00_Core/Textures/MagicCircle/T_VFX_MagicCircle_Glyph_01,已迁移（migration_complete.json）；旧路径已移除
00_Core,Texture2D,T_VFX_MagicCircle_InnerRing_01,T_VFX_MagicCircle_InnerRing_01,,,,,,,,,,否,SharedAsset,/ModularGameVFX/Textures/CH08_MagicCircle/T_VFX_MagicCircle_InnerRing_01,/ModularGameVFX/ModularGameVFXLibrary/00_Core/Textures/MagicCircle/T_VFX_MagicCircle_InnerRing_01,已迁移（migration_complete.json）；旧路径已移除
00_Core,Texture2D,T_VFX_MagicCircle_Noise_01,T_VFX_MagicCircle_Noise_01,,,,,,,,,,否,SharedAsset,/ModularGameVFX/Textures/CH08_MagicCircle/T_VFX_MagicCircle_Noise_01,/ModularGameVFX/ModularGameVFXLibrary/00_Core/Textures/MagicCircle/T_VFX_MagicCircle_Noise_01,已迁移（migration_complete.json）；旧路径已移除
00_Core,Texture2D,T_VFX_MagicCircle_OuterRing_01,T_VFX_MagicCircle_OuterRing_01,,,,,,,,,,否,SharedAsset,/ModularGameVFX/Textures/CH08_MagicCircle/T_VFX_MagicCircle_OuterRing_01,/ModularGameVFX/ModularGameVFXLibrary/00_Core/Textures/MagicCircle/T_VFX_MagicCircle_OuterRing_01,已迁移（migration_complete.json）；旧路径已移除
00_Core,Texture2D,T_VFX_MagicCircle_RadialLines_01,T_VFX_MagicCircle_RadialLines_01,,,,,,,,,,否,SharedAsset,/ModularGameVFX/Textures/CH08_MagicCircle/T_VFX_MagicCircle_RadialLines_01,/ModularGameVFX/ModularGameVFXLibrary/00_Core/Textures/MagicCircle/T_VFX_MagicCircle_RadialLines_01,已迁移（migration_complete.json）；旧路径已移除
00_Core,Texture2D,T_VFX_MagicCircle_RuneAtlas_01,T_VFX_MagicCircle_RuneAtlas_01,,,,,,,,,,否,SharedAsset,/ModularGameVFX/Textures/CH08_MagicCircle/T_VFX_MagicCircle_RuneAtlas_01,/ModularGameVFX/ModularGameVFXLibrary/00_Core/Textures/MagicCircle/T_VFX_MagicCircle_RuneAtlas_01,已迁移（migration_complete.json）；旧路径已移除
00_Core,Texture2D,T_VFX_MagicCircle_RuneAtlas_02,T_VFX_MagicCircle_RuneAtlas_02,,,,,,,,,,否,SharedAsset,/ModularGameVFX/Textures/CH08_MagicCircle/T_VFX_MagicCircle_RuneAtlas_02,/ModularGameVFX/ModularGameVFXLibrary/00_Core/Textures/MagicCircle/T_VFX_MagicCircle_RuneAtlas_02,已迁移（migration_complete.json）；旧路径已移除
00_Core,Texture2D,T_VFX_Common_FresnelBreakup_01,T_VFX_Common_FresnelBreakup_01,,,,,,,,,,否,SharedAsset,/ModularGameVFX/Textures/CH02_MagicGlow/T_VFX_Common_FresnelBreakup_01,/ModularGameVFX/ModularGameVFXLibrary/00_Core/Textures/MagicGlow/T_VFX_Common_FresnelBreakup_01,已迁移（migration_complete.json）；旧路径已移除
00_Core,Texture2D,T_VFX_Energy_CloudNoise_01,T_VFX_Energy_CloudNoise_01,,,,,,,,,,否,SharedAsset,/ModularGameVFX/Textures/CH02_MagicGlow/T_VFX_Energy_CloudNoise_01,/ModularGameVFX/ModularGameVFXLibrary/00_Core/Textures/MagicGlow/T_VFX_Energy_CloudNoise_01,已迁移（migration_complete.json）；旧路径已移除
00_Core,Texture2D,T_VFX_Energy_Gradient_01,T_VFX_Energy_Gradient_01,,,,,,,,,,否,SharedAsset,/ModularGameVFX/Textures/CH02_MagicGlow/T_VFX_Energy_Gradient_01,/ModularGameVFX/ModularGameVFXLibrary/00_Core/Textures/MagicGlow/T_VFX_Energy_Gradient_01,已迁移（migration_complete.json）；旧路径已移除
00_Core,Texture2D,T_VFX_Energy_Noise_01,T_VFX_Energy_Noise_01,,,,,,,,,,否,SharedAsset,/ModularGameVFX/Textures/CH02_MagicGlow/T_VFX_Energy_Noise_01,/ModularGameVFX/ModularGameVFXLibrary/00_Core/Textures/MagicGlow/T_VFX_Energy_Noise_01,已迁移（migration_complete.json）；旧路径已移除
00_Core,Texture2D,T_VFX_Energy_Noise_02,T_VFX_Energy_Noise_02,,,,,,,,,,否,SharedAsset,/ModularGameVFX/Textures/CH02_MagicGlow/T_VFX_Energy_Noise_02,/ModularGameVFX/ModularGameVFXLibrary/00_Core/Textures/MagicGlow/T_VFX_Energy_Noise_02,已迁移（migration_complete.json）；旧路径已移除
00_Core,Texture2D,T_VFX_Energy_RingSoft_01,T_VFX_Energy_RingSoft_01,,,,,,,,,,否,SharedAsset,/ModularGameVFX/Textures/CH02_MagicGlow/T_VFX_Energy_RingSoft_01,/ModularGameVFX/ModularGameVFXLibrary/00_Core/Textures/MagicGlow/T_VFX_Energy_RingSoft_01,已迁移（migration_complete.json）；旧路径已移除
00_Core,Texture2D,T_VFX_Energy_Ring_01,T_VFX_Energy_Ring_01,,,,,,,,,,否,SharedAsset,/ModularGameVFX/Textures/CH02_MagicGlow/T_VFX_Energy_Ring_01,/ModularGameVFX/ModularGameVFXLibrary/00_Core/Textures/MagicGlow/T_VFX_Energy_Ring_01,已迁移（migration_complete.json）；旧路径已移除
00_Core,Texture2D,T_VFX_Energy_Ripple_01,T_VFX_Energy_Ripple_01,,,,,,,,,,否,SharedAsset,/ModularGameVFX/Textures/CH02_MagicGlow/T_VFX_Energy_Ripple_01,/ModularGameVFX/ModularGameVFXLibrary/00_Core/Textures/MagicGlow/T_VFX_Energy_Ripple_01,已迁移（migration_complete.json）；旧路径已移除
00_Core,Texture2D,T_VFX_Impact_Burst_01,T_VFX_Impact_Burst_01,,,,,,,,,,否,SharedAsset,/ModularGameVFX/Textures/CH06_MagicImpact/T_VFX_Impact_Burst_01,/ModularGameVFX/ModularGameVFXLibrary/00_Core/Textures/MagicImpact/T_VFX_Impact_Burst_01,已迁移（migration_complete.json）；旧路径已移除
00_Core,Texture2D,T_VFX_Impact_DecalCrack_01,T_VFX_Impact_DecalCrack_01,,,,,,,,,,否,SharedAsset,/ModularGameVFX/Textures/CH06_MagicImpact/T_VFX_Impact_DecalCrack_01,/ModularGameVFX/ModularGameVFXLibrary/00_Core/Textures/MagicImpact/T_VFX_Impact_DecalCrack_01,已迁移（migration_complete.json）；旧路径已移除
00_Core,Texture2D,T_VFX_Impact_DecalScorch_01,T_VFX_Impact_DecalScorch_01,,,,,,,,,,否,SharedAsset,/ModularGameVFX/Textures/CH06_MagicImpact/T_VFX_Impact_DecalScorch_01,/ModularGameVFX/ModularGameVFXLibrary/00_Core/Textures/MagicImpact/T_VFX_Impact_DecalScorch_01,已迁移（migration_complete.json）；旧路径已移除
00_Core,Texture2D,T_VFX_Impact_Decal_01,T_VFX_Impact_Decal_01,,,,,,,,,,否,SharedAsset,/ModularGameVFX/Textures/CH06_MagicImpact/T_VFX_Impact_Decal_01,/ModularGameVFX/ModularGameVFXLibrary/00_Core/Textures/MagicImpact/T_VFX_Impact_Decal_01,已迁移（migration_complete.json）；旧路径已移除
00_Core,Texture2D,T_VFX_Impact_Dust_01,T_VFX_Impact_Dust_01,,,,,,,,,,否,SharedAsset,/ModularGameVFX/Textures/CH06_MagicImpact/T_VFX_Impact_Dust_01,/ModularGameVFX/ModularGameVFXLibrary/00_Core/Textures/MagicImpact/T_VFX_Impact_Dust_01,已迁移（migration_complete.json）；旧路径已移除
00_Core,Texture2D,T_VFX_Impact_FlashStar_01,T_VFX_Impact_FlashStar_01,,,,,,,,,,否,SharedAsset,/ModularGameVFX/Textures/CH06_MagicImpact/T_VFX_Impact_FlashStar_01,/ModularGameVFX/ModularGameVFXLibrary/00_Core/Textures/MagicImpact/T_VFX_Impact_FlashStar_01,已迁移（migration_complete.json）；旧路径已移除
00_Core,Texture2D,T_VFX_Impact_Flash_01,T_VFX_Impact_Flash_01,,,,,,,,,,否,SharedAsset,/ModularGameVFX/Textures/CH06_MagicImpact/T_VFX_Impact_Flash_01,/ModularGameVFX/ModularGameVFXLibrary/00_Core/Textures/MagicImpact/T_VFX_Impact_Flash_01,已迁移（migration_complete.json）；旧路径已移除
00_Core,Texture2D,T_VFX_Impact_FragmentMask_01,T_VFX_Impact_FragmentMask_01,,,,,,,,,,否,SharedAsset,/ModularGameVFX/Textures/CH06_MagicImpact/T_VFX_Impact_FragmentMask_01,/ModularGameVFX/ModularGameVFXLibrary/00_Core/Textures/MagicImpact/T_VFX_Impact_FragmentMask_01,已迁移（migration_complete.json）；旧路径已移除
00_Core,Texture2D,T_VFX_Impact_RadialBurst_01,T_VFX_Impact_RadialBurst_01,,,,,,,,,,否,SharedAsset,/ModularGameVFX/Textures/CH06_MagicImpact/T_VFX_Impact_RadialBurst_01,/ModularGameVFX/ModularGameVFXLibrary/00_Core/Textures/MagicImpact/T_VFX_Impact_RadialBurst_01,已迁移（migration_complete.json）；旧路径已移除
00_Core,Texture2D,T_VFX_Impact_ShockwaveBroken_01,T_VFX_Impact_ShockwaveBroken_01,,,,,,,,,,否,SharedAsset,/ModularGameVFX/Textures/CH06_MagicImpact/T_VFX_Impact_ShockwaveBroken_01,/ModularGameVFX/ModularGameVFXLibrary/00_Core/Textures/MagicImpact/T_VFX_Impact_ShockwaveBroken_01,已迁移（migration_complete.json）；旧路径已移除
00_Core,Texture2D,T_VFX_Impact_Shockwave_01,T_VFX_Impact_Shockwave_01,,,,,,,,,,否,SharedAsset,/ModularGameVFX/Textures/CH06_MagicImpact/T_VFX_Impact_Shockwave_01,/ModularGameVFX/ModularGameVFXLibrary/00_Core/Textures/MagicImpact/T_VFX_Impact_Shockwave_01,已迁移（migration_complete.json）；旧路径已移除
00_Core,Texture2D,T_VFX_Impact_Smoke_01,T_VFX_Impact_Smoke_01,,,,,,,,,,否,SharedAsset,/ModularGameVFX/Textures/CH06_MagicImpact/T_VFX_Impact_Smoke_01,/ModularGameVFX/ModularGameVFXLibrary/00_Core/Textures/MagicImpact/T_VFX_Impact_Smoke_01,已迁移（migration_complete.json）；旧路径已移除
00_Core,Texture2D,T_VFX_Projectile_FrontGlow_01,T_VFX_Projectile_FrontGlow_01,,,,,,,,,,否,SharedAsset,/ModularGameVFX/Textures/CH04_MagicProjectile/T_VFX_Projectile_FrontGlow_01,/ModularGameVFX/ModularGameVFXLibrary/00_Core/Textures/MagicProjectile/T_VFX_Projectile_FrontGlow_01,已迁移（migration_complete.json）；旧路径已移除
00_Core,Texture2D,T_VFX_Projectile_HomingTrailNoise_01,T_VFX_Projectile_HomingTrailNoise_01,,,,,,,,,,否,SharedAsset,/ModularGameVFX/Textures/CH04_MagicProjectile/T_VFX_Projectile_HomingTrailNoise_01,/ModularGameVFX/ModularGameVFXLibrary/00_Core/Textures/MagicProjectile/T_VFX_Projectile_HomingTrailNoise_01,已迁移（migration_complete.json）；旧路径已移除
00_Core,Texture2D,T_VFX_Projectile_MotionNoise_01,T_VFX_Projectile_MotionNoise_01,,,,,,,,,,否,SharedAsset,/ModularGameVFX/Textures/CH04_MagicProjectile/T_VFX_Projectile_MotionNoise_01,/ModularGameVFX/ModularGameVFXLibrary/00_Core/Textures/MagicProjectile/T_VFX_Projectile_MotionNoise_01,已迁移（migration_complete.json）；旧路径已移除
00_Core,Texture2D,T_VFX_Projectile_RearGlow_01,T_VFX_Projectile_RearGlow_01,,,,,,,,,,否,SharedAsset,/ModularGameVFX/Textures/CH04_MagicProjectile/T_VFX_Projectile_RearGlow_01,/ModularGameVFX/ModularGameVFXLibrary/00_Core/Textures/MagicProjectile/T_VFX_Projectile_RearGlow_01,已迁移（migration_complete.json）；旧路径已移除
00_Core,Texture2D,T_VFX_Projectile_SpeedStreak_01,T_VFX_Projectile_SpeedStreak_01,,,,,,,,,,否,SharedAsset,/ModularGameVFX/Textures/CH04_MagicProjectile/T_VFX_Projectile_SpeedStreak_01,/ModularGameVFX/ModularGameVFXLibrary/00_Core/Textures/MagicProjectile/T_VFX_Projectile_SpeedStreak_01,已迁移（migration_complete.json）；旧路径已移除
00_Core,Texture2D,T_VFX_Projectile_Wake_01,T_VFX_Projectile_Wake_01,,,,,,,,,,否,SharedAsset,/ModularGameVFX/Textures/CH04_MagicProjectile/T_VFX_Projectile_Wake_01,/ModularGameVFX/ModularGameVFXLibrary/00_Core/Textures/MagicProjectile/T_VFX_Projectile_Wake_01,已迁移（migration_complete.json）；旧路径已移除
00_Core,Texture2D,T_VFX_Shield_Broken_01,T_VFX_Shield_Broken_01,,,,,,,,,,否,SharedAsset,/ModularGameVFX/Textures/CH11_MagicShield/T_VFX_Shield_Broken_01,/ModularGameVFX/ModularGameVFXLibrary/00_Core/Textures/MagicShield/T_VFX_Shield_Broken_01,已迁移（migration_complete.json）；旧路径已移除
00_Core,Texture2D,T_VFX_Shield_Crack_01,T_VFX_Shield_Crack_01,,,,,,,,,,否,SharedAsset,/ModularGameVFX/Textures/CH11_MagicShield/T_VFX_Shield_Crack_01,/ModularGameVFX/ModularGameVFXLibrary/00_Core/Textures/MagicShield/T_VFX_Shield_Crack_01,已迁移（migration_complete.json）；旧路径已移除
00_Core,Texture2D,T_VFX_Shield_Crack_02,T_VFX_Shield_Crack_02,,,,,,,,,,否,SharedAsset,/ModularGameVFX/Textures/CH11_MagicShield/T_VFX_Shield_Crack_02,/ModularGameVFX/ModularGameVFXLibrary/00_Core/Textures/MagicShield/T_VFX_Shield_Crack_02,已迁移（migration_complete.json）；旧路径已移除
00_Core,Texture2D,T_VFX_Shield_Dissolve_01,T_VFX_Shield_Dissolve_01,,,,,,,,,,否,SharedAsset,/ModularGameVFX/Textures/CH11_MagicShield/T_VFX_Shield_Dissolve_01,/ModularGameVFX/ModularGameVFXLibrary/00_Core/Textures/MagicShield/T_VFX_Shield_Dissolve_01,已迁移（migration_complete.json）；旧路径已移除
00_Core,Texture2D,T_VFX_Shield_Distortion_01,T_VFX_Shield_Distortion_01,,,,,,,,,,否,SharedAsset,/ModularGameVFX/Textures/CH11_MagicShield/T_VFX_Shield_Distortion_01,/ModularGameVFX/ModularGameVFXLibrary/00_Core/Textures/MagicShield/T_VFX_Shield_Distortion_01,已迁移（migration_complete.json）；旧路径已移除
00_Core,Texture2D,T_VFX_Shield_FresnelBreak_01,T_VFX_Shield_FresnelBreak_01,,,,,,,,,,否,SharedAsset,/ModularGameVFX/Textures/CH11_MagicShield/T_VFX_Shield_FresnelBreak_01,/ModularGameVFX/ModularGameVFXLibrary/00_Core/Textures/MagicShield/T_VFX_Shield_FresnelBreak_01,已迁移（migration_complete.json）；旧路径已移除
00_Core,Texture2D,T_VFX_Shield_Hex_01,T_VFX_Shield_Hex_01,,,,,,,,,,否,SharedAsset,/ModularGameVFX/Textures/CH11_MagicShield/T_VFX_Shield_Hex_01,/ModularGameVFX/ModularGameVFXLibrary/00_Core/Textures/MagicShield/T_VFX_Shield_Hex_01,已迁移（migration_complete.json）；旧路径已移除
00_Core,Texture2D,T_VFX_Shield_Hex_02,T_VFX_Shield_Hex_02,,,,,,,,,,否,SharedAsset,/ModularGameVFX/Textures/CH11_MagicShield/T_VFX_Shield_Hex_02,/ModularGameVFX/ModularGameVFXLibrary/00_Core/Textures/MagicShield/T_VFX_Shield_Hex_02,已迁移（migration_complete.json）；旧路径已移除
00_Core,Texture2D,T_VFX_Shield_HitMask_01,T_VFX_Shield_HitMask_01,,,,,,,,,,否,SharedAsset,/ModularGameVFX/Textures/CH11_MagicShield/T_VFX_Shield_HitMask_01,/ModularGameVFX/ModularGameVFXLibrary/00_Core/Textures/MagicShield/T_VFX_Shield_HitMask_01,已迁移（migration_complete.json）；旧路径已移除
00_Core,Texture2D,T_VFX_Shield_Ripple_01,T_VFX_Shield_Ripple_01,,,,,,,,,,否,SharedAsset,/ModularGameVFX/Textures/CH11_MagicShield/T_VFX_Shield_Ripple_01,/ModularGameVFX/ModularGameVFXLibrary/00_Core/Textures/MagicShield/T_VFX_Shield_Ripple_01,已迁移（migration_complete.json）；旧路径已移除
00_Core,Texture2D,T_VFX_Shield_SurfaceNoise_01,T_VFX_Shield_SurfaceNoise_01,,,,,,,,,,否,SharedAsset,/ModularGameVFX/Textures/CH11_MagicShield/T_VFX_Shield_SurfaceNoise_01,/ModularGameVFX/ModularGameVFXLibrary/00_Core/Textures/MagicShield/T_VFX_Shield_SurfaceNoise_01,已迁移（migration_complete.json）；旧路径已移除
00_Core,Texture2D,T_VFX_Shield_SurfaceNoise_02,T_VFX_Shield_SurfaceNoise_02,,,,,,,,,,否,SharedAsset,/ModularGameVFX/Textures/CH11_MagicShield/T_VFX_Shield_SurfaceNoise_02,/ModularGameVFX/ModularGameVFXLibrary/00_Core/Textures/MagicShield/T_VFX_Shield_SurfaceNoise_02,已迁移（migration_complete.json）；旧路径已移除
00_Core,Texture2D,T_VFX_MagicSpark_Distortion,T_VFX_MagicSpark_Distortion,,,,,,,,,,否,SharedAsset,/ModularGameVFX/Textures/CH01_MagicSpark/T_VFX_MagicSpark_Distortion,/ModularGameVFX/ModularGameVFXLibrary/00_Core/Textures/MagicSpark/T_VFX_MagicSpark_Distortion,已迁移（migration_complete.json）；旧路径已移除
00_Core,Texture2D,T_VFX_MagicSpark_Glint_4Point,T_VFX_MagicSpark_Glint_4Point,,,,,,,,,,否,SharedAsset,/ModularGameVFX/Textures/CH01_MagicSpark/T_VFX_MagicSpark_Glint_4Point,/ModularGameVFX/ModularGameVFXLibrary/00_Core/Textures/MagicSpark/T_VFX_MagicSpark_Glint_4Point,已迁移（migration_complete.json）；旧路径已移除
00_Core,Texture2D,T_VFX_MagicSpark_Glint_6Point,T_VFX_MagicSpark_Glint_6Point,,,,,,,,,,否,SharedAsset,/ModularGameVFX/Textures/CH01_MagicSpark/T_VFX_MagicSpark_Glint_6Point,/ModularGameVFX/ModularGameVFXLibrary/00_Core/Textures/MagicSpark/T_VFX_MagicSpark_Glint_6Point,已迁移（migration_complete.json）；旧路径已移除
00_Core,Texture2D,T_VFX_MagicSpark_Noise_Perlin,T_VFX_MagicSpark_Noise_Perlin,,,,,,,,,,否,SharedAsset,/ModularGameVFX/Textures/CH01_MagicSpark/T_VFX_MagicSpark_Noise_Perlin,/ModularGameVFX/ModularGameVFXLibrary/00_Core/Textures/MagicSpark/T_VFX_MagicSpark_Noise_Perlin,已迁移（migration_complete.json）；旧路径已移除
00_Core,Texture2D,T_VFX_MagicSpark_Noise_Soft,T_VFX_MagicSpark_Noise_Soft,,,,,,,,,,否,SharedAsset,/ModularGameVFX/Textures/CH01_MagicSpark/T_VFX_MagicSpark_Noise_Soft,/ModularGameVFX/ModularGameVFXLibrary/00_Core/Textures/MagicSpark/T_VFX_MagicSpark_Noise_Soft,已迁移（migration_complete.json）；旧路径已移除
00_Core,Texture2D,T_VFX_MagicSpark_Radial,T_VFX_MagicSpark_Radial,,,,,,,,,,否,SharedAsset,/ModularGameVFX/Textures/CH01_MagicSpark/T_VFX_MagicSpark_Radial,/ModularGameVFX/ModularGameVFXLibrary/00_Core/Textures/MagicSpark/T_VFX_MagicSpark_Radial,已迁移（migration_complete.json）；旧路径已移除
00_Core,Texture2D,T_VFX_MagicSpark_Radial_Soft,T_VFX_MagicSpark_Radial_Soft,,,,,,,,,,否,SharedAsset,/ModularGameVFX/Textures/CH01_MagicSpark/T_VFX_MagicSpark_Radial_Soft,/ModularGameVFX/ModularGameVFXLibrary/00_Core/Textures/MagicSpark/T_VFX_MagicSpark_Radial_Soft,已迁移（migration_complete.json）；旧路径已移除
00_Core,Texture2D,T_VFX_MagicSpark_Round,T_VFX_MagicSpark_Round,,,,,,,,,,否,SharedAsset,/ModularGameVFX/Textures/CH01_MagicSpark/T_VFX_MagicSpark_Round,/ModularGameVFX/ModularGameVFXLibrary/00_Core/Textures/MagicSpark/T_VFX_MagicSpark_Round,已迁移（migration_complete.json）；旧路径已移除
00_Core,Texture2D,T_VFX_MagicSpark_Sharp,T_VFX_MagicSpark_Sharp,,,,,,,,,,否,SharedAsset,/ModularGameVFX/Textures/CH01_MagicSpark/T_VFX_MagicSpark_Sharp,/ModularGameVFX/ModularGameVFXLibrary/00_Core/Textures/MagicSpark/T_VFX_MagicSpark_Sharp,已迁移（migration_complete.json）；旧路径已移除
00_Core,Texture2D,T_VFX_MagicSpark_Streak,T_VFX_MagicSpark_Streak,,,,,,,,,,否,SharedAsset,/ModularGameVFX/Textures/CH01_MagicSpark/T_VFX_MagicSpark_Streak,/ModularGameVFX/ModularGameVFXLibrary/00_Core/Textures/MagicSpark/T_VFX_MagicSpark_Streak,已迁移（migration_complete.json）；旧路径已移除
00_Core,Texture2D,T_VFX_Charge_GroundTrail_01,T_VFX_Charge_GroundTrail_01,,,,,,,,,,否,SharedAsset,/ModularGameVFX/Textures/CH22_Melee/T_VFX_Charge_GroundTrail_01,/ModularGameVFX/ModularGameVFXLibrary/00_Core/Textures/Melee/T_VFX_Charge_GroundTrail_01,已迁移（migration_complete.json）；旧路径已移除
00_Core,Texture2D,T_VFX_Dash_AfterimageMask_01,T_VFX_Dash_AfterimageMask_01,,,,,,,,,,否,SharedAsset,/ModularGameVFX/Textures/CH22_Melee/T_VFX_Dash_AfterimageMask_01,/ModularGameVFX/ModularGameVFXLibrary/00_Core/Textures/Melee/T_VFX_Dash_AfterimageMask_01,已迁移（migration_complete.json）；旧路径已移除
00_Core,Texture2D,T_VFX_Dash_Streak_01,T_VFX_Dash_Streak_01,,,,,,,,,,否,SharedAsset,/ModularGameVFX/Textures/CH22_Melee/T_VFX_Dash_Streak_01,/ModularGameVFX/ModularGameVFXLibrary/00_Core/Textures/Melee/T_VFX_Dash_Streak_01,已迁移（migration_complete.json）；旧路径已移除
00_Core,Texture2D,T_VFX_Dust_01,T_VFX_Dust_01,,,,,,,,,,否,SharedAsset,/ModularGameVFX/Textures/CH22_Melee/T_VFX_Dust_01,/ModularGameVFX/ModularGameVFXLibrary/00_Core/Textures/Melee/T_VFX_Dust_01,已迁移（migration_complete.json）；旧路径已移除
00_Core,Texture2D,T_VFX_Dust_02,T_VFX_Dust_02,,,,,,,,,,否,SharedAsset,/ModularGameVFX/Textures/CH22_Melee/T_VFX_Dust_02,/ModularGameVFX/ModularGameVFXLibrary/00_Core/Textures/Melee/T_VFX_Dust_02,已迁移（migration_complete.json）；旧路径已移除
00_Core,Texture2D,T_VFX_Dust_Flipbook_01,T_VFX_Dust_Flipbook_01,,,,,,,,,,否,SharedAsset,/ModularGameVFX/Textures/CH22_Melee/T_VFX_Dust_Flipbook_01,/ModularGameVFX/ModularGameVFXLibrary/00_Core/Textures/Melee/T_VFX_Dust_Flipbook_01,已迁移（migration_complete.json）；旧路径已移除
00_Core,Texture2D,T_VFX_GroundCrack_Directional_01,T_VFX_GroundCrack_Directional_01,,,,,,,,,,否,SharedAsset,/ModularGameVFX/Textures/CH22_Melee/T_VFX_GroundCrack_Directional_01,/ModularGameVFX/ModularGameVFXLibrary/00_Core/Textures/Melee/T_VFX_GroundCrack_Directional_01,已迁移（migration_complete.json）；旧路径已移除
00_Core,Texture2D,T_VFX_GroundCrack_Directional_02,T_VFX_GroundCrack_Directional_02,,,,,,,,,,否,SharedAsset,/ModularGameVFX/Textures/CH22_Melee/T_VFX_GroundCrack_Directional_02,/ModularGameVFX/ModularGameVFXLibrary/00_Core/Textures/Melee/T_VFX_GroundCrack_Directional_02,已迁移（migration_complete.json）；旧路径已移除
00_Core,Texture2D,T_VFX_GroundCrack_GrowthMask_01,T_VFX_GroundCrack_GrowthMask_01,,,,,,,,,,否,SharedAsset,/ModularGameVFX/Textures/CH22_Melee/T_VFX_GroundCrack_GrowthMask_01,/ModularGameVFX/ModularGameVFXLibrary/00_Core/Textures/Melee/T_VFX_GroundCrack_GrowthMask_01,已迁移（migration_complete.json）；旧路径已移除
00_Core,Texture2D,T_VFX_GroundCrack_Radial_01,T_VFX_GroundCrack_Radial_01,,,,,,,,,,否,SharedAsset,/ModularGameVFX/Textures/CH22_Melee/T_VFX_GroundCrack_Radial_01,/ModularGameVFX/ModularGameVFXLibrary/00_Core/Textures/Melee/T_VFX_GroundCrack_Radial_01,已迁移（migration_complete.json）；旧路径已移除
00_Core,Texture2D,T_VFX_GroundCrack_Radial_02,T_VFX_GroundCrack_Radial_02,,,,,,,,,,否,SharedAsset,/ModularGameVFX/Textures/CH22_Melee/T_VFX_GroundCrack_Radial_02,/ModularGameVFX/ModularGameVFXLibrary/00_Core/Textures/Melee/T_VFX_GroundCrack_Radial_02,已迁移（migration_complete.json）；旧路径已移除
00_Core,Texture2D,T_VFX_Slash_01,T_VFX_Slash_01,,,,,,,,,,否,SharedAsset,/ModularGameVFX/Textures/CH22_Melee/T_VFX_Slash_01,/ModularGameVFX/ModularGameVFXLibrary/00_Core/Textures/Melee/T_VFX_Slash_01,已迁移（migration_complete.json）；旧路径已移除
00_Core,Texture2D,T_VFX_Slash_02,T_VFX_Slash_02,,,,,,,,,,否,SharedAsset,/ModularGameVFX/Textures/CH22_Melee/T_VFX_Slash_02,/ModularGameVFX/ModularGameVFXLibrary/00_Core/Textures/Melee/T_VFX_Slash_02,已迁移（migration_complete.json）；旧路径已移除
00_Core,Texture2D,T_VFX_Slash_Broken_01,T_VFX_Slash_Broken_01,,,,,,,,,,否,SharedAsset,/ModularGameVFX/Textures/CH22_Melee/T_VFX_Slash_Broken_01,/ModularGameVFX/ModularGameVFXLibrary/00_Core/Textures/Melee/T_VFX_Slash_Broken_01,已迁移（migration_complete.json）；旧路径已移除
00_Core,Texture2D,T_VFX_Slash_Core_01,T_VFX_Slash_Core_01,,,,,,,,,,否,SharedAsset,/ModularGameVFX/Textures/CH22_Melee/T_VFX_Slash_Core_01,/ModularGameVFX/ModularGameVFXLibrary/00_Core/Textures/Melee/T_VFX_Slash_Core_01,已迁移（migration_complete.json）；旧路径已移除
00_Core,Texture2D,T_VFX_Slash_Edge_01,T_VFX_Slash_Edge_01,,,,,,,,,,否,SharedAsset,/ModularGameVFX/Textures/CH22_Melee/T_VFX_Slash_Edge_01,/ModularGameVFX/ModularGameVFXLibrary/00_Core/Textures/Melee/T_VFX_Slash_Edge_01,已迁移（migration_complete.json）；旧路径已移除
00_Core,Texture2D,T_VFX_Slash_Flipbook_4x4_01,T_VFX_Slash_Flipbook_4x4_01,,,,,,,,,,否,SharedAsset,/ModularGameVFX/Textures/CH22_Melee/T_VFX_Slash_Flipbook_4x4_01,/ModularGameVFX/ModularGameVFXLibrary/00_Core/Textures/Melee/T_VFX_Slash_Flipbook_4x4_01,已迁移（migration_complete.json）；旧路径已移除
00_Core,Texture2D,T_VFX_Slash_Flipbook_4x4_02,T_VFX_Slash_Flipbook_4x4_02,,,,,,,,,,否,SharedAsset,/ModularGameVFX/Textures/CH22_Melee/T_VFX_Slash_Flipbook_4x4_02,/ModularGameVFX/ModularGameVFXLibrary/00_Core/Textures/Melee/T_VFX_Slash_Flipbook_4x4_02,已迁移（migration_complete.json）；旧路径已移除
00_Core,Texture2D,T_VFX_Slash_Flow_01,T_VFX_Slash_Flow_01,,,,,,,,,,否,SharedAsset,/ModularGameVFX/Textures/CH22_Melee/T_VFX_Slash_Flow_01,/ModularGameVFX/ModularGameVFXLibrary/00_Core/Textures/Melee/T_VFX_Slash_Flow_01,已迁移（migration_complete.json）；旧路径已移除
00_Core,Texture2D,T_VFX_Slash_Noise_01,T_VFX_Slash_Noise_01,,,,,,,,,,否,SharedAsset,/ModularGameVFX/Textures/CH22_Melee/T_VFX_Slash_Noise_01,/ModularGameVFX/ModularGameVFXLibrary/00_Core/Textures/Melee/T_VFX_Slash_Noise_01,已迁移（migration_complete.json）；旧路径已移除
00_Core,Texture2D,T_VFX_SwordWave_01,T_VFX_SwordWave_01,,,,,,,,,,否,SharedAsset,/ModularGameVFX/Textures/CH22_Melee/T_VFX_SwordWave_01,/ModularGameVFX/ModularGameVFXLibrary/00_Core/Textures/Melee/T_VFX_SwordWave_01,已迁移（migration_complete.json）；旧路径已移除
00_Core,Texture2D,T_VFX_SwordWave_Core_01,T_VFX_SwordWave_Core_01,,,,,,,,,,否,SharedAsset,/ModularGameVFX/Textures/CH22_Melee/T_VFX_SwordWave_Core_01,/ModularGameVFX/ModularGameVFXLibrary/00_Core/Textures/Melee/T_VFX_SwordWave_Core_01,已迁移（migration_complete.json）；旧路径已移除
00_Core,Texture2D,T_VFX_SwordWave_Noise_01,T_VFX_SwordWave_Noise_01,,,,,,,,,,否,SharedAsset,/ModularGameVFX/Textures/CH22_Melee/T_VFX_SwordWave_Noise_01,/ModularGameVFX/ModularGameVFXLibrary/00_Core/Textures/Melee/T_VFX_SwordWave_Noise_01,已迁移（migration_complete.json）；旧路径已移除
00_Core,Texture2D,T_PetalBloom_AuroraRays,T_PetalBloom_AuroraRays,,,,,,,,,,否,SharedAsset,/ModularGameVFX/Effects/Nature/Textures/T_PetalBloom_AuroraRays,/ModularGameVFX/ModularGameVFXLibrary/00_Core/Textures/Nature/T_PetalBloom_AuroraRays,已迁移（migration_complete.json）；旧路径已移除
00_Core,Texture2D,T_PetalBloom_Glint,T_PetalBloom_Glint,,,,,,,,,,否,SharedAsset,/ModularGameVFX/Effects/Nature/Textures/T_PetalBloom_Glint,/ModularGameVFX/ModularGameVFXLibrary/00_Core/Textures/Nature/T_PetalBloom_Glint,已迁移（migration_complete.json）；旧路径已移除
00_Core,Texture2D,T_PetalBloom_Halo,T_PetalBloom_Halo,,,,,,,,,,否,SharedAsset,/ModularGameVFX/Effects/Nature/Textures/T_PetalBloom_Halo,/ModularGameVFX/ModularGameVFXLibrary/00_Core/Textures/Nature/T_PetalBloom_Halo,已迁移（migration_complete.json）；旧路径已移除
00_Core,Texture2D,T_PetalBloom_InnerSpiral,T_PetalBloom_InnerSpiral,,,,,,,,,,否,SharedAsset,/ModularGameVFX/Effects/Nature/Textures/T_PetalBloom_InnerSpiral,/ModularGameVFX/ModularGameVFXLibrary/00_Core/Textures/Nature/T_PetalBloom_InnerSpiral,已迁移（migration_complete.json）；旧路径已移除
00_Core,Texture2D,T_PetalBloom_Mist,T_PetalBloom_Mist,,,,,,,,,,否,SharedAsset,/ModularGameVFX/Effects/Nature/Textures/T_PetalBloom_Mist,/ModularGameVFX/ModularGameVFXLibrary/00_Core/Textures/Nature/T_PetalBloom_Mist,已迁移（migration_complete.json）；旧路径已移除
00_Core,Texture2D,T_PetalBloom_Petal,T_PetalBloom_Petal,,,,,,,,,,否,SharedAsset,/ModularGameVFX/Effects/Nature/Textures/T_PetalBloom_Petal,/ModularGameVFX/ModularGameVFXLibrary/00_Core/Textures/Nature/T_PetalBloom_Petal,已迁移（migration_complete.json）；旧路径已移除
00_Core,Texture2D,T_PetalBloom_SilkRing,T_PetalBloom_SilkRing,,,,,,,,,,否,SharedAsset,/ModularGameVFX/Effects/Nature/Textures/T_PetalBloom_SilkRing,/ModularGameVFX/ModularGameVFXLibrary/00_Core/Textures/Nature/T_PetalBloom_SilkRing,已迁移（migration_complete.json）；旧路径已移除
00_Core,Texture2D,T_VFX_Moon_Glow_01,T_VFX_Moon_Glow_01,,,,,,,,,,否,SharedAsset,/ModularGameVFX/Textures/CH18_NatureDruid/T_VFX_Moon_Glow_01,/ModularGameVFX/ModularGameVFXLibrary/00_Core/Textures/NatureDruid/T_VFX_Moon_Glow_01,已迁移（migration_complete.json）；旧路径已移除
00_Core,Texture2D,T_VFX_Moon_Rune_01,T_VFX_Moon_Rune_01,,,,,,,,,,否,SharedAsset,/ModularGameVFX/Textures/CH18_NatureDruid/T_VFX_Moon_Rune_01,/ModularGameVFX/ModularGameVFXLibrary/00_Core/Textures/NatureDruid/T_VFX_Moon_Rune_01,已迁移（migration_complete.json）；旧路径已移除
00_Core,Texture2D,T_VFX_Nature_Flower_01,T_VFX_Nature_Flower_01,,,,,,,,,,否,SharedAsset,/ModularGameVFX/Textures/CH18_NatureDruid/T_VFX_Nature_Flower_01,/ModularGameVFX/ModularGameVFXLibrary/00_Core/Textures/NatureDruid/T_VFX_Nature_Flower_01,已迁移（migration_complete.json）；旧路径已移除
00_Core,Texture2D,T_VFX_Nature_Flower_02,T_VFX_Nature_Flower_02,,,,,,,,,,否,SharedAsset,/ModularGameVFX/Textures/CH18_NatureDruid/T_VFX_Nature_Flower_02,/ModularGameVFX/ModularGameVFXLibrary/00_Core/Textures/NatureDruid/T_VFX_Nature_Flower_02,已迁移（migration_complete.json）；旧路径已移除
00_Core,Texture2D,T_VFX_Nature_Grass_01,T_VFX_Nature_Grass_01,,,,,,,,,,否,SharedAsset,/ModularGameVFX/Textures/CH18_NatureDruid/T_VFX_Nature_Grass_01,/ModularGameVFX/ModularGameVFXLibrary/00_Core/Textures/NatureDruid/T_VFX_Nature_Grass_01,已迁移（migration_complete.json）；旧路径已移除
00_Core,Texture2D,T_VFX_Nature_GroundRune_01,T_VFX_Nature_GroundRune_01,,,,,,,,,,否,SharedAsset,/ModularGameVFX/Textures/CH18_NatureDruid/T_VFX_Nature_GroundRune_01,/ModularGameVFX/ModularGameVFXLibrary/00_Core/Textures/NatureDruid/T_VFX_Nature_GroundRune_01,已迁移（migration_complete.json）；旧路径已移除
00_Core,Texture2D,T_VFX_Nature_Ground_01,T_VFX_Nature_Ground_01,,,,,,,,,,否,SharedAsset,/ModularGameVFX/Textures/CH18_NatureDruid/T_VFX_Nature_Ground_01,/ModularGameVFX/ModularGameVFXLibrary/00_Core/Textures/NatureDruid/T_VFX_Nature_Ground_01,已迁移（migration_complete.json）；旧路径已移除
00_Core,Texture2D,T_VFX_Nature_HealingMote_01,T_VFX_Nature_HealingMote_01,,,,,,,,,,否,SharedAsset,/ModularGameVFX/Textures/CH18_NatureDruid/T_VFX_Nature_HealingMote_01,/ModularGameVFX/ModularGameVFXLibrary/00_Core/Textures/NatureDruid/T_VFX_Nature_HealingMote_01,已迁移（migration_complete.json）；旧路径已移除
00_Core,Texture2D,T_VFX_Nature_Leaf_01,T_VFX_Nature_Leaf_01,,,,,,,,,,否,SharedAsset,/ModularGameVFX/Textures/CH18_NatureDruid/T_VFX_Nature_Leaf_01,/ModularGameVFX/ModularGameVFXLibrary/00_Core/Textures/NatureDruid/T_VFX_Nature_Leaf_01,已迁移（migration_complete.json）；旧路径已移除
00_Core,Texture2D,T_VFX_Nature_Leaf_02,T_VFX_Nature_Leaf_02,,,,,,,,,,否,SharedAsset,/ModularGameVFX/Textures/CH18_NatureDruid/T_VFX_Nature_Leaf_02,/ModularGameVFX/ModularGameVFXLibrary/00_Core/Textures/NatureDruid/T_VFX_Nature_Leaf_02,已迁移（migration_complete.json）；旧路径已移除
00_Core,Texture2D,T_VFX_Nature_Leaf_03,T_VFX_Nature_Leaf_03,,,,,,,,,,否,SharedAsset,/ModularGameVFX/Textures/CH18_NatureDruid/T_VFX_Nature_Leaf_03,/ModularGameVFX/ModularGameVFXLibrary/00_Core/Textures/NatureDruid/T_VFX_Nature_Leaf_03,已迁移（migration_complete.json）；旧路径已移除
00_Core,Texture2D,T_VFX_Nature_LifeGlow_01,T_VFX_Nature_LifeGlow_01,,,,,,,,,,否,SharedAsset,/ModularGameVFX/Textures/CH18_NatureDruid/T_VFX_Nature_LifeGlow_01,/ModularGameVFX/ModularGameVFXLibrary/00_Core/Textures/NatureDruid/T_VFX_Nature_LifeGlow_01,已迁移（migration_complete.json）；旧路径已移除
00_Core,Texture2D,T_VFX_Nature_Petal_01,T_VFX_Nature_Petal_01,,,,,,,,,,否,SharedAsset,/ModularGameVFX/Textures/CH18_NatureDruid/T_VFX_Nature_Petal_01,/ModularGameVFX/ModularGameVFXLibrary/00_Core/Textures/NatureDruid/T_VFX_Nature_Petal_01,已迁移（migration_complete.json）；旧路径已移除
00_Core,Texture2D,T_VFX_Nature_Petal_02,T_VFX_Nature_Petal_02,,,,,,,,,,否,SharedAsset,/ModularGameVFX/Textures/CH18_NatureDruid/T_VFX_Nature_Petal_02,/ModularGameVFX/ModularGameVFXLibrary/00_Core/Textures/NatureDruid/T_VFX_Nature_Petal_02,已迁移（migration_complete.json）；旧路径已移除
00_Core,Texture2D,T_VFX_Nature_Petal_03,T_VFX_Nature_Petal_03,,,,,,,,,,否,SharedAsset,/ModularGameVFX/Textures/CH18_NatureDruid/T_VFX_Nature_Petal_03,/ModularGameVFX/ModularGameVFXLibrary/00_Core/Textures/NatureDruid/T_VFX_Nature_Petal_03,已迁移（migration_complete.json）；旧路径已移除
00_Core,Texture2D,T_VFX_Nature_RootGrowth_01,T_VFX_Nature_RootGrowth_01,,,,,,,,,,否,SharedAsset,/ModularGameVFX/Textures/CH18_NatureDruid/T_VFX_Nature_RootGrowth_01,/ModularGameVFX/ModularGameVFXLibrary/00_Core/Textures/NatureDruid/T_VFX_Nature_RootGrowth_01,已迁移（migration_complete.json）；旧路径已移除
00_Core,Texture2D,T_VFX_Nature_Root_01,T_VFX_Nature_Root_01,,,,,,,,,,否,SharedAsset,/ModularGameVFX/Textures/CH18_NatureDruid/T_VFX_Nature_Root_01,/ModularGameVFX/ModularGameVFXLibrary/00_Core/Textures/NatureDruid/T_VFX_Nature_Root_01,已迁移（migration_complete.json）；旧路径已移除
00_Core,Texture2D,T_VFX_Nature_Vine_01,T_VFX_Nature_Vine_01,,,,,,,,,,否,SharedAsset,/ModularGameVFX/Textures/CH18_NatureDruid/T_VFX_Nature_Vine_01,/ModularGameVFX/ModularGameVFXLibrary/00_Core/Textures/NatureDruid/T_VFX_Nature_Vine_01,已迁移（migration_complete.json）；旧路径已移除
00_Core,Texture2D,T_VFX_Nature_Vine_Normal_01,T_VFX_Nature_Vine_Normal_01,,,,,,,,,,否,SharedAsset,/ModularGameVFX/Textures/CH18_NatureDruid/T_VFX_Nature_Vine_Normal_01,/ModularGameVFX/ModularGameVFXLibrary/00_Core/Textures/NatureDruid/T_VFX_Nature_Vine_Normal_01,已迁移（migration_complete.json）；旧路径已移除
00_Core,Texture2D,T_VFX_Star_01,T_VFX_Star_01,,,,,,,,,,否,SharedAsset,/ModularGameVFX/Textures/CH18_NatureDruid/T_VFX_Star_01,/ModularGameVFX/ModularGameVFXLibrary/00_Core/Textures/NatureDruid/T_VFX_Star_01,已迁移（migration_complete.json）；旧路径已移除
00_Core,Texture2D,T_VFX_Star_Glint_01,T_VFX_Star_Glint_01,,,,,,,,,,否,SharedAsset,/ModularGameVFX/Textures/CH18_NatureDruid/T_VFX_Star_Glint_01,/ModularGameVFX/ModularGameVFXLibrary/00_Core/Textures/NatureDruid/T_VFX_Star_Glint_01,已迁移（migration_complete.json）；旧路径已移除
00_Core,Texture2D,T_VFX_Sun_Disc_01,T_VFX_Sun_Disc_01,,,,,,,,,,否,SharedAsset,/ModularGameVFX/Textures/CH18_NatureDruid/T_VFX_Sun_Disc_01,/ModularGameVFX/ModularGameVFXLibrary/00_Core/Textures/NatureDruid/T_VFX_Sun_Disc_01,已迁移（migration_complete.json）；旧路径已移除
00_Core,Texture2D,T_VFX_Sun_RadialRay_01,T_VFX_Sun_RadialRay_01,,,,,,,,,,否,SharedAsset,/ModularGameVFX/Textures/CH18_NatureDruid/T_VFX_Sun_RadialRay_01,/ModularGameVFX/ModularGameVFXLibrary/00_Core/Textures/NatureDruid/T_VFX_Sun_RadialRay_01,已迁移（migration_complete.json）；旧路径已移除
00_Core,Texture2D,T_PeachPetal_01_BC,T_PeachPetal_01_BC,,,,,,,,,,否,SharedAsset,/ModularGameVFX/Textures/PetalsAura/T_PeachPetal_01_BC,/ModularGameVFX/ModularGameVFXLibrary/00_Core/Textures/PetalsAura/T_PeachPetal_01_BC,已迁移（migration_complete.json）；旧路径已移除
00_Core,Texture2D,T_PeachPetal_02_BC,T_PeachPetal_02_BC,,,,,,,,,,否,SharedAsset,/ModularGameVFX/Textures/PetalsAura/T_PeachPetal_02_BC,/ModularGameVFX/ModularGameVFXLibrary/00_Core/Textures/PetalsAura/T_PeachPetal_02_BC,已迁移（migration_complete.json）；旧路径已移除
00_Core,Texture2D,T_PeachPetal_03_BC,T_PeachPetal_03_BC,,,,,,,,,,否,SharedAsset,/ModularGameVFX/Textures/PetalsAura/T_PeachPetal_03_BC,/ModularGameVFX/ModularGameVFXLibrary/00_Core/Textures/PetalsAura/T_PeachPetal_03_BC,已迁移（migration_complete.json）；旧路径已移除
00_Core,Texture2D,T_PeachPetal_04_BC,T_PeachPetal_04_BC,,,,,,,,,,否,SharedAsset,/ModularGameVFX/Textures/PetalsAura/T_PeachPetal_04_BC,/ModularGameVFX/ModularGameVFXLibrary/00_Core/Textures/PetalsAura/T_PeachPetal_04_BC,已迁移（migration_complete.json）；旧路径已移除
00_Core,Texture2D,T_PeachPetal_05_BC,T_PeachPetal_05_BC,,,,,,,,,,否,SharedAsset,/ModularGameVFX/Textures/PetalsAura/T_PeachPetal_05_BC,/ModularGameVFX/ModularGameVFXLibrary/00_Core/Textures/PetalsAura/T_PeachPetal_05_BC,已迁移（migration_complete.json）；旧路径已移除
00_Core,Texture2D,T_PeachPetal_06_BC,T_PeachPetal_06_BC,,,,,,,,,,否,SharedAsset,/ModularGameVFX/Textures/PetalsAura/T_PeachPetal_06_BC,/ModularGameVFX/ModularGameVFXLibrary/00_Core/Textures/PetalsAura/T_PeachPetal_06_BC,已迁移（migration_complete.json）；旧路径已移除
00_Core,Texture2D,T_VFX_Portal_Depth_01,T_VFX_Portal_Depth_01,,,,,,,,,,否,SharedAsset,/ModularGameVFX/Textures/CH10_PortalTeleport/T_VFX_Portal_Depth_01,/ModularGameVFX/ModularGameVFXLibrary/00_Core/Textures/PortalTeleport/T_VFX_Portal_Depth_01,已迁移（migration_complete.json）；旧路径已移除
00_Core,Texture2D,T_VFX_Portal_Dissolve_01,T_VFX_Portal_Dissolve_01,,,,,,,,,,否,SharedAsset,/ModularGameVFX/Textures/CH10_PortalTeleport/T_VFX_Portal_Dissolve_01,/ModularGameVFX/ModularGameVFXLibrary/00_Core/Textures/PortalTeleport/T_VFX_Portal_Dissolve_01,已迁移（migration_complete.json）；旧路径已移除
00_Core,Texture2D,T_VFX_Portal_Distortion_01,T_VFX_Portal_Distortion_01,,,,,,,,,,否,SharedAsset,/ModularGameVFX/Textures/CH10_PortalTeleport/T_VFX_Portal_Distortion_01,/ModularGameVFX/ModularGameVFXLibrary/00_Core/Textures/PortalTeleport/T_VFX_Portal_Distortion_01,已迁移（migration_complete.json）；旧路径已移除
00_Core,Texture2D,T_VFX_Portal_Distortion_02,T_VFX_Portal_Distortion_02,,,,,,,,,,否,SharedAsset,/ModularGameVFX/Textures/CH10_PortalTeleport/T_VFX_Portal_Distortion_02,/ModularGameVFX/ModularGameVFXLibrary/00_Core/Textures/PortalTeleport/T_VFX_Portal_Distortion_02,已迁移（migration_complete.json）；旧路径已移除
00_Core,Texture2D,T_VFX_Portal_EdgeNoise_01,T_VFX_Portal_EdgeNoise_01,,,,,,,,,,否,SharedAsset,/ModularGameVFX/Textures/CH10_PortalTeleport/T_VFX_Portal_EdgeNoise_01,/ModularGameVFX/ModularGameVFXLibrary/00_Core/Textures/PortalTeleport/T_VFX_Portal_EdgeNoise_01,已迁移（migration_complete.json）；旧路径已移除
00_Core,Texture2D,T_VFX_Portal_OuterRing_01,T_VFX_Portal_OuterRing_01,,,,,,,,,,否,SharedAsset,/ModularGameVFX/Textures/CH10_PortalTeleport/T_VFX_Portal_OuterRing_01,/ModularGameVFX/ModularGameVFXLibrary/00_Core/Textures/PortalTeleport/T_VFX_Portal_OuterRing_01,已迁移（migration_complete.json）；旧路径已移除
00_Core,Texture2D,T_VFX_Portal_RadialFlow_01,T_VFX_Portal_RadialFlow_01,,,,,,,,,,否,SharedAsset,/ModularGameVFX/Textures/CH10_PortalTeleport/T_VFX_Portal_RadialFlow_01,/ModularGameVFX/ModularGameVFXLibrary/00_Core/Textures/PortalTeleport/T_VFX_Portal_RadialFlow_01,已迁移（migration_complete.json）；旧路径已移除
00_Core,Texture2D,T_VFX_Portal_Ripple_01,T_VFX_Portal_Ripple_01,,,,,,,,,,否,SharedAsset,/ModularGameVFX/Textures/CH10_PortalTeleport/T_VFX_Portal_Ripple_01,/ModularGameVFX/ModularGameVFXLibrary/00_Core/Textures/PortalTeleport/T_VFX_Portal_Ripple_01,已迁移（migration_complete.json）；旧路径已移除
00_Core,Texture2D,T_VFX_Portal_SurfaceNoise_01,T_VFX_Portal_SurfaceNoise_01,,,,,,,,,,否,SharedAsset,/ModularGameVFX/Textures/CH10_PortalTeleport/T_VFX_Portal_SurfaceNoise_01,/ModularGameVFX/ModularGameVFXLibrary/00_Core/Textures/PortalTeleport/T_VFX_Portal_SurfaceNoise_01,已迁移（migration_complete.json）；旧路径已移除
00_Core,Texture2D,T_VFX_Portal_SurfaceNoise_02,T_VFX_Portal_SurfaceNoise_02,,,,,,,,,,否,SharedAsset,/ModularGameVFX/Textures/CH10_PortalTeleport/T_VFX_Portal_SurfaceNoise_02,/ModularGameVFX/ModularGameVFXLibrary/00_Core/Textures/PortalTeleport/T_VFX_Portal_SurfaceNoise_02,已迁移（migration_complete.json）；旧路径已移除
00_Core,Texture2D,T_VFX_Portal_Vortex_01,T_VFX_Portal_Vortex_01,,,,,,,,,,否,SharedAsset,/ModularGameVFX/Textures/CH10_PortalTeleport/T_VFX_Portal_Vortex_01,/ModularGameVFX/ModularGameVFXLibrary/00_Core/Textures/PortalTeleport/T_VFX_Portal_Vortex_01,已迁移（migration_complete.json）；旧路径已移除
00_Core,Texture2D,T_VFX_Portal_Vortex_02,T_VFX_Portal_Vortex_02,,,,,,,,,,否,SharedAsset,/ModularGameVFX/Textures/CH10_PortalTeleport/T_VFX_Portal_Vortex_02,/ModularGameVFX/ModularGameVFXLibrary/00_Core/Textures/PortalTeleport/T_VFX_Portal_Vortex_02,已迁移（migration_complete.json）；旧路径已移除
00_Core,Texture2D,T_VFX_Teleport_Afterimage_01,T_VFX_Teleport_Afterimage_01,,,,,,,,,,否,SharedAsset,/ModularGameVFX/Textures/CH10_PortalTeleport/T_VFX_Teleport_Afterimage_01,/ModularGameVFX/ModularGameVFXLibrary/00_Core/Textures/PortalTeleport/T_VFX_Teleport_Afterimage_01,已迁移（migration_complete.json）；旧路径已移除
00_Core,Texture2D,T_VFX_Teleport_DissolveNoise_01,T_VFX_Teleport_DissolveNoise_01,,,,,,,,,,否,SharedAsset,/ModularGameVFX/Textures/CH10_PortalTeleport/T_VFX_Teleport_DissolveNoise_01,/ModularGameVFX/ModularGameVFXLibrary/00_Core/Textures/PortalTeleport/T_VFX_Teleport_DissolveNoise_01,已迁移（migration_complete.json）；旧路径已移除
00_Core,Texture2D,T_VFX_Teleport_LineMask_01,T_VFX_Teleport_LineMask_01,,,,,,,,,,否,SharedAsset,/ModularGameVFX/Textures/CH10_PortalTeleport/T_VFX_Teleport_LineMask_01,/ModularGameVFX/ModularGameVFXLibrary/00_Core/Textures/PortalTeleport/T_VFX_Teleport_LineMask_01,已迁移（migration_complete.json）；旧路径已移除
00_Core,Texture2D,T_VFX_Trail_Broken_01,T_VFX_Trail_Broken_01,,,,,,,,,,否,SharedAsset,/ModularGameVFX/Textures/CH05_ProjectileTrail/T_VFX_Trail_Broken_01,/ModularGameVFX/ModularGameVFXLibrary/00_Core/Textures/ProjectileTrail/T_VFX_Trail_Broken_01,已迁移（migration_complete.json）；旧路径已移除
00_Core,Texture2D,T_VFX_Trail_Core_01,T_VFX_Trail_Core_01,,,,,,,,,,否,SharedAsset,/ModularGameVFX/Textures/CH05_ProjectileTrail/T_VFX_Trail_Core_01,/ModularGameVFX/ModularGameVFXLibrary/00_Core/Textures/ProjectileTrail/T_VFX_Trail_Core_01,已迁移（migration_complete.json）；旧路径已移除
00_Core,Texture2D,T_VFX_Trail_EdgeNoise_01,T_VFX_Trail_EdgeNoise_01,,,,,,,,,,否,SharedAsset,/ModularGameVFX/Textures/CH05_ProjectileTrail/T_VFX_Trail_EdgeNoise_01,/ModularGameVFX/ModularGameVFXLibrary/00_Core/Textures/ProjectileTrail/T_VFX_Trail_EdgeNoise_01,已迁移（migration_complete.json）；旧路径已移除
00_Core,Texture2D,T_VFX_Trail_Flow_01,T_VFX_Trail_Flow_01,,,,,,,,,,否,SharedAsset,/ModularGameVFX/Textures/CH05_ProjectileTrail/T_VFX_Trail_Flow_01,/ModularGameVFX/ModularGameVFXLibrary/00_Core/Textures/ProjectileTrail/T_VFX_Trail_Flow_01,已迁移（migration_complete.json）；旧路径已移除
00_Core,Texture2D,T_VFX_Trail_Flow_02,T_VFX_Trail_Flow_02,,,,,,,,,,否,SharedAsset,/ModularGameVFX/Textures/CH05_ProjectileTrail/T_VFX_Trail_Flow_02,/ModularGameVFX/ModularGameVFXLibrary/00_Core/Textures/ProjectileTrail/T_VFX_Trail_Flow_02,已迁移（migration_complete.json）；旧路径已移除
00_Core,Texture2D,T_VFX_Trail_Gradient_01,T_VFX_Trail_Gradient_01,,,,,,,,,,否,SharedAsset,/ModularGameVFX/Textures/CH05_ProjectileTrail/T_VFX_Trail_Gradient_01,/ModularGameVFX/ModularGameVFXLibrary/00_Core/Textures/ProjectileTrail/T_VFX_Trail_Gradient_01,已迁移（migration_complete.json）；旧路径已移除
00_Core,Texture2D,T_VFX_Trail_Noise_01,T_VFX_Trail_Noise_01,,,,,,,,,,否,SharedAsset,/ModularGameVFX/Textures/CH05_ProjectileTrail/T_VFX_Trail_Noise_01,/ModularGameVFX/ModularGameVFXLibrary/00_Core/Textures/ProjectileTrail/T_VFX_Trail_Noise_01,已迁移（migration_complete.json）；旧路径已移除
00_Core,Texture2D,T_VFX_Trail_Noise_02,T_VFX_Trail_Noise_02,,,,,,,,,,否,SharedAsset,/ModularGameVFX/Textures/CH05_ProjectileTrail/T_VFX_Trail_Noise_02,/ModularGameVFX/ModularGameVFXLibrary/00_Core/Textures/ProjectileTrail/T_VFX_Trail_Noise_02,已迁移（migration_complete.json）；旧路径已移除
00_Core,Texture2D,T_VFX_Trail_Sharp_01,T_VFX_Trail_Sharp_01,,,,,,,,,,否,SharedAsset,/ModularGameVFX/Textures/CH05_ProjectileTrail/T_VFX_Trail_Sharp_01,/ModularGameVFX/ModularGameVFXLibrary/00_Core/Textures/ProjectileTrail/T_VFX_Trail_Sharp_01,已迁移（migration_complete.json）；旧路径已移除
00_Core,Texture2D,T_VFX_Trail_Soft_01,T_VFX_Trail_Soft_01,,,,,,,,,,否,SharedAsset,/ModularGameVFX/Textures/CH05_ProjectileTrail/T_VFX_Trail_Soft_01,/ModularGameVFX/ModularGameVFXLibrary/00_Core/Textures/ProjectileTrail/T_VFX_Trail_Soft_01,已迁移（migration_complete.json）；旧路径已移除
00_Core,Texture2D,T_VFX_Corruption_01,T_VFX_Corruption_01,,,,,,,,,,否,SharedAsset,/ModularGameVFX/Textures/CH16_ShadowVoid/T_VFX_Corruption_01,/ModularGameVFX/ModularGameVFXLibrary/00_Core/Textures/ShadowVoid/T_VFX_Corruption_01,已迁移（migration_complete.json）；旧路径已移除
00_Core,Texture2D,T_VFX_Corruption_02,T_VFX_Corruption_02,,,,,,,,,,否,SharedAsset,/ModularGameVFX/Textures/CH16_ShadowVoid/T_VFX_Corruption_02,/ModularGameVFX/ModularGameVFXLibrary/00_Core/Textures/ShadowVoid/T_VFX_Corruption_02,已迁移（migration_complete.json）；旧路径已移除
00_Core,Texture2D,T_VFX_Corruption_Veins_01,T_VFX_Corruption_Veins_01,,,,,,,,,,否,SharedAsset,/ModularGameVFX/Textures/CH16_ShadowVoid/T_VFX_Corruption_Veins_01,/ModularGameVFX/ModularGameVFXLibrary/00_Core/Textures/ShadowVoid/T_VFX_Corruption_Veins_01,已迁移（migration_complete.json）；旧路径已移除
00_Core,Texture2D,T_VFX_Corruption_Veins_02,T_VFX_Corruption_Veins_02,,,,,,,,,,否,SharedAsset,/ModularGameVFX/Textures/CH16_ShadowVoid/T_VFX_Corruption_Veins_02,/ModularGameVFX/ModularGameVFXLibrary/00_Core/Textures/ShadowVoid/T_VFX_Corruption_Veins_02,已迁移（migration_complete.json）；旧路径已移除
00_Core,Texture2D,T_VFX_Shadow_Mote_01,T_VFX_Shadow_Mote_01,,,,,,,,,,否,SharedAsset,/ModularGameVFX/Textures/CH16_ShadowVoid/T_VFX_Shadow_Mote_01,/ModularGameVFX/ModularGameVFXLibrary/00_Core/Textures/ShadowVoid/T_VFX_Shadow_Mote_01,已迁移（migration_complete.json）；旧路径已移除
00_Core,Texture2D,T_VFX_Shadow_Noise_01,T_VFX_Shadow_Noise_01,,,,,,,,,,否,SharedAsset,/ModularGameVFX/Textures/CH16_ShadowVoid/T_VFX_Shadow_Noise_01,/ModularGameVFX/ModularGameVFXLibrary/00_Core/Textures/ShadowVoid/T_VFX_Shadow_Noise_01,已迁移（migration_complete.json）；旧路径已移除
00_Core,Texture2D,T_VFX_Shadow_Noise_02,T_VFX_Shadow_Noise_02,,,,,,,,,,否,SharedAsset,/ModularGameVFX/Textures/CH16_ShadowVoid/T_VFX_Shadow_Noise_02,/ModularGameVFX/ModularGameVFXLibrary/00_Core/Textures/ShadowVoid/T_VFX_Shadow_Noise_02,已迁移（migration_complete.json）；旧路径已移除
00_Core,Texture2D,T_VFX_Shadow_Smoke_01,T_VFX_Shadow_Smoke_01,,,,,,,,,,否,SharedAsset,/ModularGameVFX/Textures/CH16_ShadowVoid/T_VFX_Shadow_Smoke_01,/ModularGameVFX/ModularGameVFXLibrary/00_Core/Textures/ShadowVoid/T_VFX_Shadow_Smoke_01,已迁移（migration_complete.json）；旧路径已移除
00_Core,Texture2D,T_VFX_Shadow_Trail_01,T_VFX_Shadow_Trail_01,,,,,,,,,,否,SharedAsset,/ModularGameVFX/Textures/CH16_ShadowVoid/T_VFX_Shadow_Trail_01,/ModularGameVFX/ModularGameVFXLibrary/00_Core/Textures/ShadowVoid/T_VFX_Shadow_Trail_01,已迁移（migration_complete.json）；旧路径已移除
00_Core,Texture2D,T_VFX_Shadow_Wisp_01,T_VFX_Shadow_Wisp_01,,,,,,,,,,否,SharedAsset,/ModularGameVFX/Textures/CH16_ShadowVoid/T_VFX_Shadow_Wisp_01,/ModularGameVFX/ModularGameVFXLibrary/00_Core/Textures/ShadowVoid/T_VFX_Shadow_Wisp_01,已迁移（migration_complete.json）；旧路径已移除
00_Core,Texture2D,T_VFX_Soul_01,T_VFX_Soul_01,,,,,,,,,,否,SharedAsset,/ModularGameVFX/Textures/CH16_ShadowVoid/T_VFX_Soul_01,/ModularGameVFX/ModularGameVFXLibrary/00_Core/Textures/ShadowVoid/T_VFX_Soul_01,已迁移（migration_complete.json）；旧路径已移除
00_Core,Texture2D,T_VFX_Soul_02,T_VFX_Soul_02,,,,,,,,,,否,SharedAsset,/ModularGameVFX/Textures/CH16_ShadowVoid/T_VFX_Soul_02,/ModularGameVFX/ModularGameVFXLibrary/00_Core/Textures/ShadowVoid/T_VFX_Soul_02,已迁移（migration_complete.json）；旧路径已移除
00_Core,Texture2D,T_VFX_Void_Core_01,T_VFX_Void_Core_01,,,,,,,,,,否,SharedAsset,/ModularGameVFX/Textures/CH16_ShadowVoid/T_VFX_Void_Core_01,/ModularGameVFX/ModularGameVFXLibrary/00_Core/Textures/ShadowVoid/T_VFX_Void_Core_01,已迁移（migration_complete.json）；旧路径已移除
00_Core,Texture2D,T_VFX_Void_Dissolve_01,T_VFX_Void_Dissolve_01,,,,,,,,,,否,SharedAsset,/ModularGameVFX/Textures/CH16_ShadowVoid/T_VFX_Void_Dissolve_01,/ModularGameVFX/ModularGameVFXLibrary/00_Core/Textures/ShadowVoid/T_VFX_Void_Dissolve_01,已迁移（migration_complete.json）；旧路径已移除
00_Core,Texture2D,T_VFX_Void_Distortion_01,T_VFX_Void_Distortion_01,,,,,,,,,,否,SharedAsset,/ModularGameVFX/Textures/CH16_ShadowVoid/T_VFX_Void_Distortion_01,/ModularGameVFX/ModularGameVFXLibrary/00_Core/Textures/ShadowVoid/T_VFX_Void_Distortion_01,已迁移（migration_complete.json）；旧路径已移除
00_Core,Texture2D,T_VFX_Void_Noise_01,T_VFX_Void_Noise_01,,,,,,,,,,否,SharedAsset,/ModularGameVFX/Textures/CH16_ShadowVoid/T_VFX_Void_Noise_01,/ModularGameVFX/ModularGameVFXLibrary/00_Core/Textures/ShadowVoid/T_VFX_Void_Noise_01,已迁移（migration_complete.json）；旧路径已移除
00_Core,Texture2D,T_VFX_Void_Noise_02,T_VFX_Void_Noise_02,,,,,,,,,,否,SharedAsset,/ModularGameVFX/Textures/CH16_ShadowVoid/T_VFX_Void_Noise_02,/ModularGameVFX/ModularGameVFXLibrary/00_Core/Textures/ShadowVoid/T_VFX_Void_Noise_02,已迁移（migration_complete.json）；旧路径已移除
00_Core,Texture2D,T_VFX_Void_RadialFlow_01,T_VFX_Void_RadialFlow_01,,,,,,,,,,否,SharedAsset,/ModularGameVFX/Textures/CH16_ShadowVoid/T_VFX_Void_RadialFlow_01,/ModularGameVFX/ModularGameVFXLibrary/00_Core/Textures/ShadowVoid/T_VFX_Void_RadialFlow_01,已迁移（migration_complete.json）；旧路径已移除
00_Core,Texture2D,T_VFX_Void_RiftEdge_01,T_VFX_Void_RiftEdge_01,,,,,,,,,,否,SharedAsset,/ModularGameVFX/Textures/CH16_ShadowVoid/T_VFX_Void_RiftEdge_01,/ModularGameVFX/ModularGameVFXLibrary/00_Core/Textures/ShadowVoid/T_VFX_Void_RiftEdge_01,已迁移（migration_complete.json）；旧路径已移除
00_Core,Texture2D,T_VFX_Void_Rift_01,T_VFX_Void_Rift_01,,,,,,,,,,否,SharedAsset,/ModularGameVFX/Textures/CH16_ShadowVoid/T_VFX_Void_Rift_01,/ModularGameVFX/ModularGameVFXLibrary/00_Core/Textures/ShadowVoid/T_VFX_Void_Rift_01,已迁移（migration_complete.json）；旧路径已移除
00_Core,Texture2D,T_VFX_Void_TendrilFlow_01,T_VFX_Void_TendrilFlow_01,,,,,,,,,,否,SharedAsset,/ModularGameVFX/Textures/CH16_ShadowVoid/T_VFX_Void_TendrilFlow_01,/ModularGameVFX/ModularGameVFXLibrary/00_Core/Textures/ShadowVoid/T_VFX_Void_TendrilFlow_01,已迁移（migration_complete.json）；旧路径已移除
00_Core,Texture2D,T_VFX_Void_TendrilMask_01,T_VFX_Void_TendrilMask_01,,,,,,,,,,否,SharedAsset,/ModularGameVFX/Textures/CH16_ShadowVoid/T_VFX_Void_TendrilMask_01,/ModularGameVFX/ModularGameVFXLibrary/00_Core/Textures/ShadowVoid/T_VFX_Void_TendrilMask_01,已迁移（migration_complete.json）；旧路径已移除
00_Core,Texture2D,T_VFX_Void_Vortex_01,T_VFX_Void_Vortex_01,,,,,,,,,,否,SharedAsset,/ModularGameVFX/Textures/CH16_ShadowVoid/T_VFX_Void_Vortex_01,/ModularGameVFX/ModularGameVFXLibrary/00_Core/Textures/ShadowVoid/T_VFX_Void_Vortex_01,已迁移（migration_complete.json）；旧路径已移除
00_Core,Texture2D,T_VFX_Blood_Drop_01,T_VFX_Blood_Drop_01,,,,,,,,,,否,SharedAsset,/ModularGameVFX/Textures/CH20_Status/T_VFX_Blood_Drop_01,/ModularGameVFX/ModularGameVFXLibrary/00_Core/Textures/Status/T_VFX_Blood_Drop_01,已迁移（migration_complete.json）；旧路径已移除
00_Core,Texture2D,T_VFX_Blood_Mark_01,T_VFX_Blood_Mark_01,,,,,,,,,,否,SharedAsset,/ModularGameVFX/Textures/CH20_Status/T_VFX_Blood_Mark_01,/ModularGameVFX/ModularGameVFXLibrary/00_Core/Textures/Status/T_VFX_Blood_Mark_01,已迁移（migration_complete.json）；旧路径已移除
00_Core,Texture2D,T_VFX_Blood_Slash_01,T_VFX_Blood_Slash_01,,,,,,,,,,否,SharedAsset,/ModularGameVFX/Textures/CH20_Status/T_VFX_Blood_Slash_01,/ModularGameVFX/ModularGameVFXLibrary/00_Core/Textures/Status/T_VFX_Blood_Slash_01,已迁移（migration_complete.json）；旧路径已移除
00_Core,Texture2D,T_VFX_Blood_Splash_01,T_VFX_Blood_Splash_01,,,,,,,,,,否,SharedAsset,/ModularGameVFX/Textures/CH20_Status/T_VFX_Blood_Splash_01,/ModularGameVFX/ModularGameVFXLibrary/00_Core/Textures/Status/T_VFX_Blood_Splash_01,已迁移（migration_complete.json）；旧路径已移除
00_Core,Texture2D,T_VFX_Poison_Bubble_01,T_VFX_Poison_Bubble_01,,,,,,,,,,否,SharedAsset,/ModularGameVFX/Textures/CH20_Status/T_VFX_Poison_Bubble_01,/ModularGameVFX/ModularGameVFXLibrary/00_Core/Textures/Status/T_VFX_Poison_Bubble_01,已迁移（migration_complete.json）；旧路径已移除
00_Core,Texture2D,T_VFX_Poison_Drop_01,T_VFX_Poison_Drop_01,,,,,,,,,,否,SharedAsset,/ModularGameVFX/Textures/CH20_Status/T_VFX_Poison_Drop_01,/ModularGameVFX/ModularGameVFXLibrary/00_Core/Textures/Status/T_VFX_Poison_Drop_01,已迁移（migration_complete.json）；旧路径已移除
00_Core,Texture2D,T_VFX_Poison_Gas_01,T_VFX_Poison_Gas_01,,,,,,,,,,否,SharedAsset,/ModularGameVFX/Textures/CH20_Status/T_VFX_Poison_Gas_01,/ModularGameVFX/ModularGameVFXLibrary/00_Core/Textures/Status/T_VFX_Poison_Gas_01,已迁移（migration_complete.json）；旧路径已移除
00_Core,Texture2D,T_VFX_Poison_Noise_01,T_VFX_Poison_Noise_01,,,,,,,,,,否,SharedAsset,/ModularGameVFX/Textures/CH20_Status/T_VFX_Poison_Noise_01,/ModularGameVFX/ModularGameVFXLibrary/00_Core/Textures/Status/T_VFX_Poison_Noise_01,已迁移（migration_complete.json）；旧路径已移除
00_Core,Texture2D,T_VFX_Poison_Vein_01,T_VFX_Poison_Vein_01,,,,,,,,,,否,SharedAsset,/ModularGameVFX/Textures/CH20_Status/T_VFX_Poison_Vein_01,/ModularGameVFX/ModularGameVFXLibrary/00_Core/Textures/Status/T_VFX_Poison_Vein_01,已迁移（migration_complete.json）；旧路径已移除
00_Core,Texture2D,T_VFX_Status_CurseNoise_01,T_VFX_Status_CurseNoise_01,,,,,,,,,,否,SharedAsset,/ModularGameVFX/Textures/CH20_Status/T_VFX_Status_CurseNoise_01,/ModularGameVFX/ModularGameVFXLibrary/00_Core/Textures/Status/T_VFX_Status_CurseNoise_01,已迁移（migration_complete.json）；旧路径已移除
00_Core,Texture2D,T_VFX_Status_CurseRune_01,T_VFX_Status_CurseRune_01,,,,,,,,,,否,SharedAsset,/ModularGameVFX/Textures/CH20_Status/T_VFX_Status_CurseRune_01,/ModularGameVFX/ModularGameVFXLibrary/00_Core/Textures/Status/T_VFX_Status_CurseRune_01,已迁移（migration_complete.json）；旧路径已移除
00_Core,Texture2D,T_VFX_Status_ElectricArc_01,T_VFX_Status_ElectricArc_01,,,,,,,,,,否,SharedAsset,/ModularGameVFX/Textures/CH20_Status/T_VFX_Status_ElectricArc_01,/ModularGameVFX/ModularGameVFXLibrary/00_Core/Textures/Status/T_VFX_Status_ElectricArc_01,已迁移（migration_complete.json）；旧路径已移除
00_Core,Texture2D,T_VFX_Status_FearSymbol_01,T_VFX_Status_FearSymbol_01,,,,,,,,,,否,SharedAsset,/ModularGameVFX/Textures/CH20_Status/T_VFX_Status_FearSymbol_01,/ModularGameVFX/ModularGameVFXLibrary/00_Core/Textures/Status/T_VFX_Status_FearSymbol_01,已迁移（migration_complete.json）；旧路径已移除
00_Core,Texture2D,T_VFX_Status_FearWisp_01,T_VFX_Status_FearWisp_01,,,,,,,,,,否,SharedAsset,/ModularGameVFX/Textures/CH20_Status/T_VFX_Status_FearWisp_01,/ModularGameVFX/ModularGameVFXLibrary/00_Core/Textures/Status/T_VFX_Status_FearWisp_01,已迁移（migration_complete.json）；旧路径已移除
00_Core,Texture2D,T_VFX_Status_LockRune_01,T_VFX_Status_LockRune_01,,,,,,,,,,否,SharedAsset,/ModularGameVFX/Textures/CH20_Status/T_VFX_Status_LockRune_01,/ModularGameVFX/ModularGameVFXLibrary/00_Core/Textures/Status/T_VFX_Status_LockRune_01,已迁移（migration_complete.json）；旧路径已移除
00_Core,Texture2D,T_VFX_Status_SilenceRune_01,T_VFX_Status_SilenceRune_01,,,,,,,,,,否,SharedAsset,/ModularGameVFX/Textures/CH20_Status/T_VFX_Status_SilenceRune_01,/ModularGameVFX/ModularGameVFXLibrary/00_Core/Textures/Status/T_VFX_Status_SilenceRune_01,已迁移（migration_complete.json）；旧路径已移除
00_Core,Texture2D,T_VFX_Status_StunRing_01,T_VFX_Status_StunRing_01,,,,,,,,,,否,SharedAsset,/ModularGameVFX/Textures/CH20_Status/T_VFX_Status_StunRing_01,/ModularGameVFX/ModularGameVFXLibrary/00_Core/Textures/Status/T_VFX_Status_StunRing_01,已迁移（migration_complete.json）；旧路径已移除
00_Core,Texture2D,T_VFX_Status_StunStar_01,T_VFX_Status_StunStar_01,,,,,,,,,,否,SharedAsset,/ModularGameVFX/Textures/CH20_Status/T_VFX_Status_StunStar_01,/ModularGameVFX/ModularGameVFXLibrary/00_Core/Textures/Status/T_VFX_Status_StunStar_01,已迁移（migration_complete.json）；旧路径已移除
00_Core,Texture2D,T_VFX_Status_SymbolAtlas_01,T_VFX_Status_SymbolAtlas_01,,,,,,,,,,否,SharedAsset,/ModularGameVFX/Textures/CH20_Status/T_VFX_Status_SymbolAtlas_01,/ModularGameVFX/ModularGameVFXLibrary/00_Core/Textures/Status/T_VFX_Status_SymbolAtlas_01,已迁移（migration_complete.json）；旧路径已移除
00_Core,Texture2D,T_VFX_Summon_Cloud_01,T_VFX_Summon_Cloud_01,,,,,,,,,,否,SharedAsset,/ModularGameVFX/Textures/CH09_Summoning/T_VFX_Summon_Cloud_01,/ModularGameVFX/ModularGameVFXLibrary/00_Core/Textures/Summoning/T_VFX_Summon_Cloud_01,已迁移（migration_complete.json）；旧路径已移除
00_Core,Texture2D,T_VFX_Summon_DissolveEdge_01,T_VFX_Summon_DissolveEdge_01,,,,,,,,,,否,SharedAsset,/ModularGameVFX/Textures/CH09_Summoning/T_VFX_Summon_DissolveEdge_01,/ModularGameVFX/ModularGameVFXLibrary/00_Core/Textures/Summoning/T_VFX_Summon_DissolveEdge_01,已迁移（migration_complete.json）；旧路径已移除
00_Core,Texture2D,T_VFX_Summon_DissolveNoise_01,T_VFX_Summon_DissolveNoise_01,,,,,,,,,,否,SharedAsset,/ModularGameVFX/Textures/CH09_Summoning/T_VFX_Summon_DissolveNoise_01,/ModularGameVFX/ModularGameVFXLibrary/00_Core/Textures/Summoning/T_VFX_Summon_DissolveNoise_01,已迁移（migration_complete.json）；旧路径已移除
00_Core,Texture2D,T_VFX_Summon_Gather_01,T_VFX_Summon_Gather_01,,,,,,,,,,否,SharedAsset,/ModularGameVFX/Textures/CH09_Summoning/T_VFX_Summon_Gather_01,/ModularGameVFX/ModularGameVFXLibrary/00_Core/Textures/Summoning/T_VFX_Summon_Gather_01,已迁移（migration_complete.json）；旧路径已移除
00_Core,Texture2D,T_VFX_Summon_GroundResidual_01,T_VFX_Summon_GroundResidual_01,,,,,,,,,,否,SharedAsset,/ModularGameVFX/Textures/CH09_Summoning/T_VFX_Summon_GroundResidual_01,/ModularGameVFX/ModularGameVFXLibrary/00_Core/Textures/Summoning/T_VFX_Summon_GroundResidual_01,已迁移（migration_complete.json）；旧路径已移除
00_Core,Texture2D,T_VFX_Summon_LightColumn_01,T_VFX_Summon_LightColumn_01,,,,,,,,,,否,SharedAsset,/ModularGameVFX/Textures/CH09_Summoning/T_VFX_Summon_LightColumn_01,/ModularGameVFX/ModularGameVFXLibrary/00_Core/Textures/Summoning/T_VFX_Summon_LightColumn_01,已迁移（migration_complete.json）；旧路径已移除
00_Core,Texture2D,T_VFX_Summon_SilhouetteNoise_01,T_VFX_Summon_SilhouetteNoise_01,,,,,,,,,,否,SharedAsset,/ModularGameVFX/Textures/CH09_Summoning/T_VFX_Summon_SilhouetteNoise_01,/ModularGameVFX/ModularGameVFXLibrary/00_Core/Textures/Summoning/T_VFX_Summon_SilhouetteNoise_01,已迁移（migration_complete.json）；旧路径已移除
00_Core,Texture2D,T_VFX_Summon_VerticalMask_01,T_VFX_Summon_VerticalMask_01,,,,,,,,,,否,SharedAsset,/ModularGameVFX/Textures/CH09_Summoning/T_VFX_Summon_VerticalMask_01,/ModularGameVFX/ModularGameVFXLibrary/00_Core/Textures/Summoning/T_VFX_Summon_VerticalMask_01,已迁移（migration_complete.json）；旧路径已移除
00_Core,Texture2D,T_VFX_WeaponTrail_Edge_01,T_VFX_WeaponTrail_Edge_01,,,,,,,,,,否,SharedAsset,/ModularGameVFX/Textures/CH21_WeaponEnchant/T_VFX_WeaponTrail_Edge_01,/ModularGameVFX/ModularGameVFXLibrary/00_Core/Textures/WeaponEnchant/T_VFX_WeaponTrail_Edge_01,已迁移（migration_complete.json）；旧路径已移除
00_Core,Texture2D,T_VFX_WeaponTrail_Flow_01,T_VFX_WeaponTrail_Flow_01,,,,,,,,,,否,SharedAsset,/ModularGameVFX/Textures/CH21_WeaponEnchant/T_VFX_WeaponTrail_Flow_01,/ModularGameVFX/ModularGameVFXLibrary/00_Core/Textures/WeaponEnchant/T_VFX_WeaponTrail_Flow_01,已迁移（migration_complete.json）；旧路径已移除
00_Core,Texture2D,T_VFX_WeaponTrail_Slash_01,T_VFX_WeaponTrail_Slash_01,,,,,,,,,,否,SharedAsset,/ModularGameVFX/Textures/CH21_WeaponEnchant/T_VFX_WeaponTrail_Slash_01,/ModularGameVFX/ModularGameVFXLibrary/00_Core/Textures/WeaponEnchant/T_VFX_WeaponTrail_Slash_01,已迁移（migration_complete.json）；旧路径已移除
00_Core,Texture2D,T_VFX_Weapon_EnchantMask_01,T_VFX_Weapon_EnchantMask_01,,,,,,,,,,否,SharedAsset,/ModularGameVFX/Textures/CH21_WeaponEnchant/T_VFX_Weapon_EnchantMask_01,/ModularGameVFX/ModularGameVFXLibrary/00_Core/Textures/WeaponEnchant/T_VFX_Weapon_EnchantMask_01,已迁移（migration_complete.json）；旧路径已移除
01_Cast,NiagaraSystem,早期蓄能球,NS_Energy_ChargeOrb_Legacy,MGVFX-LIB-CORE-ENERGY-001,MVFX-LIB-CH03-001,VFX.Cast.Energy.EnergyOrbLegacy,Energy,Orb,Combat,OneShot,Combat,ET_VFX_Combat（建议策略，未绑定）,否,Prototype_RequiresValidation,/ModularGameVFX/Niagara/CH03_EnergyOrb/Systems/NS_VFX_CH03_EnergyOrb,/ModularGameVFX/ModularGameVFXLibrary/01_Cast/Legacy/NS_Energy_ChargeOrb_Legacy,已迁移（migration_complete.json）；旧路径已移除
01_Cast,NiagaraSystem,早期寒冰箭蓄力,NS_Ice_FrostboltCharge_Legacy,MGVFX-LIB-CAST-ICE-001,MVFX-LIB-CH15-002,VFX.Cast.Ice.FrostboltChargeLegacy,Ice,Orb,Combat,OneShot,Combat,ET_VFX_Combat（建议策略，未绑定）,否,Prototype_RequiresValidation,/ModularGameVFX/Niagara/CH15_FrostIce/Systems/NS_VFX_Frostbolt_Charge,/ModularGameVFX/ModularGameVFXLibrary/01_Cast/Legacy/NS_Ice_FrostboltCharge_Legacy,已迁移（migration_complete.json）；旧路径已移除
01_Cast,NiagaraSystem,奥术飞弹·引导,NS_Arcane_Missiles_Channel,MGVFX-CAST-ARCANE-MISSILES-CHANNEL,MVFX-ARCANE-001-CHANNEL,VFX.Cast.Arcane.MissilesChannel,Arcane,Orb,Combat,OneShot,Combat,ET_VFX_Combat,是,Registered_Review,/ModularGameVFX/Effects/Arcane/Niagara/Systems/NS_ArcaneMissiles_Channel,/ModularGameVFX/ModularGameVFXLibrary/01_Cast/NS_Arcane_Missiles_Channel,已迁移（migration_complete.json）；旧路径已移除
01_Cast,NiagaraSystem,火球术·蓄力,NS_Fire_Fireball_Charge,MGVFX-CAST-FIRE-FIREBALL-CHARGE,MVFX-FIRE-001-CAST,VFX.Cast.Fire.FireballCharge,Fire,Orb,Combat,OneShot,Combat,ET_VFX_Combat,是,Registered_Review,/ModularGameVFX/Effects/Fire/Niagara/Systems/NS_Fireball_CastCharge,/ModularGameVFX/ModularGameVFXLibrary/01_Cast/NS_Fire_Fireball_Charge,已迁移（migration_complete.json）；旧路径已移除
01_Cast,NiagaraSystem,寒冰箭·蓄力,NS_Ice_Frostbolt_Charge,MGVFX-CAST-ICE-FROSTBOLT-CHARGE,MVFX-FROST-001-CAST,VFX.Cast.Ice.FrostboltCharge,Ice,Orb,Combat,OneShot,Combat,ET_VFX_Combat,是,Registered_Review,/ModularGameVFX/Effects/Frost/Niagara/Systems/NS_Frostbolt_CastCharge,/ModularGameVFX/ModularGameVFXLibrary/01_Cast/NS_Ice_Frostbolt_Charge,已迁移（migration_complete.json）；旧路径已移除
02_Projectile,NiagaraSystem,早期魔法弹体,NS_Energy_Projectile_Legacy,MGVFX-LIB-PROJECTILE-001,MVFX-LIB-CH04-001,VFX.Projectile.Energy.MagicProjectileLegacy,Energy,Orb,Combat,Attached,Combat,ET_VFX_Combat（建议策略，未绑定）,否,Prototype_RequiresValidation,/ModularGameVFX/Niagara/CH04_MagicProjectile/Systems/NS_VFX_CH04_MagicProjectile,/ModularGameVFX/ModularGameVFXLibrary/02_Projectile/Legacy/NS_Energy_Projectile_Legacy,已迁移（migration_complete.json）；旧路径已移除
02_Projectile,NiagaraSystem,早期寒冰箭弹体,NS_Ice_FrostboltProjectile_Legacy,MGVFX-LIB-PROJECTILE-ICE-001,MVFX-LIB-CH15-004,VFX.Projectile.Ice.FrostboltLegacy,Ice,Orb,Combat,Attached,Combat,ET_VFX_Combat（建议策略，未绑定）,否,Prototype_RequiresValidation,/ModularGameVFX/Niagara/CH15_FrostIce/Systems/NS_VFX_Frostbolt_Projectile,/ModularGameVFX/ModularGameVFXLibrary/02_Projectile/Legacy/NS_Ice_FrostboltProjectile_Legacy,已迁移（migration_complete.json）；旧路径已移除
02_Projectile,NiagaraSystem,奥术飞弹·弹体,NS_Arcane_Missiles_Projectile,MGVFX-PROJECTILE-ARCANE-MISSILE,MVFX-ARCANE-001-PROJ,VFX.Projectile.Arcane.Missiles,Arcane,Orb,Combat,Attached,Combat,ET_VFX_Combat,是,Registered_Review,/ModularGameVFX/Effects/Arcane/Niagara/Systems/NS_ArcaneMissiles_Projectile,/ModularGameVFX/ModularGameVFXLibrary/02_Projectile/NS_Arcane_Missiles_Projectile,已迁移（migration_complete.json）；旧路径已移除
02_Projectile,NiagaraSystem,火球术·弹体,NS_Fire_Fireball_Projectile,MGVFX-PROJECTILE-FIRE-FIREBALL,MVFX-FIRE-001-PROJ,VFX.Projectile.Fire.Fireball,Fire,Orb,Combat,Attached,Combat,ET_VFX_Combat,是,Registered_Review,/ModularGameVFX/Effects/Fire/Niagara/Systems/NS_Fireball_Projectile,/ModularGameVFX/ModularGameVFXLibrary/02_Projectile/NS_Fire_Fireball_Projectile,已迁移（migration_complete.json）；旧路径已移除
02_Projectile,NiagaraSystem,寒冰箭·弹体,NS_Ice_Frostbolt_Projectile,MGVFX-PROJECTILE-ICE-FROSTBOLT,MVFX-FROST-001-PROJ,VFX.Projectile.Ice.Frostbolt,Ice,Orb,Combat,Attached,Combat,ET_VFX_Combat,是,Registered_Review,/ModularGameVFX/Effects/Frost/Niagara/Systems/NS_Frostbolt_Projectile,/ModularGameVFX/ModularGameVFXLibrary/02_Projectile/NS_Ice_Frostbolt_Projectile,已迁移（migration_complete.json）；旧路径已移除
03_Trail,NiagaraSystem,早期弹体尾迹,NS_Energy_ProjectileTrail_Legacy,MGVFX-LIB-TRAIL-001,MVFX-LIB-CH05-001,VFX.Trail.Energy.ProjectileTrailLegacy,Energy,Trail,Combat,Attached,Combat,ET_VFX_Combat（建议策略，未绑定）,否,Prototype_RequiresValidation,/ModularGameVFX/Niagara/CH05_ProjectileTrail/Systems/NS_VFX_CH05_ProjectileTrail,/ModularGameVFX/ModularGameVFXLibrary/03_Trail/Legacy/NS_Energy_ProjectileTrail_Legacy,已迁移（migration_complete.json）；旧路径已移除
04_Beam,NiagaraSystem,早期魔法光束,NS_Energy_Beam_Legacy,MGVFX-LIB-BEAM-001,MVFX-LIB-CH12-001,VFX.Beam.Energy.MagicBeamLegacy,Energy,Beam,Combat,OneShot,Combat,ET_VFX_Combat（建议策略，未绑定）,否,Prototype_RequiresValidation,/ModularGameVFX/Niagara/CH12_MagicBeam/Systems/NS_VFX_CH12_MagicBeam,/ModularGameVFX/ModularGameVFXLibrary/04_Beam/Legacy/NS_Energy_Beam_Legacy,已迁移（migration_complete.json）；旧路径已移除
04_Beam,NiagaraSystem,早期闪电,NS_Lightning_Bolt_Legacy,MGVFX-LIB-BEAM-LIGHTNING-002,MVFX-LIB-CH13-002,VFX.Beam.Lightning.BoltLegacy,Lightning,Beam,Combat,OneShot,Combat,ET_VFX_Combat（建议策略，未绑定）,否,Prototype_RequiresValidation,/ModularGameVFX/Niagara/CH13_Lightning/Systems/NS_VFX_CH13_Lightning,/ModularGameVFX/ModularGameVFXLibrary/04_Beam/Legacy/NS_Lightning_Bolt_Legacy,已迁移（migration_complete.json）；旧路径已移除
04_Beam,NiagaraSystem,早期雷链,NS_Lightning_Chain_Legacy,MGVFX-LIB-BEAM-LIGHTNING-001,MVFX-LIB-CH13-001,VFX.Beam.Lightning.ChainLegacy,Lightning,Beam,Combat,OneShot,Combat,ET_VFX_Combat（建议策略，未绑定）,否,Prototype_RequiresValidation,/ModularGameVFX/Niagara/CH13_Lightning/Systems/NS_VFX_CH13_ChainLightning,/ModularGameVFX/ModularGameVFXLibrary/04_Beam/Legacy/NS_Lightning_Chain_Legacy,已迁移（migration_complete.json）；旧路径已移除
05_Impact,NiagaraSystem,早期魔法命中,NS_Energy_Impact_Legacy,MGVFX-LIB-IMPACT-001,MVFX-LIB-CH06-001,VFX.Impact.Energy.MagicImpactLegacy,Energy,Burst,Combat,OneShot,Combat,ET_VFX_Combat（建议策略，未绑定）,否,Prototype_RequiresValidation,/ModularGameVFX/Niagara/CH06_MagicImpact/Systems/NS_VFX_CH06_MagicImpact,/ModularGameVFX/ModularGameVFXLibrary/05_Impact/Legacy/NS_Energy_Impact_Legacy,已迁移（migration_complete.json）；旧路径已移除
05_Impact,NiagaraSystem,早期火焰爆炸,NS_Fire_Explosion_Legacy,MGVFX-LIB-IMPACT-FIRE-001,MVFX-LIB-CH14-001,VFX.Impact.Fire.ExplosionLegacy,Fire,Explosion,Combat,OneShot,Combat,ET_VFX_Combat（建议策略，未绑定）,否,Prototype_RequiresValidation,/ModularGameVFX/Niagara/CH14_Fire/Systems/NS_VFX_CH14_Fire_Explosion,/ModularGameVFX/ModularGameVFXLibrary/05_Impact/Legacy/NS_Fire_Explosion_Legacy,已迁移（migration_complete.json）；旧路径已移除
05_Impact,NiagaraSystem,早期熔岩喷发,NS_Fire_LavaBurst_Legacy,MGVFX-LIB-IMPACT-FIRE-002,MVFX-LIB-CH14-003,VFX.Impact.Fire.LavaBurstLegacy,Fire,Burst,Combat,OneShot,Combat,ET_VFX_Combat（建议策略，未绑定）,否,Prototype_RequiresValidation,/ModularGameVFX/Niagara/CH14_Fire/Systems/NS_VFX_CH14_LavaBurst,/ModularGameVFX/ModularGameVFXLibrary/05_Impact/Legacy/NS_Fire_LavaBurst_Legacy,已迁移（migration_complete.json）；旧路径已移除
05_Impact,NiagaraSystem,早期寒冰箭命中,NS_Ice_FrostboltImpact_Legacy,MGVFX-LIB-IMPACT-ICE-001,MVFX-LIB-CH15-003,VFX.Impact.Ice.FrostboltLegacy,Ice,Burst,Combat,OneShot,Combat,ET_VFX_Combat（建议策略，未绑定）,否,Prototype_RequiresValidation,/ModularGameVFX/Niagara/CH15_FrostIce/Systems/NS_VFX_Frostbolt_Impact,/ModularGameVFX/ModularGameVFXLibrary/05_Impact/Legacy/NS_Ice_FrostboltImpact_Legacy,已迁移（migration_complete.json）；旧路径已移除
05_Impact,NiagaraSystem,奥术飞弹·命中,NS_Arcane_Missiles_Impact,MGVFX-IMPACT-ARCANE-MISSILE,MVFX-ARCANE-001-HIT,VFX.Impact.Arcane.Missiles,Arcane,Burst,Combat,OneShot,Combat,ET_VFX_Combat,是,Registered_Review,/ModularGameVFX/Effects/Arcane/Niagara/Systems/NS_ArcaneMissiles_Impact,/ModularGameVFX/ModularGameVFXLibrary/05_Impact/NS_Arcane_Missiles_Impact,已迁移（migration_complete.json）；旧路径已移除
05_Impact,NiagaraSystem,火焰·共用命中爆燃,NS_Fire_Impact_Burst,MGVFX-IMPACT-FIRE-BURST,MVFX-FIRE-SHARED-HIT,VFX.Impact.Fire.FireBurst,Fire,Explosion,Combat,OneShot,Combat,ET_VFX_Combat,是,Registered_Review,/ModularGameVFX/Effects/Fire/Niagara/Systems/NS_Fire_ImpactBurst,/ModularGameVFX/ModularGameVFXLibrary/05_Impact/NS_Fire_Impact_Burst,已迁移（migration_complete.json）；旧路径已移除
05_Impact,NiagaraSystem,寒冰箭·命中,NS_Ice_Frostbolt_Impact,MGVFX-IMPACT-ICE-FROSTBOLT,MVFX-FROST-001-HIT,VFX.Impact.Ice.Frostbolt,Ice,Burst,Combat,OneShot,Combat,ET_VFX_Combat,是,Registered_Review,/ModularGameVFX/Effects/Frost/Niagara/Systems/NS_Frostbolt_Impact,/ModularGameVFX/ModularGameVFXLibrary/05_Impact/NS_Ice_Frostbolt_Impact,已迁移（migration_complete.json）；旧路径已移除
06_Area,NiagaraSystem,早期地面范围,NS_Energy_GroundArea_Legacy,MGVFX-LIB-AREA-001,MVFX-LIB-CH07-001,VFX.Area.Energy.GroundAOELegacy,Energy,Field,Combat,OneShot,Combat,ET_VFX_Combat（建议策略，未绑定）,否,Prototype_RequiresValidation,/ModularGameVFX/Niagara/CH07_GroundAOE/Systems/NS_VFX_CH07_GroundAOE,/ModularGameVFX/ModularGameVFXLibrary/06_Area/Legacy/NS_Energy_GroundArea_Legacy,已迁移（migration_complete.json）；旧路径已移除
06_Area,NiagaraSystem,早期魔法阵,NS_Energy_MagicCircle_Legacy,MGVFX-LIB-AREA-002,MVFX-LIB-CH08-001,VFX.Area.Energy.MagicCircleLegacy,Energy,Circle,Combat,OneShot,Combat,ET_VFX_Combat（建议策略，未绑定）,否,Prototype_RequiresValidation,/ModularGameVFX/Niagara/CH08_MagicCircle/Systems/NS_VFX_CH08_MagicCircle,/ModularGameVFX/ModularGameVFXLibrary/06_Area/Legacy/NS_Energy_MagicCircle_Legacy,已迁移（migration_complete.json）；旧路径已移除
06_Area,NiagaraSystem,早期冰环,NS_Ice_FrostNova_Legacy,MGVFX-LIB-AREA-ICE-001,MVFX-LIB-CH15-001,VFX.Area.Ice.FrostNovaLegacy,Ice,Ring,Combat,OneShot,Combat,ET_VFX_Combat（建议策略，未绑定）,否,Prototype_RequiresValidation,/ModularGameVFX/Niagara/CH15_FrostIce/Systems/NS_VFX_FrostNova,/ModularGameVFX/ModularGameVFXLibrary/06_Area/Legacy/NS_Ice_FrostNova_Legacy,已迁移（migration_complete.json）；旧路径已移除
06_Area,NiagaraSystem,烈焰风暴·地面爆发,NS_Fire_Flamestrike_Area,MGVFX-AREA-FIRE-FLAMESTRIKE,MVFX-FIRE-003-GROUND,VFX.Area.Fire.Flamestrike,Fire,Column,Combat,OneShot,Combat,ET_VFX_Combat,是,Registered_Review,/ModularGameVFX/Effects/Fire/Niagara/Systems/NS_Flamestrike_GroundBurst,/ModularGameVFX/ModularGameVFXLibrary/06_Area/NS_Fire_Flamestrike_Area,已迁移（migration_complete.json）；旧路径已移除
06_Area,NiagaraSystem,冰环术·爆发,NS_Ice_FrostNova_Burst,MGVFX-AREA-ICE-FROSTNOVA,MVFX-FROST-002-BURST,VFX.Area.Ice.FrostNova,Ice,Ring,Combat,OneShot,Combat,ET_VFX_Combat,是,Registered_Review,/ModularGameVFX/Effects/Frost/Niagara/Systems/NS_FrostNova_Burst,/ModularGameVFX/ModularGameVFXLibrary/06_Area/NS_Ice_FrostNova_Burst,已迁移（migration_complete.json）；旧路径已移除
07_Status,Blueprint,BP_VFX_PetalsAura,BP_VFX_PetalsAura,,,,,,,,,,否,SharedAsset,/ModularGameVFX/Blueprints/PetalsAura/BP_VFX_PetalsAura,/ModularGameVFX/ModularGameVFXLibrary/07_Status/Legacy/Blueprints/BP_VFX_PetalsAura,已迁移（migration_complete.json）；旧路径已移除
07_Status,NiagaraSystem,早期魔法护盾,NS_Energy_Shield_Legacy,MGVFX-LIB-STATUS-001,MVFX-LIB-CH11-001,VFX.Status.Energy.ShieldLegacy,Energy,Orb,Combat,Persistent,Combat,ET_VFX_Combat（建议策略，未绑定）,否,Prototype_RequiresValidation,/ModularGameVFX/Niagara/CH11_MagicShield/Systems/NS_VFX_CH11_MagicShield,/ModularGameVFX/ModularGameVFXLibrary/07_Status/Legacy/NS_Energy_Shield_Legacy,已迁移（migration_complete.json）；旧路径已移除
07_Status,NiagaraSystem,早期花瓣光环,NS_Nature_PetalsAura_Legacy,MGVFX-LIB-STATUS-NATURE-001,MVFX-LIB-PETALSAURA-001,VFX.Status.Nature.PetalsAuraLegacy,Nature,Ring,Combat,Persistent,Combat,ET_VFX_Combat（建议策略，未绑定）,否,Prototype_RequiresValidation,/ModularGameVFX/Niagara/PetalsAura/NS_VFX_PetalsAura,/ModularGameVFX/ModularGameVFXLibrary/07_Status/Legacy/NS_Nature_PetalsAura_Legacy,已迁移（migration_complete.json）；旧路径已移除
07_Status,NiagaraSystem,花瓣光环·粉色/翡翠治疗共用,NS_Nature_PetalBloom_Aura,MGVFX-STATUS-NATURE-PETAL-AURA,MVFX-NATURE-SHARED-AURA,VFX.Status.Nature.PetalBloom,Nature,Ring,Combat,Persistent,Combat,ET_VFX_Combat,是,Registered_Review,/ModularGameVFX/Effects/Nature/Niagara/Systems/NS_PetalBloom_Aura,/ModularGameVFX/ModularGameVFXLibrary/07_Status/NS_Nature_PetalBloom_Aura,已迁移（migration_complete.json）；旧路径已移除
08_Space,NiagaraSystem,早期传送门,NS_Arcane_Portal_Legacy,MGVFX-LIB-SPACE-001,MVFX-LIB-CH10-001,VFX.Space.Arcane.PortalLegacy,Arcane,Portal,Combat,OneShot,Combat,ET_VFX_Combat（建议策略，未绑定）,否,Prototype_RequiresValidation,/ModularGameVFX/Niagara/CH10_PortalTeleport/Systems/NS_VFX_CH10_Portal,/ModularGameVFX/ModularGameVFXLibrary/08_Space/Legacy/NS_Arcane_Portal_Legacy,已迁移（migration_complete.json）；旧路径已移除
08_Space,NiagaraSystem,早期瞬移,NS_Arcane_Teleport_Legacy,MGVFX-LIB-SPACE-002,MVFX-LIB-CH10-002,VFX.Space.Arcane.TeleportLegacy,Arcane,Burst,Combat,OneShot,Combat,ET_VFX_Combat（建议策略，未绑定）,否,Prototype_RequiresValidation,/ModularGameVFX/Niagara/CH10_PortalTeleport/Systems/NS_VFX_CH10_Teleport,/ModularGameVFX/ModularGameVFXLibrary/08_Space/Legacy/NS_Arcane_Teleport_Legacy,已迁移（migration_complete.json）；旧路径已移除
09_Lifecycle,NiagaraSystem,早期召唤,NS_Energy_Summoning_Legacy,MGVFX-LIB-LIFECYCLE-001,MVFX-LIB-CH09-001,VFX.Lifecycle.Energy.SummoningLegacy,Energy,Column,Combat,OneShot,Combat,ET_VFX_Combat（建议策略，未绑定）,否,Prototype_RequiresValidation,/ModularGameVFX/Niagara/CH09_Summoning/Systems/NS_VFX_CH09_Summoning,/ModularGameVFX/ModularGameVFXLibrary/09_Lifecycle/Legacy/NS_Energy_Summoning_Legacy,已迁移（migration_complete.json）；旧路径已移除
11_World,NiagaraSystem,早期持续火焰,NS_Fire_Loop_Legacy,MGVFX-LIB-AREA-FIRE-001,MVFX-LIB-CH14-002,VFX.World.Fire.FireLoopLegacy,Fire,Field,World,Loop,Ambient,ET_VFX_Ambient（建议策略，未绑定）,否,Prototype_RequiresValidation,/ModularGameVFX/Niagara/CH14_Fire/Systems/NS_VFX_CH14_Fire_Loop,/ModularGameVFX/ModularGameVFXLibrary/11_World/Legacy/NS_Fire_Loop_Legacy,已迁移（migration_complete.json）；旧路径已移除
14_Indicator,NiagaraSystem,烈焰风暴·范围预警,NS_Fire_Flamestrike_Warning,MGVFX-INDICATOR-FIRE-FLAMESTRIKE,MVFX-FIRE-003-WARNING,VFX.Indicator.Fire.FlamestrikeWarning,Fire,Circle,Combat,OneShot,Critical,ET_VFX_Critical,是,Registered_Review,/ModularGameVFX/Effects/Fire/Niagara/Systems/NS_Flamestrike_GroundWarning,/ModularGameVFX/ModularGameVFXLibrary/14_Indicator/NS_Fire_Flamestrike_Warning,已迁移（migration_complete.json）；旧路径已移除
